order_id,order_date,category,unit_price,quantity,discount_pct,revenue,customer_age,customer_rating,region,payment_method,delivery_days
ORD104710,2023-07-28,Home & Kitchen,104.09,1,0,104.09,69,3.3,Central,Credit Card,6.0
ORD100691,2024-08-04,Electronics,258.67,2,0,517.34,60,3.3,Central,PayPal,8.0
ORD100065,2023-08-27,Clothing,43.91,4,5,166.84,20,,Central,Debit Card,6.0
ORD103426,2023-12-17,Beauty,32.76,5,25,122.87,48,5.0,East,PayPal,3.0
ORD104820,2024-01-30,Electronics,180.83,5,10,813.73,65,4.4,South,Debit Card,4.0
ORD100393,2024-03-14,Books,14.45,4,5,54.91,54,4.9,Central,Credit Card,3.0
ORD101424,2023-07-06,Electronics,298.43,5,0,1492.17,45,4.9,East,Debit Card,7.0
ORD100642,2024-09-16,Groceries,16.76,5,15,71.22,65,4.8,East,Credit Card,4.0
ORD102835,2024-02-02,Beauty,26.36,4,10,94.89,41,4.1,North,PayPal,2.0
ORD101738,2023-01-03,Books,20.95,2,15,35.61,49,4.0,West,UPI,3.0
ORD102945,2023-03-20,Clothing,22.95,2,25,34.42,56,3.0,North,Debit Card,6.0
ORD102067,2024-10-25,Electronics,273.92,5,5,1301.11,23,5.0,West,PayPal,7.0
ORD103347,2023-04-04,Electronics,333.65,4,10,1201.14,56,4.0,East,Debit Card,4.0
ORD100530,2024-03-13,Beauty,47.19,3,25,106.18,53,3.2,West,Credit Card,6.0
ORD104301,2024-04-24,Sports,82.95,5,20,331.8,62,2.9,Central,Credit Card,2.0
ORD100828,2024-09-23,Home & Kitchen,107.44,2,30,150.41,57,2.5,North,Credit Card,6.0
ORD101204,2024-04-20,Electronics,285.37,3,30,599.27,61,,West,Debit Card,5.0
ORD100179,2024-01-02,Clothing,27.91,3,0,83.73,45,4.2,North,PayPal,4.0
ORD102765,2024-01-26,Electronics,114.24,5,25,428.38,48,4.0,South,UPI,5.0
ORD101777,2023-04-30,Toys,38.55,3,10,104.08,60,3.9,South,PayPal,8.0
ORD104927,2024-03-08,Electronics,249.85,1,15,212.37,67,4.6,West,Debit Card,4.0
ORD100491,2024-09-26,Beauty,19.56,4,0,78.23,61,3.3,East,PayPal,2.0
ORD104653,2023-06-02,Books,18.12,1,15,15.41,62,3.1,West,Credit Card,8.0
ORD100033,2024-02-10,Electronics,296.59,4,15,1008.39,35,4.1,Central,Credit Card,3.0
ORD103022,2023-10-10,Home & Kitchen,91.49,3,0,274.46,55,5.0,South,Debit Card,5.0
ORD103620,2024-12-29,Electronics,97.12,5,15,412.75,54,4.0,South,Credit Card,6.0
ORD100485,2023-06-20,Clothing,53.86,4,10,193.88,69,3.9,North,PayPal,3.0
ORD100079,2024-05-04,Groceries,7.95,3,30,16.7,21,4.2,North,Credit Card,5.0
ORD101344,2023-05-17,Groceries,18.59,5,0,92.97,49,4.1,South,Credit Card,6.0
ORD100577,2024-01-18,Books,15.56,1,0,15.56,50,4.5,Central,Cash on Delivery,7.0
ORD101175,2023-09-05,Toys,30.7,1,30,21.49,33,4.5,West,Credit Card,5.0
ORD101487,2023-01-01,Home & Kitchen,74.66,4,0,298.65,26,5.0,Central,Credit Card,3.0
ORD100497,2023-10-01,Electronics,164.64,2,15,279.89,20,3.2,North,Credit Card,4.0
ORD104102,2023-05-19,Clothing,31.81,5,20,127.24,31,5.0,South,PayPal,5.0
ORD101144,2023-08-31,Electronics,283.76,5,20,1135.04,65,5.0,East,PayPal,7.0
ORD103734,2023-08-24,Clothing,49.28,3,10,133.06,62,4.1,Central,Cash on Delivery,7.0
ORD104237,2023-03-21,Books,16.03,4,5,60.9,20,3.6,East,Credit Card,8.0
ORD103243,2024-01-15,Toys,29.83,1,0,29.83,62,2.7,Central,Cash on Delivery,9.0
ORD101235,2023-09-11,Groceries,16.09,4,10,57.91,29,3.1,North,Credit Card,5.0
ORD104568,2023-08-15,Home & Kitchen,140.32,3,0,420.95,45,5.0,West,Credit Card,5.0
ORD104267,2024-11-09,Home & Kitchen,33.82,2,15,57.5,45,3.4,East,Debit Card,3.0
ORD100624,2024-03-17,Electronics,317.24,3,30,666.21,21,4.6,Central,UPI,4.0
ORD101629,2023-04-03,Toys,19.47,3,5,55.48,39,5.0,North,Cash on Delivery,6.0
ORD100199,2024-12-04,Toys,37.41,2,0,74.82,50,4.1,West,Cash on Delivery,4.0
ORD103613,2023-02-24,Groceries,15.2,1,0,15.2,51,2.4,East,UPI,3.0
ORD101988,2023-06-03,Clothing,43.96,3,0,131.88,64,3.1,North,Credit Card,
ORD102344,2024-03-05,Clothing,64.53,3,0,193.58,64,3.9,North,Credit Card,5.0
ORD103263,2024-09-21,Groceries,14.18,5,0,70.89,19,4.7,North,PayPal,3.0
ORD101905,2023-06-28,Books,15.42,5,0,77.1,32,2.5,Central,Credit Card,7.0
ORD100765,2024-07-24,Clothing,33.46,1,0,33.46,28,4.5,South,Debit Card,3.0
ORD100803,2024-11-02,Groceries,7.9,3,5,22.52,26,2.9,East,PayPal,7.0
ORD101501,2023-07-10,Clothing,43.61,3,30,91.58,44,4.3,North,Debit Card,6.0
ORD101770,2023-09-05,Groceries,16.81,5,0,84.03,40,2.6,South,UPI,6.0
ORD100106,2024-07-24,Books,17.06,3,0,51.18,38,4.1,North,Credit Card,4.0
ORD102964,2024-06-20,Electronics,341.39,1,0,341.39,50,3.3,West,Credit Card,
ORD100838,2023-01-11,Clothing,62.28,3,15,158.82,60,2.9,North,Cash on Delivery,4.0
ORD103971,2024-11-08,Books,24.46,5,5,116.17,51,4.2,Central,Cash on Delivery,3.0
ORD100705,2024-02-17,Home & Kitchen,121.97,3,15,311.03,57,2.8,East,PayPal,4.0
ORD104150,2023-08-29,Sports,36.56,3,0,109.69,32,4.3,West,Credit Card,5.0
ORD103179,2023-05-05,Clothing,54.25,5,15,230.58,43,3.6,Central,Credit Card,2.0
ORD104776,2023-09-03,Clothing,46.14,3,0,138.43,45,3.7,Central,Credit Card,5.0
ORD100228,2024-02-04,Clothing,35.75,3,10,96.54,52,2.9,Central,Credit Card,6.0
ORD103336,2024-01-18,Toys,36.15,1,0,36.15,64,4.5,Central,Credit Card,6.0
ORD102268,2023-03-28,Electronics,118.34,1,5,112.42,57,4.5,West,Credit Card,5.0
ORD103852,2023-03-18,Beauty,38.15,2,0,76.3,56,3.9,West,PayPal,6.0
ORD100501,2024-04-21,Books,22.09,4,0,88.35,22,1.8,West,Credit Card,4.0
ORD103128,2024-01-04,Electronics,137.32,4,15,466.9,37,3.6,East,Cash on Delivery,7.0
ORD103352,2023-03-19,Electronics,210.47,1,0,210.47,19,4.3,East,Debit Card,7.0
ORD104174,2023-10-20,Sports,70.56,4,10,254.0,30,4.1,Central,Cash on Delivery,2.0
ORD101634,2023-10-31,Home & Kitchen,112.27,1,20,89.81,68,2.8,South,UPI,5.0
ORD101480,2023-04-21,Electronics,370.81,5,0,1854.03,34,4.6,West,Credit Card,
ORD102115,2023-05-29,Clothing,31.23,5,15,132.72,41,3.9,North,Credit Card,9.0
ORD103999,2024-01-16,Books,9.57,5,0,47.86,26,4.2,South,UPI,6.0
ORD100561,2023-02-01,Home & Kitchen,68.48,5,15,291.05,66,1.7,North,Debit Card,4.0
ORD104198,2024-11-27,Sports,63.96,4,25,191.89,58,4.5,West,Credit Card,4.0
ORD103697,2023-10-29,Electronics,174.96,3,0,524.87,27,2.7,East,PayPal,5.0
ORD101744,2023-06-03,Sports,73.42,2,5,139.5,26,3.6,Central,Credit Card,1.0
ORD100279,2023-03-02,Electronics,246.08,5,0,1230.39,55,3.6,Central,Debit Card,7.0
ORD102266,2024-05-14,Sports,37.3,2,5,70.87,47,4.1,Central,Debit Card,2.0
ORD100157,2024-02-12,Books,14.02,1,5,13.32,64,5.0,Central,PayPal,4.0
ORD100538,2024-01-30,Electronics,101.9,3,0,305.7,51,4.8,East,Credit Card,2.0
ORD104114,2023-08-01,Groceries,18.65,4,0,74.6,18,4.9,South,Credit Card,4.0
ORD104457,2023-01-29,Books,14.15,2,0,28.29,46,4.0,South,Cash on Delivery,5.0
ORD101650,2023-05-19,Clothing,60.82,3,5,173.33,39,3.7,East,Debit Card,4.0
ORD103150,2024-06-05,Toys,31.04,1,0,31.04,53,4.1,South,UPI,7.0
ORD100764,2023-09-21,Clothing,84.06,4,25,252.19,46,4.3,East,UPI,5.0
ORD101864,2024-09-02,Beauty,47.34,1,10,42.61,26,2.9,Central,Credit Card,4.0
ORD103485,2023-01-20,Clothing,45.42,5,0,227.1,24,4.0,West,PayPal,5.0
ORD100731,2023-11-03,Electronics,3.49,1,0,3.49,56,4.8,Central,Cash on Delivery,6.0
ORD100084,2024-04-05,Electronics,251.55,4,0,1006.21,58,4.8,South,PayPal,3.0
ORD102580,2023-10-08,Electronics,421.63,2,5,801.09,44,5.0,West,Credit Card,5.0
ORD103207,2024-08-18,Beauty,39.54,1,10,35.59,27,2.3,West,PayPal,6.0
ORD102974,2023-01-13,Sports,51.8,2,30,72.52,67,,Central,Credit Card,3.0
ORD102696,2023-04-04,Home & Kitchen,74.59,3,20,179.01,58,2.4,South,Debit Card,6.0
ORD101338,2024-07-20,Beauty,19.86,2,20,31.78,66,3.4,North,UPI,6.0
ORD103902,2024-01-08,Electronics,404.77,4,10,1457.17,32,4.8,West,Cash on Delivery,6.0
ORD100911,2023-05-15,Electronics,300.42,2,0,600.83,69,4.4,Central,PayPal,6.0
ORD100029,2023-11-21,Sports,71.68,5,10,322.56,25,3.9,Central,Debit Card,3.0
ORD100677,2023-03-03,Clothing,86.84,5,5,412.51,46,5.0,North,Debit Card,6.0
ORD104501,2024-01-26,Toys,18.33,4,30,51.32,34,4.5,North,Credit Card,6.0
ORD103685,2023-04-23,Sports,61.77,4,5,234.72,46,4.1,Central,Debit Card,3.0
ORD103741,2023-08-10,Electronics,261.43,4,20,836.57,55,3.5,Central,Credit Card,7.0
ORD101620,2023-07-13,Groceries,20.53,5,5,97.54,24,4.9,South,Debit Card,6.0
ORD100422,2024-07-14,Electronics,211.81,5,15,900.18,66,3.3,Central,Debit Card,2.0
ORD101665,2023-10-17,Clothing,52.26,2,30,73.17,68,4.5,Central,Cash on Delivery,5.0
ORD104989,2024-10-07,Electronics,261.68,2,0,523.36,51,4.4,North,Cash on Delivery,9.0
ORD102727,2023-01-30,Electronics,294.13,2,10,529.43,63,3.4,West,PayPal,5.0
ORD103193,2023-05-21,Toys,40.43,5,20,161.74,57,5.0,North,PayPal,7.0
ORD103968,2024-03-07,Groceries,9.86,1,30,6.9,29,4.1,East,UPI,9.0
ORD100168,2023-09-02,Books,1.0,4,15,3.41,21,3.4,Central,PayPal,5.0
ORD103834,2023-04-14,Beauty,29.32,3,30,61.57,25,5.0,North,PayPal,6.0
ORD103481,2023-06-29,Books,15.6,2,0,31.19,57,4.5,Central,PayPal,6.0
ORD103469,2024-09-25,Beauty,47.52,3,10,128.31,68,4.4,South,Credit Card,4.0
ORD100227,2024-02-28,Electronics,214.77,2,0,429.55,60,4.3,North,Credit Card,3.0
ORD102654,2024-09-14,Electronics,340.75,1,0,340.75,23,3.2,South,Debit Card,6.0
ORD100486,2023-09-02,Electronics,334.89,3,0,1004.67,30,3.9,South,UPI,5.0
ORD101694,2023-04-27,Clothing,18.47,1,5,17.55,54,3.5,Central,Cash on Delivery,6.0
ORD101200,2024-10-04,Toys,9.35,2,15,15.9,27,3.5,Central,Credit Card,6.0
ORD102685,2023-12-19,Toys,29.73,1,20,23.78,49,2.9,Central,PayPal,6.0
ORD103172,2023-11-12,Clothing,62.72,1,15,53.31,56,,Central,UPI,5.0
ORD100023,2024-11-08,Sports,49.82,3,0,149.45,37,2.9,Central,Debit Card,3.0
ORD103084,2023-09-06,Sports,76.69,2,20,122.7,47,,West,Cash on Delivery,5.0
ORD103130,2023-09-20,Home & Kitchen,101.44,2,15,172.45,25,4.5,North,Cash on Delivery,7.0
ORD102536,2023-08-27,Toys,24.91,4,25,74.72,47,4.5,West,Credit Card,7.0
ORD102897,2024-04-02,Clothing,42.38,5,30,148.33,24,2.6,East,Credit Card,4.0
ORD104840,2024-07-11,Books,26.01,3,15,66.34,61,,West,Credit Card,2.0
ORD102093,2023-05-25,Electronics,382.85,2,5,727.41,68,3.2,North,PayPal,5.0
ORD100239,2024-04-03,Books,22.74,1,10,20.47,63,2.6,East,Credit Card,7.0
ORD103571,2024-09-07,Electronics,202.93,4,10,730.54,25,2.7,South,Cash on Delivery,8.0
ORD103765,2023-10-26,Beauty,40.7,5,5,193.33,25,5.0,East,UPI,3.0
ORD102016,2023-10-30,Home & Kitchen,57.13,2,0,114.27,30,4.0,West,PayPal,6.0
ORD104038,2023-08-12,Home & Kitchen,110.25,5,15,468.57,69,4.2,Central,Debit Card,6.0
ORD100297,2023-11-17,Clothing,63.58,1,0,63.58,26,,Central,Credit Card,5.0
ORD100248,2024-07-29,Home & Kitchen,70.09,5,15,297.89,29,4.9,West,PayPal,9.0
ORD102135,2024-05-16,Electronics,290.28,2,0,580.55,26,3.6,West,Debit Card,4.0
ORD100373,2023-10-01,Clothing,49.04,1,0,49.04,50,4.1,North,Debit Card,3.0
ORD100881,2024-09-14,Toys,29.6,4,15,100.65,43,4.2,North,Credit Card,5.0
ORD102307,2023-04-23,Books,18.34,1,0,18.34,27,2.7,North,Credit Card,2.0
ORD103887,2023-05-10,Electronics,161.61,1,10,145.45,56,4.8,North,Debit Card,3.0
ORD104503,2024-07-18,Home & Kitchen,47.55,4,0,190.18,52,4.0,West,Credit Card,5.0
ORD102991,2024-04-11,Sports,48.91,1,0,48.91,36,3.7,East,Debit Card,5.0
ORD100724,2024-07-28,Electronics,393.67,2,0,787.34,31,3.8,Central,Debit Card,4.0
ORD102220,2024-11-22,Home & Kitchen,125.07,2,10,225.13,41,4.0,East,Credit Card,5.0
ORD102217,2024-12-30,Books,11.53,2,30,16.14,19,5.0,East,Debit Card,8.0
ORD101468,2024-07-22,Home & Kitchen,4.13,2,0,8.26,53,3.6,North,PayPal,5.0
ORD101592,2023-10-08,Beauty,10.55,1,0,10.55,44,3.4,South,Credit Card,4.0
ORD103951,2023-06-10,Clothing,18.15,4,10,65.33,55,3.3,Central,PayPal,6.0
ORD102445,2024-10-15,Beauty,47.64,4,5,181.04,58,2.5,South,UPI,7.0
ORD103091,2023-10-14,Beauty,51.04,2,0,102.09,59,5.0,West,PayPal,6.0
ORD100927,2023-08-09,Toys,31.91,1,0,31.91,51,4.4,East,Credit Card,3.0
ORD104579,2023-08-02,Groceries,10.55,3,5,30.06,56,4.0,Central,Debit Card,8.0
ORD104652,2023-08-31,Groceries,18.33,1,0,18.33,37,3.4,West,PayPal,3.0
ORD100599,2024-04-14,Electronics,153.92,1,10,138.52,33,1.3,Central,Cash on Delivery,5.0
ORD101392,2024-12-20,Home & Kitchen,96.04,3,15,244.9,49,4.7,Central,PayPal,6.0
ORD102227,2024-11-12,Clothing,45.01,4,0,180.04,57,5.0,South,Credit Card,8.0
ORD104176,2023-08-10,Home & Kitchen,90.47,2,5,171.89,51,3.6,South,UPI,6.0
ORD101609,2023-04-03,Home & Kitchen,47.28,1,0,47.28,53,3.1,West,Debit Card,4.0
ORD104290,2023-02-19,Clothing,22.87,4,15,77.75,42,4.6,West,Credit Card,
ORD102876,2024-04-30,Clothing,87.46,3,10,236.14,56,3.4,East,Credit Card,5.0
ORD103288,2023-05-08,Beauty,30.55,1,25,22.91,33,4.4,North,Debit Card,5.0
ORD102142,2024-12-04,Home & Kitchen,96.74,4,0,386.95,31,4.5,West,Credit Card,3.0
ORD100471,2024-08-10,Sports,55.38,3,30,116.3,37,5.0,North,Cash on Delivery,6.0
ORD101244,2024-10-01,Electronics,206.83,5,5,982.44,57,4.6,East,UPI,5.0
ORD103690,2023-10-21,Beauty,24.21,4,30,67.78,58,2.9,West,Credit Card,5.0
ORD104221,2024-01-15,Clothing,46.53,1,25,34.9,52,2.6,East,PayPal,10.0
ORD101073,2024-01-19,Home & Kitchen,92.56,1,0,92.56,69,3.5,East,PayPal,7.0
ORD101044,2024-06-02,Clothing,46.46,5,0,232.3,68,4.5,Central,Credit Card,6.0
ORD101714,2024-04-16,Books,22.34,3,15,56.96,31,4.2,South,Cash on Delivery,7.0
ORD104040,2023-08-29,Toys,34.42,1,20,27.53,39,4.6,Central,UPI,2.0
ORD104778,2023-03-19,Books,15.06,2,5,28.6,21,4.2,North,UPI,5.0
ORD101034,2023-02-18,Sports,30.04,1,25,22.53,18,4.6,North,UPI,4.0
ORD104417,2023-04-25,Sports,47.56,1,0,47.56,58,2.4,West,UPI,6.0
ORD101752,2024-04-04,Electronics,382.38,3,15,975.06,22,4.2,North,PayPal,9.0
ORD103649,2024-06-23,Sports,93.31,4,0,373.23,53,5.0,West,Credit Card,2.0
ORD104808,2023-10-12,Electronics,296.33,2,20,474.13,60,3.8,Central,Credit Card,4.0
ORD101554,2023-12-01,Beauty,28.72,4,5,109.12,67,3.3,West,UPI,7.0
ORD104195,2023-12-28,Clothing,49.85,3,15,127.11,26,4.6,South,Credit Card,1.0
ORD102986,2024-06-30,Toys,40.34,4,10,145.22,44,4.6,North,Cash on Delivery,6.0
ORD102721,2024-05-03,Books,11.38,5,0,56.91,28,3.9,South,PayPal,5.0
ORD100829,2023-01-22,Clothing,24.73,2,0,49.46,53,3.7,Central,Credit Card,5.0
ORD101095,2023-02-28,Groceries,19.14,2,0,38.29,66,4.4,Central,Credit Card,2.0
ORD100426,2024-09-23,Sports,71.93,4,25,215.78,19,3.2,East,Debit Card,4.0
ORD102145,2023-11-21,Groceries,17.12,2,10,30.82,60,4.9,Central,Credit Card,9.0
ORD103135,2023-01-12,Sports,59.61,4,5,226.5,29,3.9,East,Debit Card,4.0
ORD104160,2023-10-22,Clothing,41.26,2,25,61.89,28,4.0,West,Credit Card,2.0
ORD104064,2024-07-07,Home & Kitchen,121.94,3,10,329.23,41,4.5,North,Credit Card,7.0
ORD104342,2023-12-08,Sports,64.24,2,0,128.48,68,5.0,West,UPI,7.0
ORD104951,2023-02-06,Clothing,40.45,2,20,64.72,21,3.1,Central,Credit Card,6.0
ORD103580,2024-10-06,Electronics,345.72,5,0,1728.6,28,3.5,Central,Cash on Delivery,
ORD104230,2023-02-23,Beauty,39.03,3,0,117.09,49,2.8,Central,UPI,4.0
ORD102662,2023-04-20,Electronics,191.28,3,10,516.45,26,3.5,Central,Credit Card,3.0
ORD102705,2023-07-27,Electronics,228.63,2,20,365.81,69,3.6,Central,UPI,6.0
ORD101323,2024-10-10,Electronics,271.94,4,0,1087.76,61,4.4,South,PayPal,7.0
ORD104129,2023-11-06,Sports,33.63,2,30,47.08,36,3.8,Central,Credit Card,6.0
ORD103984,2024-09-18,Groceries,20.95,5,5,99.49,41,3.7,Central,Credit Card,4.0
ORD104825,2023-11-01,Clothing,54.3,5,30,190.04,42,4.8,East,Credit Card,9.0
ORD104459,2024-04-22,Toys,19.71,5,0,98.54,46,3.6,North,PayPal,4.0
ORD102883,2023-02-05,Electronics,245.21,5,15,1042.16,67,2.8,South,Credit Card,8.0
ORD102117,2024-02-01,Books,15.39,3,0,46.17,22,4.2,North,Credit Card,4.0
ORD100653,2024-08-11,Electronics,178.23,3,15,454.49,63,4.3,North,Credit Card,6.0
ORD104436,2024-04-23,Toys,29.36,2,15,49.91,59,3.0,East,PayPal,1.0
ORD101018,2023-01-31,Books,28.29,3,0,84.86,45,2.5,Central,UPI,8.0
ORD100088,2024-07-15,Home & Kitchen,54.49,5,0,272.45,66,3.7,North,Credit Card,6.0
ORD101129,2024-04-19,Electronics,312.02,2,30,436.83,37,4.2,Central,PayPal,4.0
ORD103773,2023-04-04,Electronics,356.84,4,5,1355.99,24,3.7,East,UPI,7.0
ORD100008,2023-05-28,Books,23.23,2,25,34.85,64,5.0,Central,UPI,5.0
ORD101886,2024-04-20,Clothing,29.87,1,0,29.87,54,3.9,South,Debit Card,7.0
ORD101662,2023-05-16,Toys,30.03,4,15,102.11,68,4.6,West,Debit Card,9.0
ORD103910,2023-06-20,Electronics,277.33,3,5,790.4,51,4.3,North,PayPal,3.0
ORD100681,2023-04-11,Clothing,77.14,3,30,161.99,39,4.0,South,Credit Card,7.0
ORD103773,2023-04-04,Electronics,356.84,4,5,1355.99,24,3.7,East,UPI,7.0
ORD103658,2023-09-02,Electronics,381.29,3,0,1143.88,23,4.8,North,Credit Card,7.0
ORD100144,2024-12-26,Clothing,44.17,1,0,44.17,53,3.4,East,Debit Card,6.0
ORD100994,2024-01-23,Electronics,250.73,5,30,877.56,65,3.2,East,UPI,6.0
ORD103652,2023-10-27,Clothing,29.12,4,0,116.5,38,5.0,South,Credit Card,2.0
ORD101741,2024-06-27,Beauty,59.32,3,0,177.95,59,4.4,North,Credit Card,4.0
ORD103340,2024-01-31,Clothing,67.0,5,0,335.01,67,3.6,Central,Credit Card,5.0
ORD103835,2024-06-13,Clothing,30.69,1,5,29.15,65,3.3,South,Debit Card,2.0
ORD102741,2023-03-12,Clothing,31.92,5,25,119.71,25,4.5,Central,PayPal,5.0
ORD100151,2023-07-25,Home & Kitchen,68.79,5,15,292.37,25,4.8,Central,UPI,3.0
ORD101670,2024-07-11,Groceries,21.74,1,20,17.39,50,4.3,East,Credit Card,
ORD103917,2024-09-13,Electronics,51.3,4,15,174.41,27,3.5,South,Credit Card,3.0
ORD101831,2024-11-27,Groceries,,4,15,43.56,52,4.9,East,Cash on Delivery,-1.0
ORD100240,2023-04-13,Electronics,264.24,5,30,924.83,52,4.6,East,Credit Card,3.0
ORD100848,2024-08-22,Beauty,43.65,5,0,218.27,24,3.4,West,UPI,1.0
ORD102172,2024-12-29,Electronics,166.14,3,5,473.5,61,4.2,South,Credit Card,7.0
ORD101881,2023-07-13,Clothing,23.07,5,0,115.37,58,5.0,East,Credit Card,9.0
ORD100856,2023-06-29,Books,13.47,5,10,60.6,52,3.3,North,Debit Card,8.0
ORD103355,2023-11-19,Beauty,26.6,4,0,106.39,45,4.5,West,Credit Card,1.0
ORD101413,2024-08-01,Clothing,50.02,4,5,190.06,65,3.3,Central,Cash on Delivery,7.0
ORD100964,2024-11-24,Beauty,39.98,1,0,39.98,63,4.4,East,Debit Card,6.0
ORD101417,2023-11-17,Books,19.77,4,20,63.27,34,2.8,West,Credit Card,3.0
ORD102749,2024-12-13,Beauty,24.0,5,15,102.01,22,3.8,North,UPI,5.0
ORD100457,2024-04-08,Electronics,228.86,1,10,205.97,31,3.8,Central,Credit Card,4.0
ORD101103,2023-04-21,Clothing,61.12,3,10,165.02,58,4.7,South,Credit Card,5.0
ORD101436,2023-11-09,Clothing,44.96,4,5,170.86,21,5.0,West,Credit Card,7.0
ORD104759,2024-05-22,Electronics,318.61,5,20,1274.43,50,5.0,South,PayPal,6.0
ORD104084,2024-01-02,Home & Kitchen,85.12,2,10,153.21,62,4.1,North,Credit Card,
ORD101590,2024-06-21,Electronics,266.59,1,5,253.26,22,5.0,South,Credit Card,1.0
ORD103386,2024-07-20,Clothing,29.89,4,20,95.66,26,5.0,North,UPI,5.0
ORD100465,2024-12-07,Books,19.69,2,0,39.37,26,5.0,Central,Credit Card,4.0
ORD102673,2023-05-18,Electronics,313.35,2,0,626.7,50,3.6,West,UPI,3.0
ORD103257,2023-05-23,Home & Kitchen,69.54,2,0,139.08,23,4.2,South,UPI,5.0
ORD104293,2023-03-10,Books,21.64,2,20,34.62,61,5.0,North,Cash on Delivery,2.0
ORD101786,2023-05-25,Toys,32.49,3,0,97.46,67,4.5,Central,PayPal,2.0
ORD101718,2023-10-29,Groceries,21.18,2,25,31.77,21,4.2,North,Cash on Delivery,2.0
ORD100100,2024-08-31,Home & Kitchen,43.0,1,15,36.55,26,3.6,West,Credit Card,7.0
ORD104028,2024-05-19,Home & Kitchen,82.8,3,10,223.55,43,3.9,South,PayPal,1.0
ORD101705,2024-09-19,Beauty,40.05,4,25,120.14,41,,North,UPI,4.0
ORD103319,2023-01-26,Home & Kitchen,80.46,4,15,273.57,58,2.6,South,PayPal,6.0
ORD101049,2023-03-29,Toys,30.33,1,5,28.81,67,3.4,Central,UPI,5.0
ORD101406,2023-09-11,Beauty,63.05,4,0,252.19,34,5.0,East,Cash on Delivery,8.0
ORD103625,2024-06-27,Clothing,14.37,4,20,45.99,45,5.0,North,Credit Card,3.0
ORD104192,2024-06-25,Toys,35.73,1,10,32.15,54,4.7,Central,PayPal,2.0
ORD101253,2024-08-03,Beauty,23.16,3,10,62.52,32,4.9,South,Credit Card,8.0
ORD104738,2023-09-13,Home & Kitchen,126.09,5,10,567.4,68,3.8,West,Debit Card,1.0
ORD102420,2023-07-09,Clothing,21.54,4,5,81.85,43,4.2,East,UPI,5.0
ORD104273,2023-08-18,Groceries,22.29,3,10,60.19,50,2.5,North,Credit Card,2.0
ORD102847,2023-10-10,Beauty,34.35,4,0,137.39,57,4.0,East,Debit Card,5.0
ORD101056,2023-11-25,Home & Kitchen,66.8,5,0,333.98,24,2.5,Central,UPI,6.0
ORD102072,2023-10-22,Electronics,189.3,2,15,4558.846079021485,61,4.4,South,Credit Card,5.0
ORD101726,2024-11-25,Books,25.77,3,15,65.71,48,3.9,South,Credit Card,4.0
ORD104252,2024-12-17,Beauty,36.34,4,0,145.35,30,4.9,East,Credit Card,3.0
ORD103361,2024-06-28,Electronics,258.82,1,0,258.82,61,2.8,West,UPI,2.0
ORD101295,2024-01-12,Sports,105.95,3,20,254.27,20,4.2,North,PayPal,7.0
ORD103592,2024-12-20,Books,18.46,4,15,62.76,60,5.0,West,Credit Card,4.0
ORD103488,2023-11-20,Groceries,12.04,1,0,12.04,36,3.6,Central,Credit Card,6.0
ORD101292,2023-11-21,Electronics,132.82,3,10,358.62,49,2.4,South,Credit Card,2.0
ORD100589,2024-09-08,Toys,20.72,2,20,33.15,45,3.6,East,Cash on Delivery,6.0
ORD104116,2023-01-14,Home & Kitchen,89.38,1,0,89.38,35,4.1,West,Credit Card,5.0
ORD102837,2024-10-19,Sports,75.97,2,0,151.93,69,3.7,West,Credit Card,2.0
ORD104610,2023-03-09,Groceries,27.71,4,0,110.84,34,3.2,South,Credit Card,5.0
ORD100931,2024-05-26,Books,19.41,4,0,77.65,43,4.4,East,Debit Card,6.0
ORD101170,2024-04-04,Clothing,65.12,4,0,260.47,63,2.9,East,UPI,2.0
ORD103167,2023-07-15,Toys,26.85,4,0,107.4,66,3.0,Central,Cash on Delivery,7.0
ORD101699,2024-12-03,Electronics,379.7,2,0,759.4,32,3.7,West,Credit Card,3.0
ORD102619,2024-11-22,Home & Kitchen,86.58,5,0,432.92,64,2.3,West,PayPal,4.0
ORD100683,2024-12-01,Electronics,287.27,2,5,545.81,26,3.7,West,Debit Card,1.0
ORD100230,2023-12-05,Electronics,389.34,5,0,1946.72,49,3.3,East,Cash on Delivery,3.0
ORD104605,2023-12-11,Electronics,255.08,1,5,242.33,54,4.7,South,PayPal,4.0
ORD103408,2024-04-26,Clothing,29.8,5,0,148.99,51,5.0,West,Credit Card,6.0
ORD104322,2023-12-05,Home & Kitchen,28.47,4,10,102.49,68,3.1,South,Debit Card,8.0
ORD104046,2023-11-27,Electronics,296.04,1,20,236.84,42,2.5,West,Debit Card,8.0
ORD102407,2024-06-03,Electronics,70.71,4,10,254.55,67,4.4,North,Debit Card,8.0
ORD102337,2024-08-21,Electronics,314.56,3,10,849.32,34,4.0,North,UPI,7.0
ORD104051,2023-10-16,Clothing,26.93,2,15,45.79,65,5.0,Central,Debit Card,5.0
ORD100296,2024-09-13,Sports,51.49,3,5,146.75,32,4.8,South,Credit Card,6.0
ORD104749,2023-09-24,Books,12.11,4,0,48.44,43,2.9,South,PayPal,5.0
ORD103780,2023-02-11,Beauty,37.82,3,15,96.45,47,3.7,South,Debit Card,7.0
ORD101173,2023-05-10,Clothing,34.46,5,15,146.46,26,3.8,West,Credit Card,7.0
ORD103127,2024-10-26,Beauty,13.86,3,15,35.35,28,4.6,South,Cash on Delivery,6.0
ORD103035,2024-11-29,Beauty,25.3,3,10,68.31,22,3.5,Central,Cash on Delivery,4.0
ORD100742,2024-04-08,Toys,40.38,5,0,201.91,66,4.4,South,Cash on Delivery,6.0
ORD103940,2024-02-03,Home & Kitchen,91.09,1,20,72.87,67,4.5,South,PayPal,8.0
ORD103868,2023-06-11,Books,16.13,5,0,80.64,52,4.4,North,Credit Card,4.0
ORD100505,2023-11-28,Beauty,35.21,1,0,35.21,68,2.1,North,UPI,4.0
ORD104600,2024-12-23,Clothing,46.53,4,10,167.5,26,3.4,East,Debit Card,8.0
ORD104258,2024-03-17,Home & Kitchen,151.51,1,0,151.51,32,4.0,North,Credit Card,5.0
ORD101485,2024-09-22,Electronics,317.12,4,20,1014.79,49,3.1,West,UPI,2.0
ORD101419,2023-12-15,Home & Kitchen,72.97,1,5,69.32,48,2.8,East,Credit Card,3.0
ORD103098,2023-05-15,Books,25.52,5,0,127.59,23,3.6,North,Debit Card,5.0
ORD100705,2024-02-17,Home & Kitchen,121.97,3,15,311.03,57,2.8,East,PayPal,4.0
ORD104725,2023-12-16,Electronics,200.69,2,10,361.25,19,2.8,North,Credit Card,4.0
ORD100333,2024-08-29,Beauty,33.28,2,30,46.6,54,4.5,South,PayPal,6.0
ORD100468,2023-05-13,Books,16.52,2,15,28.08,56,3.8,South,PayPal,5.0
ORD103450,2023-12-13,Clothing,37.34,3,20,89.62,33,4.4,West,UPI,4.0
ORD103105,2023-08-10,Books,21.76,5,0,108.8,41,5.0,North,Credit Card,3.0
ORD101434,2023-08-22,Home & Kitchen,18.67,1,0,18.67,30,3.9,Central,Credit Card,7.0
ORD100149,2023-02-12,Toys,29.18,3,0,87.53,56,,East,Cash on Delivery,5.0
ORD104031,2024-01-17,Groceries,10.26,4,20,32.82,47,3.5,South,Credit Card,5.0
ORD100414,2023-01-14,Home & Kitchen,49.64,3,15,126.58,51,3.3,Central,PayPal,2.0
ORD101305,2024-05-05,Electronics,340.87,4,0,1363.5,46,3.6,South,UPI,7.0
ORD102629,2023-01-29,Groceries,16.49,5,25,61.83,67,3.2,East,Credit Card,7.0
ORD101126,2024-09-16,Toys,41.1,1,20,32.88,56,3.6,Central,PayPal,4.0
ORD103692,2023-05-23,Electronics,210.11,1,5,199.6,59,5.0,Central,Debit Card,3.0
ORD100012,2024-06-21,Electronics,210.37,5,25,788.9,65,4.9,West,PayPal,5.0
ORD100093,2023-10-11,Electronics,7.72,4,0,30.89,38,3.5,Central,Credit Card,2.0
ORD103657,2024-11-04,Electronics,340.14,5,15,1445.59,30,5.0,South,Debit Card,7.0
ORD101541,2023-06-26,Beauty,20.94,5,15,88.99,38,3.7,North,Debit Card,3.0
ORD104372,2023-06-15,Home & Kitchen,88.04,1,10,79.23,62,5.0,East,UPI,5.0
ORD103759,2024-02-14,Clothing,49.83,3,15,127.06,22,2.3,South,Debit Card,4.0
ORD103733,2024-11-12,Clothing,62.48,1,0,62.48,25,5.0,Central,PayPal,3.0
ORD103767,2024-07-01,Beauty,29.81,2,15,50.68,45,,Central,Debit Card,5.0
ORD102902,2024-09-22,Clothing,16.06,5,5,76.3,31,4.4,West,Credit Card,6.0
ORD100733,2024-07-20,Electronics,346.33,2,25,519.49,68,5.0,South,Debit Card,5.0
ORD103497,2023-12-15,Beauty,33.23,1,0,33.23,40,4.6,Central,Credit Card,
ORD104125,2024-01-04,Toys,32.62,5,15,138.66,66,1.4,Central,Credit Card,8.0
ORD101784,2024-06-15,Toys,27.53,3,15,70.21,41,3.7,South,PayPal,6.0
ORD102181,2023-06-25,Electronics,228.24,2,10,410.83,41,4.0,East,Credit Card,2.0
ORD100416,2024-12-09,Clothing,42.97,5,10,193.38,47,4.2,East,Credit Card,7.0
ORD102316,2023-03-05,Clothing,71.54,3,10,193.15,31,4.4,North,Cash on Delivery,9.0
ORD104325,2023-10-15,Books,20.67,3,0,62.02,31,3.2,South,Credit Card,2.0
ORD104177,2024-06-07,Toys,29.69,2,15,50.47,21,3.6,South,Credit Card,4.0
ORD100333,2024-08-29,Beauty,33.28,2,30,46.6,54,4.5,South,PayPal,6.0
ORD101094,2023-08-29,Electronics,242.33,3,0,726.98,50,4.4,East,Cash on Delivery,5.0
ORD100746,2024-01-25,Clothing,29.98,1,0,29.98,35,4.5,West,Debit Card,4.0
ORD103899,2024-11-07,Beauty,22.19,4,10,79.89,66,3.8,West,Credit Card,3.0
ORD103979,2023-04-21,Clothing,65.6,1,20,52.48,58,5.0,West,Debit Card,3.0
ORD102687,2024-02-17,Books,8.72,5,0,43.62,58,2.3,South,Debit Card,8.0
ORD103017,2023-06-07,Electronics,227.65,2,10,409.78,27,3.3,West,Debit Card,6.0
ORD101992,2023-07-29,Groceries,14.19,1,10,12.77,69,3.6,Central,UPI,7.0
ORD104904,2023-05-19,Books,11.31,2,0,22.62,43,4.7,East,PayPal,7.0
ORD102651,2024-10-04,Electronics,295.74,5,5,1404.76,56,5.0,East,UPI,7.0
ORD102850,2023-05-23,Toys,18.56,1,0,18.56,19,3.6,North,Credit Card,5.0
ORD102858,2024-06-13,Clothing,32.82,4,25,98.47,67,,East,Credit Card,7.0
ORD103527,2023-03-07,Electronics,380.02,5,15,1615.09,33,4.0,Central,Cash on Delivery,6.0
ORD104242,2024-08-25,Electronics,210.54,5,0,1052.71,20,3.1,East,Credit Card,4.0
ORD103682,2023-06-07,Beauty,59.94,4,0,239.76,55,4.7,North,Credit Card,4.0
ORD100132,2023-03-08,Toys,40.22,3,10,108.61,63,3.7,East,Credit Card,9.0
ORD102413,2024-03-15,Groceries,8.37,4,5,31.8,63,4.4,West,Debit Card,6.0
ORD103634,2024-12-03,Clothing,46.16,4,0,184.65,67,,North,Debit Card,4.0
ORD101482,2023-07-31,Books,25.3,4,30,70.83,50,5.0,Central,Credit Card,8.0
ORD100429,2024-06-06,Sports,8.16,3,15,20.81,26,5.0,West,Debit Card,8.0
ORD104805,2024-07-04,Home & Kitchen,91.28,5,0,456.41,60,4.2,North,UPI,6.0
ORD104739,2024-01-17,Toys,1.15,1,30,0.8,54,3.7,West,Debit Card,6.0
ORD101907,2023-04-28,Clothing,48.28,5,30,168.99,55,4.4,South,Cash on Delivery,5.0
ORD100287,2024-02-22,Books,23.36,3,20,56.07,21,2.5,South,UPI,6.0
ORD103274,2023-06-27,Clothing,45.96,3,25,103.4,66,5.0,Central,Credit Card,
ORD103653,2024-01-12,Clothing,34.64,4,0,138.57,45,5.0,North,Credit Card,7.0
ORD103922,2023-12-18,Sports,39.09,1,0,39.09,41,4.3,East,Credit Card,7.0
ORD104163,2023-05-27,Toys,29.2,2,10,52.56,32,2.2,West,Cash on Delivery,3.0
ORD103107,2023-09-27,Books,11.01,4,0,44.04,50,4.4,Central,PayPal,5.0
ORD102094,2023-04-29,Electronics,116.14,1,25,87.11,30,4.6,West,UPI,1.0
ORD102436,2024-04-12,Clothing,68.93,1,0,68.93,34,3.9,Central,Debit Card,5.0
ORD101870,2023-02-01,Clothing,30.99,1,0,30.99,45,3.3,North,Credit Card,4.0
ORD102694,2024-11-14,Toys,35.54,5,15,151.06,61,2.2,West,Cash on Delivery,5.0
ORD102970,2024-03-22,Sports,63.36,2,20,101.37,37,3.4,North,Credit Card,7.0
ORD104975,2024-08-09,Home & Kitchen,61.63,2,15,104.77,19,4.7,Central,UPI,4.0
ORD103544,2023-01-28,Home & Kitchen,89.84,1,0,89.84,44,4.1,West,UPI,7.0
ORD104894,2023-12-19,Toys,18.86,5,0,94.3,19,3.1,North,Credit Card,5.0
ORD103724,2023-01-07,Home & Kitchen,80.07,4,5,304.26,41,4.8,North,Debit Card,9.0
ORD100437,2024-11-09,Electronics,72.21,4,0,288.82,41,5.0,East,Credit Card,9.0
ORD103873,2023-12-14,Sports,43.78,5,0,218.92,34,4.1,South,Debit Card,7.0
ORD100584,2023-10-23,Beauty,59.97,1,30,41.98,28,3.2,West,Credit Card,5.0
ORD102299,2024-10-14,Beauty,50.7,2,0,101.39,46,3.2,North,Credit Card,3.0
ORD101438,2023-08-22,Home & Kitchen,60.44,2,20,96.7,43,2.7,Central,Credit Card,8.0
ORD104576,2023-03-02,Clothing,37.83,2,20,60.54,59,2.7,West,Cash on Delivery,5.0
ORD103871,2023-03-17,Electronics,298.27,4,0,1193.07,38,3.8,South,Cash on Delivery,5.0
ORD100711,2024-01-18,Sports,79.84,1,5,75.85,58,3.5,West,Credit Card,7.0
ORD102851,2023-10-14,Beauty,29.22,2,15,49.68,69,3.1,South,PayPal,4.0
ORD104484,2023-12-09,Clothing,51.85,5,5,246.29,31,3.3,North,Credit Card,5.0
ORD102416,2024-03-28,Beauty,36.07,2,5,68.53,22,3.8,North,Debit Card,4.0
ORD104552,2023-03-14,Clothing,40.39,2,0,80.78,36,3.6,East,PayPal,4.0
ORD102321,2023-01-26,Clothing,32.68,4,5,124.18,40,4.7,South,Cash on Delivery,4.0
ORD103007,2023-11-07,Home & Kitchen,103.28,2,15,175.58,42,4.3,North,Credit Card,5.0
ORD102131,2024-12-14,Home & Kitchen,55.87,5,15,237.47,40,3.5,South,PayPal,8.0
ORD104734,2024-08-27,Books,18.95,3,0,56.84,53,4.1,Central,PayPal,5.0
ORD102669,2024-12-05,Clothing,60.03,5,20,240.13,42,3.7,North,Credit Card,4.0
ORD100586,2024-05-18,Electronics,324.02,1,0,324.02,47,3.4,West,Credit Card,3.0
ORD102372,2023-02-14,Sports,17.08,4,10,61.5,27,4.0,West,Debit Card,5.0
ORD101534,2024-08-19,Electronics,378.68,4,5,1438.97,35,4.7,Central,PayPal,5.0
ORD100734,2023-06-02,Electronics,337.76,1,15,287.1,58,3.6,West,UPI,3.0
ORD102164,2024-11-28,Books,22.9,4,15,77.86,47,4.4,East,Cash on Delivery,4.0
ORD103106,2024-09-20,Electronics,194.38,3,15,495.67,36,4.5,Central,Debit Card,5.0
ORD104424,2023-08-18,Clothing,48.92,1,15,41.58,22,,North,Credit Card,5.0
ORD102586,2023-09-28,Beauty,38.07,5,0,190.33,43,3.1,North,Debit Card,6.0
ORD100553,2023-08-21,Beauty,45.7,4,15,155.39,56,4.2,South,PayPal,4.0
ORD104943,2024-09-23,Electronics,415.18,3,0,1245.55,40,4.5,East,Credit Card,9.0
ORD100472,2023-11-12,Electronics,302.23,1,0,302.23,64,3.9,South,Cash on Delivery,3.0
ORD101057,2024-07-18,Groceries,15.67,3,10,42.31,65,4.7,East,Credit Card,5.0
ORD103290,2023-10-22,Beauty,45.59,1,20,36.47,60,4.8,North,Credit Card,4.0
ORD104675,2023-09-28,Electronics,,4,20,759.29,51,3.1,South,Credit Card,4.0
ORD101047,2024-03-15,Groceries,19.59,3,5,55.82,56,4.9,Central,UPI,5.0
ORD101220,2024-04-19,Sports,47.9,2,5,91.02,41,2.1,East,UPI,5.0
ORD100544,2024-08-30,Beauty,47.59,2,0,95.18,19,4.1,South,Debit Card,7.0
ORD100800,2023-01-09,Groceries,12.54,5,0,62.71,47,4.2,East,PayPal,6.0
ORD104231,2024-11-09,Books,21.4,5,15,90.95,33,4.2,East,Cash on Delivery,3.0
ORD103524,2023-08-01,Beauty,26.33,1,20,21.07,43,4.9,East,Credit Card,1.0
ORD100290,2024-08-13,Beauty,44.15,2,25,66.22,61,4.6,North,Cash on Delivery,5.0
ORD104720,2024-02-23,Electronics,389.06,1,10,350.16,22,3.6,West,Credit Card,2.0
ORD100926,2024-01-31,Electronics,162.59,1,20,130.08,50,3.9,North,Cash on Delivery,2.0
ORD100252,2023-05-18,Beauty,38.26,3,0,114.78,55,3.4,West,UPI,5.0
ORD100969,2023-01-27,Groceries,18.8,5,15,79.91,19,4.6,South,Credit Card,3.0
ORD103311,2023-10-21,Electronics,334.54,3,0,1003.61,35,5.0,North,Credit Card,1.0
ORD100350,2024-01-25,Clothing,61.93,3,25,139.34,18,4.5,Central,Cash on Delivery,4.0
ORD103206,2024-12-31,Toys,41.22,1,0,41.22,19,3.0,South,Credit Card,5.0
ORD102034,2024-12-21,Home & Kitchen,62.88,5,0,314.42,56,4.1,North,PayPal,4.0
ORD103034,2023-03-14,Beauty,36.76,2,0,73.51,19,2.7,South,PayPal,5.0
ORD101593,2023-01-14,Electronics,206.29,3,15,526.04,44,2.9,South,PayPal,4.0
ORD100090,2023-11-15,Beauty,31.65,2,15,53.81,28,3.9,North,Credit Card,5.0
ORD101618,2023-03-30,Clothing,39.82,4,0,159.29,60,3.5,South,UPI,6.0
ORD100811,2024-10-04,Groceries,21.57,3,20,51.77,28,,South,Debit Card,7.0
ORD100721,2024-11-11,Beauty,33.39,4,5,126.89,54,4.8,South,Credit Card,5.0
ORD103102,2023-01-11,Toys,24.8,3,25,55.8,69,4.6,West,Credit Card,7.0
ORD100026,2023-10-22,Toys,34.54,2,0,69.07,62,5.0,West,PayPal,4.0
ORD101345,2024-12-30,Home & Kitchen,69.69,5,15,296.19,58,4.0,North,UPI,6.0
ORD102083,2024-05-02,Groceries,11.2,4,0,44.8,22,,East,Credit Card,6.0
ORD101755,2023-08-22,Electronics,322.02,2,20,515.24,62,5.0,West,UPI,2.0
ORD101210,2024-03-31,Toys,24.82,1,30,17.38,47,4.1,North,PayPal,8.0
ORD104022,2024-02-01,Electronics,354.88,2,0,709.76,40,4.3,South,Debit Card,3.0
ORD104071,2024-07-26,Books,25.37,4,15,86.26,45,3.0,West,Debit Card,6.0
ORD102373,2023-10-19,Books,16.1,5,10,72.46,42,,Central,Credit Card,4.0
ORD104965,2023-03-19,Electronics,230.64,4,0,922.57,46,4.2,North,PayPal,6.0
ORD103771,2023-08-30,Clothing,34.8,4,0,139.19,21,4.0,East,PayPal,6.0
ORD100915,2023-12-02,Clothing,52.12,3,0,156.37,46,5.0,South,PayPal,1.0
ORD102525,2023-08-25,Books,16.52,5,10,74.35,34,4.2,North,Credit Card,4.0
ORD101074,2023-12-08,Clothing,65.91,5,25,247.17,18,5.0,West,Debit Card,6.0
ORD103698,2023-07-31,Home & Kitchen,63.83,3,5,181.92,27,4.1,South,PayPal,7.0
ORD100254,2024-04-27,Toys,33.43,2,0,66.87,52,5.0,East,PayPal,6.0
ORD104299,2023-03-10,Electronics,287.33,5,10,1292.99,52,,South,UPI,5.0
ORD103210,2024-12-03,Beauty,43.21,2,15,73.46,66,3.2,East,Credit Card,6.0
ORD104086,2023-07-17,Electronics,344.36,2,10,619.85,36,4.6,Central,Debit Card,4.0
ORD104354,2023-12-20,Electronics,223.01,4,0,892.03,45,2.9,South,PayPal,5.0
ORD104596,2024-10-19,Home & Kitchen,77.96,5,15,331.31,67,2.5,South,PayPal,5.0
ORD101729,2023-03-18,Clothing,46.54,2,20,74.46,21,3.7,West,PayPal,7.0
ORD102275,2023-11-07,Electronics,192.02,4,25,576.05,28,3.9,South,Debit Card,3.0
ORD101952,2023-02-22,Sports,58.76,2,25,88.14,59,5.0,East,PayPal,4.0
ORD101270,2023-09-27,Groceries,21.45,4,20,68.64,37,2.6,South,PayPal,3.0
ORD104694,2024-06-01,Beauty,49.09,1,0,49.09,37,3.6,East,Debit Card,2.0
ORD100315,2024-04-27,Books,24.48,3,15,62.42,31,,Central,Debit Card,7.0
ORD104964,2024-11-21,Groceries,24.75,2,0,49.49,69,3.7,East,Credit Card,1.0
ORD104921,2024-09-30,Electronics,320.84,4,0,1283.34,20,5.0,Central,Credit Card,9.0
ORD103828,2024-05-13,Home & Kitchen,127.48,2,15,216.72,40,4.6,Central,Debit Card,4.0
ORD100555,2024-01-04,Home & Kitchen,109.75,2,30,153.66,25,3.8,Central,Credit Card,8.0
ORD101919,2024-01-23,Home & Kitchen,93.14,4,0,372.57,36,3.6,Central,PayPal,1.0
ORD103945,2024-06-19,Electronics,205.7,1,5,195.42,49,4.7,West,PayPal,4.0
ORD100069,2023-12-10,Groceries,20.73,3,0,62.18,43,4.3,North,PayPal,3.0
ORD102527,2024-11-24,Clothing,17.9,1,0,17.9,40,3.1,South,PayPal,
ORD103443,2023-06-10,Beauty,23.3,2,0,46.6,21,3.2,Central,UPI,3.0
ORD103409,2023-12-13,Electronics,179.01,2,5,340.12,35,2.5,East,Debit Card,4.0
ORD102874,2023-10-08,Sports,59.81,4,0,239.23,53,4.1,Central,Credit Card,5.0
ORD104335,2023-11-08,Electronics,140.97,3,0,422.9,32,3.2,South,Credit Card,9.0
ORD103169,2024-03-19,Beauty,23.14,5,0,115.68,42,5.0,Central,PayPal,4.0
ORD100805,2024-07-25,Electronics,272.1,3,25,612.21,43,4.5,South,PayPal,4.0
ORD101553,2024-03-28,Home & Kitchen,65.41,3,10,176.62,33,3.8,East,Debit Card,2.0
ORD102118,2024-02-04,Home & Kitchen,52.59,5,0,262.94,67,3.6,East,Credit Card,5.0
ORD104220,2023-03-23,Clothing,74.66,4,0,298.62,27,5.0,West,Cash on Delivery,2.0
ORD103703,2024-10-24,Electronics,349.14,2,20,558.62,48,3.3,South,Debit Card,6.0
ORD100893,2024-12-17,Electronics,169.83,5,15,721.78,44,4.1,East,PayPal,2.0
ORD104992,2024-12-25,Beauty,37.26,2,0,74.52,30,3.3,Central,Credit Card,6.0
ORD102146,2023-05-09,Toys,30.57,2,20,48.91,46,4.3,North,Credit Card,3.0
ORD100387,2024-08-30,Groceries,2.29,3,20,5.49,69,4.0,Central,Cash on Delivery,5.0
ORD100751,2023-04-19,Books,20.68,2,15,35.16,39,3.0,North,PayPal,7.0
ORD102842,2024-07-12,Toys,30.77,2,10,55.39,64,5.0,Central,Cash on Delivery,3.0
ORD103182,2024-06-29,Electronics,234.83,3,20,563.59,27,3.4,East,PayPal,6.0
ORD101983,2024-07-02,Clothing,30.51,2,10,54.92,67,2.6,Central,Debit Card,5.0
ORD104037,2024-03-25,Books,12.01,4,0,48.04,22,3.5,South,Debit Card,5.0
ORD103024,2023-10-01,Clothing,23.34,3,10,63.01,33,3.0,South,UPI,4.0
ORD102187,2023-07-08,Home & Kitchen,45.8,2,30,64.13,49,3.5,East,Debit Card,7.0
ORD100410,2023-05-08,Sports,93.98,3,0,281.95,62,4.2,East,PayPal,5.0
ORD104490,2023-05-18,Electronics,250.82,5,20,1003.27,53,5.0,Central,Credit Card,5.0
ORD100109,2024-05-30,Clothing,48.26,2,0,96.51,63,4.3,Central,Debit Card,6.0
ORD102555,2023-03-17,Clothing,32.59,3,5,92.89,31,2.4,East,Cash on Delivery,6.0
ORD103220,2024-05-26,Beauty,52.51,2,15,89.27,44,3.6,North,Credit Card,6.0
ORD102153,2024-02-03,Electronics,184.18,1,0,184.18,18,5.0,West,PayPal,5.0
ORD104731,2024-05-15,Clothing,42.16,4,25,126.49,22,4.7,Central,Debit Card,6.0
ORD102663,2023-12-30,Home & Kitchen,,5,0,397.1,43,3.0,South,Credit Card,4.0
ORD102191,2023-10-27,Clothing,40.51,5,5,192.43,23,4.8,West,Credit Card,4.0
ORD104328,2023-02-05,Books,0.11,4,0,0.45,46,2.0,South,Credit Card,10.0
ORD101647,2024-04-30,Sports,58.26,1,0,58.26,42,4.4,East,UPI,7.0
ORD100221,2023-11-30,Beauty,73.18,2,0,146.36,38,4.1,South,Credit Card,5.0
ORD104409,2023-08-25,Clothing,45.56,1,0,45.56,51,3.4,West,PayPal,4.0
ORD104637,2023-12-29,Clothing,51.52,2,0,103.04,45,5.0,Central,Cash on Delivery,5.0
ORD100655,2024-01-25,Clothing,46.19,3,0,138.58,50,4.9,West,UPI,3.0
ORD104144,2023-04-05,Sports,40.69,3,0,122.08,24,4.4,West,Cash on Delivery,8.0
ORD101788,2023-12-12,Groceries,15.83,5,0,79.17,42,5.0,North,PayPal,5.0
ORD102921,2024-07-17,Home & Kitchen,85.47,3,10,230.77,49,3.8,West,Cash on Delivery,5.0
ORD101255,2023-03-04,Clothing,28.23,4,0,112.9,61,5.0,West,UPI,2.0
ORD104013,2023-12-24,Beauty,36.01,2,15,61.21,56,4.5,North,Credit Card,2.0
ORD104454,2024-03-23,Sports,58.1,4,0,232.39,42,5.0,West,UPI,4.0
ORD101209,2024-12-05,Sports,92.57,5,0,462.86,52,4.0,West,Debit Card,7.0
ORD104248,2024-10-28,Home & Kitchen,46.96,1,0,46.96,36,,West,Credit Card,3.0
ORD101128,2024-02-11,Sports,65.54,4,5,249.05,41,3.7,East,Debit Card,8.0
ORD104173,2023-09-17,Home & Kitchen,107.93,1,10,97.14,29,,Central,UPI,4.0
ORD102319,2024-07-20,Books,21.34,4,20,68.27,43,3.4,South,Cash on Delivery,6.0
ORD103989,2023-12-14,Groceries,8.47,4,0,33.86,23,3.1,West,Credit Card,6.0
ORD100177,2023-04-28,Beauty,19.55,2,25,29.32,48,2.3,South,Credit Card,6.0
ORD102949,2024-01-15,Home & Kitchen,92.0,3,0,276.0,22,4.1,Central,UPI,5.0
ORD104792,2024-12-10,Beauty,35.12,5,10,158.05,59,5.0,North,Debit Card,8.0
ORD100080,2024-11-18,Electronics,251.29,4,5,954.89,61,4.0,Central,Debit Card,6.0
ORD101224,2023-11-01,Beauty,38.72,4,0,154.89,68,4.3,Central,Cash on Delivery,4.0
ORD102298,2023-06-12,Toys,43.39,3,0,130.16,33,5.0,Central,Cash on Delivery,6.0
ORD102915,2023-11-17,Home & Kitchen,118.73,4,20,379.93,23,4.5,Central,Credit Card,6.0
ORD102543,2023-10-06,Clothing,32.91,1,5,31.27,69,4.3,North,Credit Card,1.0
ORD104323,2023-07-13,Electronics,312.62,1,5,296.99,56,3.8,West,Debit Card,5.0
ORD101779,2024-05-15,Sports,48.47,4,10,174.49,37,3.5,Central,PayPal,4.0
ORD104767,2023-01-07,Sports,51.24,3,15,130.67,55,4.6,Central,Cash on Delivery,4.0
ORD101611,2023-04-16,Beauty,34.98,5,10,157.42,18,3.6,Central,UPI,3.0
ORD103778,2024-12-21,Beauty,15.72,5,10,70.75,53,4.9,North,Debit Card,9.0
ORD101867,2024-07-09,Books,24.61,2,20,39.37,28,3.9,North,Credit Card,5.0
ORD100670,2024-11-27,Groceries,15.77,2,20,25.23,25,3.5,West,Credit Card,5.0
ORD104831,2023-03-20,Toys,27.44,5,5,130.33,26,,West,PayPal,5.0
ORD103618,2023-11-15,Toys,13.63,5,20,54.51,24,3.8,Central,Debit Card,5.0
ORD101807,2023-12-18,Clothing,34.81,2,5,66.13,46,5.0,South,Credit Card,1.0
ORD103393,2023-05-18,Toys,33.37,4,25,100.11,56,5.0,East,Debit Card,4.0
ORD102688,2024-04-11,Toys,25.2,5,0,126.02,48,3.8,East,UPI,6.0
ORD102894,2023-07-10,Home & Kitchen,75.43,3,0,226.28,30,4.5,Central,Debit Card,5.0
ORD104873,2024-03-05,Beauty,41.02,5,15,174.34,58,4.9,Central,Credit Card,8.0
ORD100219,2024-10-21,Books,20.65,1,25,15.49,57,4.3,East,PayPal,3.0
ORD102095,2024-07-22,Groceries,9.55,1,20,7.64,62,3.7,East,Cash on Delivery,8.0
ORD103044,2023-05-19,Books,28.22,1,20,22.58,68,4.1,North,Cash on Delivery,3.0
ORD100043,2023-09-17,Clothing,23.85,3,0,71.55,30,1.8,East,PayPal,5.0
ORD100210,2023-07-10,Groceries,22.82,1,10,20.54,68,4.3,Central,Credit Card,3.0
ORD101513,2023-08-30,Electronics,94.05,1,10,84.65,58,3.5,West,PayPal,4.0
ORD100354,2024-12-09,Beauty,61.25,4,5,232.74,54,4.0,North,Debit Card,4.0
ORD102441,2023-01-01,Electronics,179.73,4,0,718.93,59,4.4,West,Credit Card,5.0
ORD101197,2024-12-18,Electronics,221.92,2,5,421.64,49,4.6,South,UPI,7.0
ORD103975,2024-05-21,Electronics,416.4,4,10,1499.03,60,5.0,West,Debit Card,5.0
ORD103204,2023-08-07,Books,24.59,1,0,24.59,54,4.3,North,PayPal,6.0
ORD100367,2023-08-19,Books,17.25,4,15,58.64,59,4.5,Central,PayPal,7.0
ORD102596,2024-01-01,Sports,45.35,3,30,95.23,28,4.4,Central,PayPal,3.0
ORD103789,2023-08-20,Toys,33.74,5,25,126.52,39,3.4,North,PayPal,4.0
ORD101728,2023-11-21,Books,14.77,5,20,59.08,32,5.0,Central,PayPal,5.0
ORD100135,2023-08-11,Home & Kitchen,14.57,1,10,13.11,52,4.3,East,PayPal,3.0
ORD101503,2023-08-24,Clothing,42.29,2,0,84.57,20,3.5,East,UPI,7.0
ORD100047,2024-10-14,Electronics,209.52,2,20,335.24,20,4.5,East,PayPal,5.0
ORD102318,2024-09-13,Books,18.02,2,0,36.04,66,4.2,North,UPI,4.0
ORD101391,2024-01-23,Sports,55.46,4,15,188.58,21,4.4,East,UPI,6.0
ORD102063,2024-06-10,Beauty,59.27,1,15,50.38,25,4.9,South,Credit Card,7.0
ORD101010,2023-07-16,Groceries,17.86,4,5,67.85,54,4.3,East,Credit Card,3.0
ORD102121,2024-11-27,Groceries,10.31,2,5,19.58,40,3.9,West,PayPal,4.0
ORD103995,2023-09-02,Electronics,289.92,3,0,869.75,66,4.8,South,UPI,5.0
ORD100061,2024-06-28,Sports,37.64,4,0,150.58,29,3.5,South,Credit Card,4.0
ORD101032,2024-06-18,Home & Kitchen,88.03,3,0,264.09,30,5.0,West,Credit Card,8.0
ORD103245,2024-08-15,Electronics,200.14,2,5,380.27,67,3.6,West,Credit Card,3.0
ORD100095,2023-07-30,Toys,35.94,1,0,35.94,62,5.0,Central,Debit Card,3.0
ORD100478,2024-04-30,Sports,51.45,3,0,154.36,32,4.1,Central,UPI,7.0
ORD104321,2023-11-24,Groceries,14.33,5,20,57.34,64,4.0,South,Debit Card,7.0
ORD100842,2024-10-26,Electronics,97.46,3,0,292.38,35,4.0,Central,UPI,3.0
ORD100889,2023-07-17,Clothing,65.16,1,5,61.9,69,4.6,South,Debit Card,6.0
ORD101616,2024-08-03,Books,9.07,5,15,38.53,65,5.0,Central,Credit Card,6.0
ORD101902,2024-06-10,Electronics,362.76,3,5,1033.85,31,3.7,East,Credit Card,6.0
ORD101505,2023-06-27,Electronics,315.44,1,5,299.66,28,4.0,Central,PayPal,3.0
ORD100322,2024-03-25,Electronics,307.94,1,15,261.75,62,3.4,East,Credit Card,6.0
ORD101322,2024-02-06,Books,22.17,5,0,110.84,44,3.7,West,Debit Card,5.0
ORD103473,2024-10-09,Groceries,13.28,2,25,19.91,69,4.9,North,Credit Card,1.0
ORD104041,2024-04-21,Clothing,56.15,1,15,47.73,27,5.0,West,Credit Card,6.0
ORD102387,2024-12-14,Sports,72.46,1,15,61.59,55,4.6,East,Debit Card,5.0
ORD101425,2024-08-18,Books,20.72,2,10,37.3,66,,North,Debit Card,4.0
ORD102521,2023-02-02,Beauty,27.01,1,5,25.66,62,5.0,East,PayPal,3.0
ORD103129,2024-08-01,Clothing,32.53,4,10,117.12,43,3.9,West,Credit Card,5.0
ORD101187,2024-03-13,Groceries,11.04,1,0,11.04,66,3.8,Central,PayPal,5.0
ORD102463,2024-03-04,Clothing,19.15,5,0,95.76,44,4.3,North,UPI,2.0
ORD100291,2023-07-15,Electronics,235.37,5,20,941.48,43,4.4,Central,PayPal,6.0
ORD102357,2023-06-10,Sports,59.91,1,30,41.94,24,3.5,East,Credit Card,3.0
ORD102754,2024-12-25,Beauty,63.88,1,15,54.3,51,3.6,Central,PayPal,9.0
ORD100533,2023-07-28,Clothing,21.42,1,5,20.35,24,4.2,East,PayPal,7.0
ORD102053,2024-11-23,Sports,45.68,5,30,159.89,40,4.2,South,UPI,5.0
ORD103935,2024-09-12,Clothing,38.88,2,10,69.98,53,5.0,Central,Debit Card,8.0
ORD101261,2024-11-06,Clothing,16.61,2,5,31.55,52,4.4,Central,Debit Card,6.0
ORD101876,2023-06-20,Sports,18.73,1,0,18.73,43,4.6,North,PayPal,4.0
ORD102587,2023-08-23,Home & Kitchen,110.13,2,30,154.19,63,3.1,North,Credit Card,6.0
ORD104019,2024-05-17,Clothing,41.62,5,0,208.09,53,3.4,North,Cash on Delivery,2.0
ORD104982,2023-05-17,Books,23.71,5,0,118.57,55,3.8,North,Cash on Delivery,6.0
ORD103334,2023-02-22,Books,7.44,3,0,22.32,48,4.2,East,PayPal,2.0
ORD100428,2023-01-19,Clothing,51.93,5,25,194.72,29,3.2,South,UPI,5.0
ORD101038,2023-11-16,Electronics,139.08,5,30,486.8,53,3.5,South,Debit Card,9.0
ORD103308,2023-01-18,Electronics,331.75,4,0,1327.01,53,2.9,North,Credit Card,5.0
ORD104302,2023-04-08,Home & Kitchen,88.27,1,0,88.27,32,4.2,Central,Debit Card,5.0
ORD103648,2024-12-31,Toys,43.94,2,0,87.88,22,2.7,South,Credit Card,6.0
ORD101192,2023-05-05,Electronics,121.42,1,30,85.0,63,3.1,Central,UPI,2.0
ORD102238,2023-12-15,Electronics,209.25,1,10,188.33,25,5.0,East,Cash on Delivery,5.0
ORD102426,2023-04-26,Electronics,348.56,5,15,1481.39,58,3.2,South,PayPal,6.0
ORD101084,2023-05-27,Toys,35.55,1,0,35.55,44,4.3,East,Credit Card,2.0
ORD100626,2023-09-05,Books,21.33,5,10,95.99,38,2.4,South,Cash on Delivery,3.0
ORD102021,2024-04-27,Home & Kitchen,82.1,1,0,82.1,29,3.4,Central,Credit Card,5.0
ORD104711,2024-08-04,Beauty,30.71,2,0,61.42,51,3.7,West,PayPal,4.0
ORD104570,2024-05-20,Sports,82.8,5,0,5864.733063372636,44,5.0,North,UPI,6.0
ORD104970,2024-09-17,Electronics,283.0,3,30,594.3,30,3.6,Central,Credit Card,
ORD100657,2024-04-07,Electronics,226.58,4,5,861.02,64,2.3,West,Credit Card,3.0
ORD102559,2024-03-06,Electronics,322.23,3,0,966.7,37,4.1,Central,UPI,7.0
ORD100763,2024-11-15,Home & Kitchen,97.28,5,5,462.08,68,3.0,Central,Credit Card,1.0
ORD100787,2024-05-16,Home & Kitchen,46.17,5,0,230.84,29,5.0,North,PayPal,6.0
ORD103286,2023-04-06,Toys,16.91,2,0,33.81,34,4.8,East,Debit Card,
ORD101183,2023-11-24,Home & Kitchen,121.66,5,0,608.31,38,5.0,East,Credit Card,5.0
ORD104510,2023-08-07,Electronics,143.68,4,0,574.72,56,3.5,North,Debit Card,3.0
ORD102280,2024-07-11,Clothing,43.7,4,0,174.78,63,3.6,South,Cash on Delivery,4.0
ORD100952,2024-03-25,Electronics,146.79,3,15,374.32,55,2.9,North,Credit Card,4.0
ORD103543,2024-07-20,Groceries,9.02,2,0,18.04,53,3.2,South,Credit Card,1.0
ORD101937,2024-02-10,Clothing,54.92,4,0,219.68,60,5.0,North,Credit Card,6.0
ORD101543,2024-02-21,Groceries,12.74,2,20,20.38,64,4.4,South,Cash on Delivery,6.0
ORD102282,2023-08-25,Toys,23.66,2,15,40.22,39,3.3,Central,PayPal,4.0
ORD101020,2023-02-10,Home & Kitchen,77.63,3,15,197.96,39,5.0,East,Credit Card,6.0
ORD101736,2024-01-03,Clothing,39.88,5,5,189.42,57,5.0,East,PayPal,5.0
ORD101281,2024-06-24,Beauty,35.27,5,0,176.37,69,5.0,West,Cash on Delivery,5.0
ORD102201,2023-01-06,Home & Kitchen,97.76,4,0,391.05,45,4.3,South,Credit Card,7.0
ORD100070,2024-08-04,Electronics,235.86,4,20,754.74,68,,Central,Credit Card,2.0
ORD100949,2023-07-23,Beauty,35.44,5,5,168.32,37,3.6,East,Cash on Delivery,6.0
ORD101231,2024-06-20,Toys,23.26,3,0,69.78,31,2.9,East,Credit Card,2.0
ORD100831,2023-06-26,Clothing,44.39,5,25,166.45,66,4.5,Central,Credit Card,7.0
ORD103303,2023-07-20,Books,27.75,1,0,27.75,64,4.4,Central,Credit Card,6.0
ORD101934,2023-04-18,Books,38.37,2,15,65.23,21,3.6,Central,Cash on Delivery,6.0
ORD103738,2024-05-03,Beauty,48.77,1,0,48.77,60,3.8,East,PayPal,6.0
ORD104277,2024-07-13,Books,21.31,3,5,60.73,29,4.2,Central,UPI,3.0
ORD104676,2024-02-11,Electronics,151.48,4,15,515.03,31,3.0,West,Credit Card,4.0
ORD101612,2024-05-04,Beauty,29.09,2,0,58.17,57,4.6,North,Credit Card,7.0
ORD101221,2024-02-09,Home & Kitchen,89.11,1,10,80.2,22,,East,Credit Card,9.0
ORD100501,2024-04-21,Books,22.09,4,0,88.35,22,1.8,West,Credit Card,4.0
ORD103519,2024-11-04,Groceries,2.24,2,5,4.25,53,,North,UPI,9.0
ORD101174,2023-01-07,Beauty,12.74,4,0,50.96,28,4.9,South,Credit Card,5.0
ORD102700,2024-10-06,Clothing,33.87,2,30,47.41,50,4.5,North,Debit Card,5.0
ORD104908,2024-08-06,Books,14.16,5,10,63.71,27,3.6,Central,Debit Card,9.0
ORD104391,2024-08-19,Clothing,31.92,1,0,31.92,61,4.0,North,PayPal,3.0
ORD101330,2023-11-25,Home & Kitchen,70.73,4,15,240.47,38,3.7,West,Credit Card,2.0
ORD102342,2024-02-03,Clothing,58.36,2,0,116.73,42,3.9,South,Credit Card,2.0
ORD100896,2024-01-08,Electronics,236.73,1,5,224.89,29,5.0,East,PayPal,5.0
ORD104971,2023-10-08,Beauty,26.09,2,0,52.19,22,4.7,West,PayPal,2.0
ORD104928,2023-05-14,Books,12.61,5,0,63.04,22,5.0,North,Credit Card,7.0
ORD102610,2024-12-10,Electronics,316.36,2,15,537.81,68,4.1,South,Cash on Delivery,6.0
ORD104846,2024-09-04,Clothing,47.11,2,10,1201.3366920479239,56,5.0,East,Credit Card,5.0
ORD101090,2024-01-03,Beauty,44.11,1,10,39.7,54,4.5,Central,Debit Card,1.0
ORD101946,2023-04-25,Clothing,45.66,5,0,228.29,31,,North,Credit Card,6.0
ORD100944,2023-04-05,Toys,30.69,4,15,104.34,42,4.8,North,Credit Card,2.0
ORD103742,2024-11-17,Electronics,316.79,3,20,760.29,41,4.0,South,Debit Card,6.0
ORD102351,2024-07-02,Sports,43.73,2,15,74.35,47,4.1,East,PayPal,7.0
ORD101626,2024-02-27,Home & Kitchen,77.98,5,10,350.9,48,2.8,North,Credit Card,3.0
ORD102588,2024-12-10,Groceries,16.9,3,10,45.62,52,3.9,South,PayPal,3.0
ORD103757,2024-02-05,Electronics,222.81,2,25,334.21,59,4.2,Central,Debit Card,6.0
ORD101437,2024-04-22,Sports,101.38,5,0,506.9,49,4.4,West,Credit Card,8.0
ORD104753,2024-09-29,Books,14.4,4,25,43.2,38,4.1,East,Credit Card,5.0
ORD103669,2023-06-08,Sports,38.96,4,10,140.27,46,5.0,North,Credit Card,2.0
ORD102648,2024-11-15,Toys,38.53,2,0,77.07,63,3.7,East,Debit Card,3.0
ORD100233,2024-07-08,Clothing,56.93,1,20,45.55,58,4.6,South,Credit Card,8.0
ORD104644,2023-01-20,Toys,29.53,4,15,100.39,65,5.0,Central,Credit Card,4.0
ORD100798,2023-08-19,Home & Kitchen,56.7,5,25,3012.266755072524,48,5.0,North,PayPal,2.0
ORD100633,2023-10-05,Electronics,213.81,5,0,1069.04,44,3.3,West,Credit Card,3.0
ORD102314,2023-06-15,Home & Kitchen,132.36,5,10,595.63,40,3.1,Central,Cash on Delivery,3.0
ORD100415,2024-05-10,Electronics,224.39,1,0,224.39,42,4.2,South,UPI,5.0
ORD102659,2023-04-28,Clothing,42.67,4,0,170.66,38,3.5,Central,Debit Card,2.0
ORD102024,2023-02-23,Sports,66.4,3,0,199.19,40,2.5,West,Credit Card,6.0
ORD102607,2023-07-08,Clothing,30.19,3,30,63.41,39,4.2,North,Credit Card,7.0
ORD103893,2023-05-28,Electronics,316.85,1,15,269.33,34,3.5,South,Credit Card,4.0
ORD103493,2024-06-27,Toys,20.57,4,0,82.29,55,,North,Credit Card,3.0
ORD100810,2023-02-02,Groceries,7.0,5,0,35.02,45,4.6,West,Credit Card,5.0
ORD100017,2023-04-04,Clothing,39.25,4,0,157.0,39,4.2,North,Debit Card,1.0
ORD102533,2023-05-05,Home & Kitchen,51.35,3,30,107.83,46,4.2,West,UPI,9.0
ORD102462,2023-12-13,Home & Kitchen,97.43,5,5,462.79,68,4.8,Central,Credit Card,5.0
ORD102091,2023-08-27,Home & Kitchen,73.59,4,10,264.92,44,4.6,East,Debit Card,6.0
ORD102170,2023-01-16,Electronics,296.38,5,10,1333.71,44,,Central,Credit Card,8.0
ORD100596,2024-02-28,Electronics,227.09,3,25,510.95,20,3.8,West,Credit Card,4.0
ORD104408,2023-07-10,Groceries,9.82,2,20,15.72,31,2.8,Central,PayPal,8.0
ORD102194,2024-04-25,Clothing,62.43,3,0,187.28,34,4.2,West,Credit Card,4.0
ORD104397,2023-07-09,Electronics,453.52,1,10,408.17,42,4.8,South,UPI,7.0
ORD101557,2024-07-19,Groceries,5.15,1,0,5.15,19,5.0,North,UPI,4.0
ORD102244,2024-06-03,Electronics,20.61,4,0,82.42,32,3.8,West,Credit Card,4.0
ORD104439,2023-08-19,Clothing,59.15,3,0,177.46,50,4.5,South,Debit Card,6.0
ORD100371,2024-04-28,Home & Kitchen,86.83,4,0,347.33,60,5.0,South,PayPal,4.0
ORD103718,2024-05-13,Electronics,478.8,1,10,430.92,43,5.0,Central,PayPal,9.0
ORD102757,2024-04-08,Home & Kitchen,90.05,4,0,360.19,31,2.2,North,UPI,4.0
ORD103053,2023-09-19,Electronics,389.36,5,30,1362.77,24,4.0,North,PayPal,5.0
ORD100598,2024-04-03,Clothing,18.36,4,20,58.75,47,3.9,North,Debit Card,3.0
ORD100676,2024-02-29,Toys,21.69,1,10,19.52,18,4.0,South,Credit Card,4.0
ORD100238,2023-08-14,Sports,74.07,1,0,74.07,60,2.6,West,Cash on Delivery,5.0
ORD104012,2024-05-19,Electronics,205.32,2,0,410.64,37,3.9,Central,Credit Card,3.0
ORD104264,2024-03-14,Clothing,44.93,5,10,202.19,45,,South,PayPal,4.0
ORD101212,2023-12-03,Groceries,28.0,5,10,125.98,44,4.2,West,PayPal,6.0
ORD101849,2023-05-01,Beauty,55.35,3,10,149.44,56,3.3,East,Credit Card,9.0
ORD102042,2024-06-29,Groceries,8.45,5,5,40.16,36,5.0,East,Cash on Delivery,4.0
ORD101362,2023-09-14,Sports,53.14,1,30,37.2,55,5.0,South,Credit Card,5.0
ORD104369,2024-01-20,Books,6.07,3,0,18.22,63,3.2,Central,Credit Card,7.0
ORD103534,2023-03-06,Groceries,21.73,5,30,76.07,58,4.9,West,UPI,5.0
ORD103166,2024-07-01,Clothing,49.78,5,30,174.24,52,3.5,Central,Credit Card,7.0
ORD102804,2023-05-06,Electronics,286.4,4,25,859.19,55,3.4,North,Cash on Delivery,5.0
ORD104256,2023-08-28,Beauty,40.51,4,30,113.44,23,4.8,South,PayPal,5.0
ORD103862,2023-07-01,Home & Kitchen,97.64,2,10,175.76,56,3.5,Central,Credit Card,7.0
ORD102829,2023-04-03,Clothing,46.7,5,0,233.49,64,4.8,Central,Debit Card,4.0
ORD102367,2023-05-09,Clothing,45.37,1,10,40.84,31,5.0,South,Credit Card,4.0
ORD101756,2023-09-12,Electronics,18.01,5,20,72.02,40,5.0,North,Credit Card,4.0
ORD104296,2023-11-22,Beauty,31.37,4,25,94.1,65,3.6,West,Debit Card,6.0
ORD104289,2023-08-14,Toys,21.92,5,5,104.12,54,2.5,West,Debit Card,3.0
ORD102414,2023-09-29,Clothing,81.79,5,20,327.17,54,5.0,West,Credit Card,1.0
ORD104008,2023-05-19,Books,29.15,4,5,110.76,64,4.2,Central,Debit Card,5.0
ORD103674,2024-04-17,Home & Kitchen,52.54,1,0,52.54,50,3.7,East,Credit Card,7.0
ORD103557,2023-09-10,Books,16.64,1,10,14.98,60,3.0,West,Credit Card,3.0
ORD104112,2023-04-21,Home & Kitchen,99.53,2,15,169.21,35,4.7,East,Debit Card,7.0
ORD100621,2023-12-16,Clothing,36.48,5,0,182.4,54,2.4,Central,Cash on Delivery,4.0
ORD102341,2023-10-16,Home & Kitchen,67.0,2,0,134.0,61,4.0,East,Credit Card,6.0
ORD103702,2023-07-02,Books,16.9,4,0,67.59,26,4.8,East,UPI,12.0
ORD100566,2023-06-16,Home & Kitchen,103.85,5,0,519.24,62,4.4,West,Credit Card,4.0
ORD101514,2023-06-30,Books,22.32,1,15,18.97,37,5.0,North,Credit Card,7.0
ORD102520,2023-11-20,Toys,14.27,4,15,48.52,36,4.2,South,PayPal,7.0
ORD101215,2023-03-25,Beauty,42.92,3,20,103.0,42,4.2,North,Debit Card,5.0
ORD100051,2023-05-23,Home & Kitchen,67.66,2,0,135.32,37,4.7,Central,Credit Card,6.0
ORD102210,2024-05-26,Beauty,46.62,4,20,149.2,61,1.5,North,UPI,5.0
ORD100807,2023-03-22,Electronics,203.4,4,0,813.59,61,2.1,East,Credit Card,5.0
ORD102702,2023-06-11,Electronics,329.11,5,20,1316.43,52,4.8,Central,Debit Card,7.0
ORD104183,2024-09-15,Beauty,54.49,1,0,54.49,50,3.7,East,Credit Card,5.0
ORD100534,2024-02-27,Groceries,18.1,4,5,68.78,26,4.0,East,Credit Card,1.0
ORD103249,2023-10-16,Groceries,2.76,2,0,5.52,39,2.7,East,Debit Card,7.0
ORD103961,2024-09-20,Sports,95.57,2,10,172.03,42,2.4,West,Debit Card,2.0
ORD100443,2023-12-24,Electronics,202.61,5,15,861.07,23,3.4,North,PayPal,5.0
ORD101001,2024-06-22,Books,21.02,4,0,84.09,49,4.9,East,PayPal,7.0
ORD100195,2023-03-06,Electronics,334.88,4,0,1339.52,65,2.9,West,UPI,7.0
ORD101420,2024-11-25,Electronics,174.03,1,10,156.63,52,2.7,North,Debit Card,4.0
ORD100812,2024-05-15,Books,26.32,5,0,131.6,62,3.8,North,Credit Card,9.0
ORD101874,2023-10-26,Books,23.52,3,25,52.92,60,3.8,West,Debit Card,3.0
ORD104455,2023-02-19,Home & Kitchen,73.83,5,0,369.13,46,4.1,East,Cash on Delivery,7.0
ORD103063,2023-04-04,Electronics,329.73,3,20,791.36,24,2.9,Central,UPI,6.0
ORD104307,2024-08-07,Groceries,8.07,1,5,7.67,20,5.0,East,Debit Card,3.0
ORD103270,2023-05-01,Beauty,43.3,2,10,77.93,23,4.4,South,Credit Card,4.0
ORD102609,2024-08-27,Beauty,45.67,2,10,82.2,42,4.2,North,Debit Card,3.0
ORD103933,2024-06-17,Toys,28.62,2,10,51.52,24,4.8,East,Credit Card,6.0
ORD104190,2023-11-10,Home & Kitchen,78.91,4,0,315.66,50,3.1,East,Debit Card,5.0
ORD100644,2024-07-17,Beauty,32.57,3,5,92.84,28,3.0,South,Credit Card,7.0
ORD102284,2024-05-12,Groceries,6.04,4,30,16.9,61,3.8,North,Credit Card,3.0
ORD103591,2023-08-04,Electronics,345.85,1,0,345.85,24,4.1,West,Credit Card,
ORD102577,2023-11-26,Electronics,195.31,3,5,556.64,25,5.0,West,Debit Card,5.0
ORD104447,2023-05-19,Sports,48.54,3,10,131.07,53,2.2,South,Credit Card,5.0
ORD100120,2023-11-18,Toys,6.57,4,0,26.3,35,3.1,West,Debit Card,3.0
ORD101268,2024-11-27,Sports,34.94,2,10,62.9,42,4.6,West,PayPal,4.0
ORD104613,2024-01-17,Books,15.34,3,30,32.21,60,4.5,South,PayPal,2.0
ORD104938,2023-08-05,Clothing,50.54,1,0,50.54,65,3.3,South,Cash on Delivery,8.0
ORD102495,2023-05-31,Clothing,34.41,2,10,61.94,49,4.1,Central,Credit Card,3.0
ORD102022,2024-04-26,Beauty,24.23,5,15,102.98,60,4.9,Central,Credit Card,3.0
ORD100134,2024-08-04,Home & Kitchen,80.22,2,0,160.43,22,4.2,East,UPI,5.0
ORD102789,2024-09-02,Books,19.86,3,0,59.57,45,5.0,South,Debit Card,7.0
ORD103857,2023-01-14,Groceries,16.72,2,15,28.42,40,3.3,South,UPI,7.0
ORD104766,2024-02-22,Clothing,34.63,5,10,155.85,48,5.0,West,PayPal,5.0
ORD100184,2023-12-29,Clothing,16.8,2,5,31.92,20,3.8,East,UPI,3.0
ORD101360,2023-03-02,Home & Kitchen,74.45,4,15,253.15,24,2.6,West,Credit Card,6.0
ORD101703,2023-05-26,Books,14.05,1,15,11.94,22,3.9,East,Debit Card,8.0
ORD100511,2024-06-29,Toys,34.6,3,30,72.65,19,4.1,South,Credit Card,3.0
ORD100877,2024-06-28,Toys,33.5,4,15,113.91,59,3.2,North,Credit Card,6.0
ORD100062,2023-09-26,Beauty,12.07,4,15,41.02,29,4.4,East,Debit Card,6.0
ORD104786,2024-02-15,Beauty,34.53,5,15,146.77,65,3.2,East,UPI,4.0
ORD102722,2023-03-25,Electronics,188.43,4,5,716.04,63,5.0,South,Credit Card,5.0
ORD103787,2023-01-16,Groceries,11.73,3,15,29.91,44,2.9,Central,Debit Card,5.0
ORD102575,2023-08-29,Clothing,45.21,5,25,169.53,26,3.5,Central,UPI,4.0
ORD100776,2023-11-06,Home & Kitchen,192.72,1,5,183.09,18,3.4,South,Credit Card,6.0
ORD100251,2023-12-28,Sports,46.32,5,0,231.59,23,4.2,East,Debit Card,1.0
ORD102394,2023-12-12,Sports,52.96,2,0,105.93,29,5.0,South,Credit Card,3.0
ORD100859,2024-08-08,Sports,70.19,1,0,70.19,41,4.3,East,Cash on Delivery,3.0
ORD103760,2023-05-08,Toys,2.21,2,0,4.42,31,3.5,Central,PayPal,7.0
ORD102656,2023-02-12,Clothing,62.07,5,10,279.33,46,4.3,East,PayPal,6.0
ORD103388,2023-07-31,Toys,37.75,1,25,28.31,40,2.7,West,Cash on Delivery,6.0
ORD100122,2024-04-23,Clothing,46.75,2,15,79.48,40,4.0,Central,UPI,2.0
ORD103710,2023-09-21,Electronics,210.04,5,25,787.66,65,4.4,South,PayPal,6.0
ORD101168,2024-12-30,Clothing,62.95,4,15,214.05,63,4.5,East,Credit Card,5.0
ORD101941,2023-07-05,Clothing,44.0,5,0,220.02,25,3.5,West,UPI,7.0
ORD103807,2023-04-24,Toys,24.99,4,30,69.96,42,,South,Debit Card,5.0
ORD100567,2023-07-02,Electronics,255.34,5,10,1149.01,37,4.0,North,Debit Card,3.0
ORD102370,2023-02-02,Home & Kitchen,32.2,5,15,136.87,42,4.6,West,Credit Card,4.0
ORD103250,2023-09-05,Electronics,201.05,5,0,1005.27,67,4.3,West,Credit Card,5.0
ORD101533,2023-05-18,Books,20.46,3,0,61.39,28,4.9,South,Credit Card,10.0
ORD104214,2024-05-15,Sports,62.29,2,0,124.59,23,4.2,East,PayPal,8.0
ORD104985,2023-02-07,Beauty,36.63,4,15,124.55,65,5.0,Central,Credit Card,7.0
ORD101893,2024-06-03,Sports,8.53,4,0,34.11,29,3.8,South,Credit Card,11.0
ORD101491,2023-12-24,Home & Kitchen,59.02,4,0,236.07,37,3.9,South,PayPal,3.0
ORD104770,2023-08-05,Toys,25.72,4,15,87.43,19,4.0,West,Credit Card,4.0
ORD104200,2024-05-10,Clothing,45.92,4,0,183.68,23,5.0,South,Debit Card,6.0
ORD100720,2023-04-12,Clothing,19.37,4,10,69.74,55,3.3,North,Debit Card,5.0
ORD102764,2023-05-30,Clothing,47.13,1,15,40.06,26,4.6,South,Cash on Delivery,6.0
ORD102077,2023-11-18,Electronics,115.33,1,20,92.27,39,3.3,East,Cash on Delivery,4.0
ORD101456,2024-12-20,Groceries,20.04,2,5,38.07,58,3.7,Central,Credit Card,5.0
ORD104357,2023-07-07,Clothing,73.52,5,5,349.21,50,5.0,West,Debit Card,6.0
ORD103260,2023-11-15,Electronics,210.18,3,5,599.01,61,3.6,North,Cash on Delivery,5.0
ORD100602,2024-06-24,Groceries,15.62,2,30,21.87,54,3.8,West,Credit Card,5.0
ORD102099,2023-06-30,Clothing,77.13,2,0,154.26,45,4.2,South,Debit Card,1.0
ORD101569,2024-12-20,Electronics,293.16,5,10,1319.23,53,4.3,South,PayPal,6.0
ORD101101,2023-12-10,Electronics,331.94,5,30,1161.78,43,3.6,Central,PayPal,7.0
ORD103525,2023-06-04,Toys,23.51,5,0,117.53,57,5.0,East,Debit Card,7.0
ORD100318,2024-11-17,Home & Kitchen,66.51,5,0,332.55,65,5.0,East,PayPal,5.0
ORD104497,2023-10-11,Clothing,50.09,2,30,70.13,64,,Central,Debit Card,5.0
ORD101293,2023-01-04,Electronics,219.78,1,10,197.8,69,2.5,South,PayPal,8.0
ORD100274,2023-11-02,Beauty,59.21,1,20,47.37,46,4.6,Central,Credit Card,
ORD102962,2024-12-12,Electronics,185.36,4,10,667.3,41,4.3,East,Debit Card,3.0
ORD100549,2024-05-12,Clothing,25.65,2,0,51.3,41,4.0,North,Credit Card,9.0
ORD102223,2023-11-06,Books,32.82,4,0,131.28,29,4.0,North,PayPal,5.0
ORD103901,2024-11-26,Electronics,403.62,4,25,1210.86,24,4.4,East,Debit Card,2.0
ORD104942,2024-09-04,Sports,67.33,1,0,67.33,35,3.1,East,Debit Card,5.0
ORD104549,2024-09-27,Clothing,54.54,4,10,196.35,49,3.6,North,Debit Card,5.0
ORD100605,2024-01-27,Sports,59.58,4,30,166.82,54,4.1,West,PayPal,8.0
ORD102259,2024-12-26,Groceries,20.02,5,15,85.08,42,4.2,North,Credit Card,4.0
ORD100527,2023-04-16,Toys,26.13,1,0,26.13,68,3.9,East,Credit Card,4.0
ORD102515,2024-08-22,Clothing,39.53,3,0,118.6,55,4.1,North,Credit Card,8.0
ORD104966,2023-06-15,Electronics,279.35,1,30,195.55,23,2.9,East,Debit Card,5.0
ORD102456,2024-09-06,Toys,39.59,5,20,158.36,56,4.5,East,Credit Card,7.0
ORD103845,2023-12-15,Sports,57.3,5,20,229.21,33,3.6,South,Debit Card,8.0
ORD104954,2023-10-02,Groceries,15.52,5,30,54.32,63,1.9,Central,UPI,5.0
ORD101873,2024-11-19,Electronics,226.5,5,25,849.37,39,3.2,Central,Credit Card,5.0
ORD103214,2024-02-15,Electronics,162.43,5,0,812.13,34,5.0,North,Credit Card,10.0
ORD100298,2023-07-28,Sports,48.98,3,15,124.89,51,3.7,North,Credit Card,2.0
ORD101135,2023-02-12,Electronics,343.24,5,10,1544.6,69,5.0,Central,Credit Card,8.0
ORD102585,2024-02-10,Home & Kitchen,42.92,2,0,85.84,34,3.1,Central,Credit Card,7.0
ORD101877,2024-10-17,Electronics,136.16,2,0,272.31,26,3.2,East,Credit Card,5.0
ORD104772,2023-05-10,Electronics,216.04,1,10,194.44,59,4.4,West,Credit Card,7.0
ORD104994,2024-04-14,Toys,29.37,3,5,83.7,58,4.6,South,Credit Card,10.0
ORD104074,2023-08-26,Home & Kitchen,67.95,3,0,203.86,52,4.4,North,Cash on Delivery,8.0
ORD101615,2023-05-07,Clothing,59.0,4,0,236.0,42,4.5,South,PayPal,2.0
ORD104948,2023-07-13,Home & Kitchen,75.37,4,0,301.5,28,5.0,South,Credit Card,6.0
ORD100150,2024-09-17,Groceries,17.34,4,0,69.35,36,3.6,East,Debit Card,4.0
ORD100756,2024-06-23,Electronics,312.0,5,20,1247.98,63,2.6,North,PayPal,4.0
ORD101052,2024-01-02,Clothing,36.71,3,20,88.11,52,4.0,North,Debit Card,7.0
ORD102519,2024-12-29,Home & Kitchen,67.95,1,30,47.57,51,4.6,South,PayPal,5.0
ORD104255,2023-08-28,Electronics,246.34,1,20,197.07,62,4.7,South,Credit Card,6.0
ORD101483,2023-03-23,Clothing,52.19,5,15,221.82,52,4.7,North,UPI,4.0
ORD101115,2023-12-25,Sports,61.67,5,0,308.34,41,4.2,North,Credit Card,7.0
ORD103065,2024-02-07,Clothing,20.32,5,15,86.36,56,2.9,Central,UPI,6.0
ORD102254,2023-08-04,Groceries,13.7,2,20,21.92,59,2.7,South,Credit Card,4.0
ORD100376,2024-06-22,Clothing,37.6,5,0,187.98,41,3.8,East,Credit Card,6.0
ORD102103,2023-04-05,Sports,74.92,5,20,299.67,31,3.6,South,PayPal,5.0
ORD104222,2024-08-26,Home & Kitchen,49.37,4,0,197.46,64,3.4,Central,Cash on Delivery,5.0
ORD102339,2023-03-09,Electronics,447.04,5,20,1788.17,38,3.1,Central,Debit Card,1.0
ORD103944,2023-04-06,Clothing,64.27,5,10,289.23,52,4.0,North,Debit Card,4.0
ORD100378,2023-10-05,Home & Kitchen,100.77,5,0,503.87,54,3.8,West,PayPal,7.0
ORD102775,2023-08-09,Beauty,19.35,3,5,55.15,65,3.9,Central,UPI,2.0
ORD104135,2024-12-10,Clothing,77.73,3,15,198.21,65,3.6,North,Debit Card,7.0
ORD104420,2024-06-11,Beauty,65.29,3,15,166.5,41,3.2,South,Credit Card,9.0
ORD100907,2023-05-07,Clothing,30.77,3,15,78.45,52,4.5,South,PayPal,3.0
ORD101370,2024-10-05,Clothing,48.66,3,15,124.09,35,4.6,South,Debit Card,10.0
ORD101954,2024-12-10,Home & Kitchen,78.91,5,5,374.85,41,3.0,South,PayPal,6.0
ORD101721,2024-06-26,Electronics,124.27,1,15,105.63,50,4.2,East,Credit Card,4.0
ORD103313,2023-06-14,Sports,34.97,4,15,118.91,66,5.0,South,PayPal,4.0
ORD103055,2023-12-16,Toys,31.92,5,15,135.67,58,5.0,West,Credit Card,5.0
ORD101869,2024-07-18,Home & Kitchen,58.35,5,30,204.22,40,3.7,Central,UPI,7.0
ORD103915,2023-02-27,Electronics,176.42,5,20,705.68,37,2.8,East,Credit Card,4.0
ORD104634,2023-03-15,Clothing,54.26,1,0,54.26,23,3.4,West,Credit Card,7.0
ORD100794,2023-11-12,Home & Kitchen,56.91,5,5,270.33,31,4.6,Central,Debit Card,3.0
ORD102552,2023-06-08,Books,26.05,5,5,123.72,53,4.3,South,Cash on Delivery,6.0
ORD100841,2024-04-24,Beauty,32.63,1,0,32.63,59,2.7,North,UPI,5.0
ORD103337,2023-02-06,Home & Kitchen,69.51,5,0,347.54,29,4.0,West,Credit Card,6.0
ORD101702,2024-05-13,Electronics,256.27,3,0,768.8,35,2.4,North,Credit Card,1.0
ORD100175,2023-12-04,Home & Kitchen,42.7,5,20,170.8,52,5.0,North,Cash on Delivery,5.0
ORD101808,2023-03-07,Groceries,17.47,2,15,29.7,66,3.1,Central,PayPal,6.0
ORD102792,2024-06-11,Toys,14.76,5,0,73.79,47,2.4,North,Cash on Delivery,5.0
ORD103670,2023-04-16,Groceries,24.65,2,5,46.84,65,3.1,Central,PayPal,5.0
ORD100045,2024-12-10,Clothing,36.12,2,0,72.24,47,4.4,West,Debit Card,6.0
ORD102807,2023-08-16,Clothing,32.37,5,0,161.85,57,4.0,North,Credit Card,3.0
ORD102458,2023-12-13,Clothing,53.21,2,10,95.78,21,5.0,West,Cash on Delivery,1.0
ORD101755,2023-08-22,Electronics,322.02,2,20,515.24,62,5.0,West,UPI,2.0
ORD102886,2024-11-12,Electronics,340.72,4,0,1362.88,20,3.6,East,Credit Card,5.0
ORD101717,2023-10-05,Electronics,374.95,2,15,637.41,23,5.0,Central,Debit Card,4.0
ORD103599,2024-03-30,Electronics,348.54,5,0,1742.72,29,3.8,Central,Cash on Delivery,5.0
ORD103607,2024-05-21,Electronics,221.24,2,0,442.48,51,5.0,Central,PayPal,7.0
ORD102934,2024-08-13,Sports,74.11,4,10,266.79,24,4.4,East,Credit Card,7.0
ORD103792,2023-07-06,Toys,26.81,3,20,64.35,21,3.7,East,PayPal,7.0
ORD101740,2023-11-12,Beauty,29.33,2,0,58.65,49,4.0,East,PayPal,4.0
ORD103161,2024-10-12,Electronics,134.24,1,5,127.53,68,4.2,East,Credit Card,7.0
ORD102471,2023-03-14,Electronics,270.38,1,20,216.3,62,3.7,East,Credit Card,9.0
ORD100283,2023-12-25,Clothing,38.77,5,10,174.47,28,3.1,North,Cash on Delivery,4.0
ORD104048,2023-09-03,Sports,62.04,4,10,223.33,69,4.2,North,Cash on Delivery,6.0
ORD101448,2024-06-24,Toys,21.28,4,30,59.6,58,4.6,West,Credit Card,8.0
ORD101432,2023-05-06,Home & Kitchen,90.3,5,20,361.18,48,5.0,Central,Credit Card,5.0
ORD103609,2024-05-08,Books,29.18,4,10,105.07,18,4.0,East,Credit Card,6.0
ORD103095,2024-07-03,Sports,48.75,5,20,195.0,26,4.4,West,Debit Card,6.0
ORD104907,2024-07-31,Books,18.81,5,5,89.34,38,5.0,East,PayPal,4.0
ORD101075,2023-04-30,Clothing,39.33,1,25,29.5,50,3.6,South,Debit Card,6.0
ORD103038,2023-07-26,Clothing,36.55,2,0,73.1,46,4.8,East,Credit Card,5.0
ORD104803,2024-08-02,Home & Kitchen,100.23,2,30,140.33,43,4.1,North,Credit Card,6.0
ORD102602,2024-07-24,Electronics,272.96,5,0,1364.79,61,4.5,South,Debit Card,7.0
ORD103639,2024-03-29,Home & Kitchen,62.05,2,5,117.89,45,4.2,East,Debit Card,9.0
ORD102746,2023-06-14,Home & Kitchen,57.59,4,10,207.31,40,5.0,West,PayPal,3.0
ORD102361,2024-07-03,Toys,32.16,4,0,128.64,24,4.5,Central,Cash on Delivery,5.0
ORD104152,2024-10-28,Sports,17.03,2,10,30.66,26,5.0,Central,UPI,3.0
ORD101055,2024-12-28,Beauty,40.53,2,0,81.07,34,3.7,North,Debit Card,5.0
ORD100977,2024-02-23,Toys,23.9,4,15,81.27,69,4.7,West,Debit Card,4.0
ORD104604,2023-06-04,Clothing,45.17,2,20,72.27,30,3.4,West,Credit Card,5.0
ORD101872,2024-03-17,Home & Kitchen,62.56,5,15,265.86,50,5.0,North,Credit Card,6.0
ORD101539,2024-03-29,Beauty,58.69,5,10,264.1,47,5.0,South,Credit Card,4.0
ORD104937,2024-03-08,Clothing,57.96,4,30,162.27,36,4.1,North,UPI,3.0
ORD100099,2023-04-13,Groceries,5.81,2,0,11.62,55,4.2,South,Credit Card,7.0
ORD101739,2023-05-30,Sports,69.49,3,20,166.78,69,4.8,West,Credit Card,7.0
ORD104405,2024-10-16,Beauty,20.16,1,0,20.16,68,4.8,North,Credit Card,8.0
ORD101732,2024-05-26,Sports,132.15,5,5,627.73,24,4.1,East,Credit Card,5.0
ORD102197,2024-09-21,Home & Kitchen,125.43,3,10,338.66,46,4.8,West,Debit Card,5.0
ORD100351,2023-02-02,Home & Kitchen,76.28,1,15,64.84,21,4.6,North,Credit Card,4.0
ORD102787,2023-02-13,Books,16.67,2,30,23.34,56,5.0,West,Debit Card,5.0
ORD101932,2024-09-01,Beauty,33.05,1,0,33.05,38,4.0,West,Debit Card,2.0
ORD101818,2023-04-09,Toys,34.24,4,15,116.42,44,3.1,Central,Credit Card,8.0
ORD101002,2024-02-13,Electronics,37.01,3,15,94.37,63,5.0,East,Credit Card,2.0
ORD100718,2023-06-22,Clothing,48.21,5,10,216.96,40,4.5,Central,UPI,3.0
ORD102755,2024-09-29,Toys,35.34,5,20,141.36,31,4.9,North,Cash on Delivery,
ORD102776,2024-01-17,Books,17.17,5,0,85.85,45,4.3,South,Credit Card,4.0
ORD104632,2023-07-20,Electronics,250.22,5,30,875.77,19,4.6,North,Credit Card,5.0
ORD100308,2023-08-19,Electronics,278.82,4,15,947.97,37,4.2,West,UPI,5.0
ORD101564,2024-02-12,Electronics,180.13,5,10,810.6,41,4.1,West,PayPal,6.0
ORD100833,2023-04-15,Clothing,51.99,3,15,132.58,26,3.5,East,Debit Card,5.0
ORD100366,2023-12-10,Home & Kitchen,94.9,4,5,360.63,68,3.2,Central,Debit Card,5.0
ORD104879,2024-07-06,Clothing,80.3,3,10,216.82,33,4.2,Central,UPI,6.0
ORD102119,2024-05-27,Home & Kitchen,99.48,4,15,338.22,25,4.3,South,Cash on Delivery,
ORD103196,2023-06-14,Electronics,293.26,3,0,879.79,41,3.5,Central,Credit Card,5.0
ORD103836,2023-05-24,Home & Kitchen,110.08,3,0,330.23,23,1.0,North,Credit Card,4.0
ORD102589,2023-09-10,Clothing,43.47,3,5,123.9,20,2.2,South,Debit Card,2.0
ORD103988,2023-10-31,Electronics,18.82,3,15,47.98,54,5.0,North,Credit Card,7.0
ORD100019,2023-11-26,Electronics,236.28,1,5,224.47,53,4.0,Central,Credit Card,5.0
ORD101477,2023-10-16,Electronics,338.62,1,0,338.62,52,3.8,North,UPI,2.0
ORD101606,2023-04-19,Sports,72.88,3,5,207.69,53,4.8,North,PayPal,9.0
ORD102658,2024-05-06,Home & Kitchen,20.09,3,5,57.24,51,4.2,North,PayPal,5.0
ORD100218,2023-11-23,Electronics,385.83,4,0,1543.33,24,4.4,East,Debit Card,7.0
ORD101878,2024-06-15,Toys,28.1,4,0,112.39,32,4.9,East,PayPal,8.0
ORD100438,2023-03-01,Clothing,44.79,3,10,120.94,65,4.1,East,Debit Card,4.0
ORD101158,2023-10-08,Toys,42.72,1,0,42.72,54,4.3,South,Credit Card,5.0
ORD101614,2023-02-14,Beauty,26.54,1,5,25.22,22,5.0,East,PayPal,3.0
ORD104783,2024-07-06,Electronics,333.85,3,0,1001.55,40,2.0,Central,PayPal,7.0
ORD103501,2024-04-13,Electronics,169.99,4,15,577.95,61,4.3,East,PayPal,3.0
ORD101181,2024-11-08,Electronics,336.16,3,5,958.04,46,4.6,West,Cash on Delivery,5.0
ORD104697,2023-03-07,Toys,25.93,2,10,46.67,42,4.7,West,Cash on Delivery,8.0
ORD104001,2024-09-08,Clothing,5.19,5,15,22.04,60,3.5,East,PayPal,5.0
ORD102818,2023-04-04,Home & Kitchen,47.95,4,5,182.23,49,4.3,West,PayPal,
ORD100802,2024-01-12,Clothing,27.49,3,0,82.48,53,4.0,East,Debit Card,3.0
ORD103058,2023-10-12,Sports,47.18,2,15,80.21,31,3.3,East,Credit Card,8.0
ORD103574,2024-11-27,Beauty,52.02,4,10,187.26,23,3.7,West,Credit Card,3.0
ORD103796,2024-05-17,Beauty,34.61,5,0,173.04,36,3.6,North,Credit Card,6.0
ORD102465,2023-05-23,Electronics,239.33,2,5,454.73,43,4.5,North,Debit Card,4.0
ORD100582,2023-03-20,Sports,76.72,3,0,230.15,52,3.5,West,UPI,5.0
ORD100203,2024-05-26,Beauty,40.32,2,10,72.58,68,3.4,West,Debit Card,5.0
ORD104113,2024-12-15,Electronics,205.03,3,30,430.57,48,4.4,West,UPI,3.0
ORD103484,2023-10-25,Sports,83.68,2,0,167.35,51,,Central,PayPal,4.0
ORD102292,2023-06-21,Clothing,60.5,3,20,145.21,57,5.0,West,Credit Card,3.0
ORD102222,2023-01-20,Clothing,55.14,1,10,49.62,30,,North,Cash on Delivery,6.0
ORD103475,2023-06-07,Clothing,57.02,3,0,171.05,46,4.5,South,Debit Card,5.0
ORD102328,2023-01-20,Beauty,41.19,4,0,164.75,66,4.3,South,Credit Card,7.0
ORD104627,2023-05-13,Home & Kitchen,132.71,5,0,663.57,20,3.9,West,PayPal,3.0
ORD103428,2024-07-24,Toys,34.5,4,20,110.4,19,5.0,South,PayPal,4.0
ORD101995,2023-01-02,Clothing,46.18,3,0,138.53,28,4.6,East,UPI,5.0
ORD103403,2024-12-20,Beauty,23.63,2,5,44.9,24,2.2,Central,Debit Card,5.0
ORD103418,2023-03-13,Toys,50.74,5,0,253.69,42,,Central,Debit Card,6.0
ORD100517,2023-02-18,Electronics,274.68,1,0,274.68,27,4.2,North,PayPal,9.0
ORD102503,2023-03-20,Electronics,226.08,5,15,960.83,64,4.1,East,Cash on Delivery,9.0
ORD101375,2024-12-02,Home & Kitchen,53.48,4,20,171.13,64,3.7,West,Credit Card,4.0
ORD102057,2024-06-23,Sports,54.53,1,5,51.8,49,4.3,West,Credit Card,7.0
ORD100668,2024-11-02,Electronics,175.35,5,0,876.73,41,3.1,South,UPI,4.0
ORD102464,2023-12-06,Clothing,16.18,4,15,55.01,45,4.6,North,Debit Card,6.0
ORD101978,2023-02-11,Beauty,14.97,3,25,33.68,25,3.6,Central,Debit Card,5.0
ORD104961,2024-01-05,Books,14.3,5,5,67.9,45,,North,Cash on Delivery,4.0
ORD100996,2024-01-20,Sports,62.57,1,5,59.44,69,3.5,Central,PayPal,3.0
ORD102473,2023-06-01,Toys,37.83,3,10,102.14,28,5.0,North,Debit Card,3.0
ORD102801,2023-11-22,Books,23.19,5,10,104.36,23,3.9,North,Debit Card,7.0
ORD103555,2023-11-24,Electronics,204.07,4,10,734.64,56,4.3,Central,Debit Card,5.0
ORD104429,2024-11-05,Groceries,5.44,2,25,8.16,50,2.1,West,Credit Card,4.0
ORD103410,2023-02-21,Groceries,12.72,4,15,43.23,33,4.6,North,Debit Card,-1.0
ORD103460,2023-11-01,Electronics,331.56,3,10,895.2,23,4.4,West,Debit Card,5.0
ORD104638,2024-03-25,Sports,56.02,1,0,56.02,22,5.0,North,PayPal,2.0
ORD100759,2024-06-17,Electronics,437.22,2,15,743.28,59,,South,Credit Card,4.0
ORD104232,2024-03-18,Toys,35.21,5,25,132.05,47,2.4,East,Credit Card,4.0
ORD101397,2024-04-22,Home & Kitchen,112.97,5,0,564.84,56,4.7,West,Debit Card,6.0
ORD104967,2023-09-05,Electronics,254.99,1,0,254.99,36,4.9,North,Credit Card,4.0
ORD102252,2023-06-28,Clothing,25.93,2,10,46.67,63,4.2,Central,Credit Card,4.0
ORD102395,2024-04-24,Home & Kitchen,32.87,1,5,31.23,46,4.7,West,PayPal,5.0
ORD104633,2023-05-08,Home & Kitchen,61.85,4,0,247.39,39,3.8,South,PayPal,6.0
ORD100214,2024-06-22,Toys,44.84,5,0,224.22,60,1.9,South,Credit Card,6.0
ORD103398,2023-01-06,Home & Kitchen,89.61,2,0,179.22,42,3.9,Central,Debit Card,7.0
ORD101117,2024-03-04,Electronics,188.59,1,10,169.73,30,4.9,South,Credit Card,5.0
ORD100693,2024-11-22,Sports,,1,0,56.09,42,,East,Debit Card,1.0
ORD101578,2023-03-24,Electronics,312.24,1,10,281.01,27,1.8,Central,Credit Card,6.0
ORD102671,2024-09-17,Sports,76.69,4,10,276.09,20,4.2,South,UPI,5.0
ORD102499,2024-11-10,Books,21.53,1,0,21.53,19,3.8,West,PayPal,5.0
ORD101029,2023-09-02,Home & Kitchen,29.01,4,5,110.23,43,2.3,Central,PayPal,2.0
ORD101822,2023-08-09,Books,17.35,2,0,34.7,21,4.1,East,UPI,2.0
ORD101942,2024-10-01,Toys,35.92,5,20,143.66,53,3.8,West,PayPal,2.0
ORD102581,2023-12-04,Books,17.2,4,0,68.82,27,5.0,South,Cash on Delivery,5.0
ORD104991,2024-01-17,Groceries,8.57,4,20,27.42,58,4.1,South,Debit Card,4.0
ORD100196,2023-09-08,Beauty,20.13,3,0,60.4,18,3.9,East,Credit Card,3.0
ORD103932,2024-05-28,Electronics,142.11,3,0,426.32,36,,East,Credit Card,5.0
ORD103908,2023-05-24,Sports,18.7,4,10,67.32,50,2.6,East,PayPal,2.0
ORD101924,2023-09-22,Books,19.09,1,20,15.27,59,2.5,North,PayPal,4.0
ORD100879,2024-04-05,Groceries,20.81,5,0,104.03,23,3.9,West,Credit Card,5.0
ORD103109,2023-06-22,Sports,36.61,5,20,146.45,61,3.4,South,Credit Card,5.0
ORD103693,2023-08-27,Home & Kitchen,56.41,5,25,211.54,34,3.0,Central,Credit Card,7.0
ORD104973,2024-07-18,Home & Kitchen,69.91,4,0,279.62,43,3.6,South,Credit Card,4.0
ORD101747,2023-10-03,Electronics,287.49,4,0,1149.97,43,5.0,East,Debit Card,4.0
ORD100887,2023-05-22,Groceries,17.61,5,0,88.05,54,,East,PayPal,5.0
ORD104154,2023-06-15,Home & Kitchen,54.27,3,0,162.8,65,5.0,South,PayPal,5.0
ORD100068,2023-02-25,Sports,50.89,1,20,40.71,57,4.5,West,Credit Card,8.0
ORD102728,2024-02-29,Electronics,437.36,2,0,874.72,18,5.0,West,Cash on Delivery,7.0
ORD102100,2024-10-29,Sports,38.97,3,20,93.52,49,4.5,South,Credit Card,5.0
ORD100568,2024-04-14,Sports,91.94,3,10,248.24,32,4.4,East,Debit Card,3.0
ORD102025,2023-12-12,Books,10.96,5,25,41.1,34,4.7,South,Debit Card,6.0
ORD100096,2023-06-25,Electronics,170.23,2,5,323.44,54,4.0,North,PayPal,5.0
ORD101041,2024-09-18,Books,4.24,1,0,4.24,19,5.0,South,Debit Card,6.0
ORD101454,2024-02-23,Electronics,249.85,3,0,749.56,34,3.1,East,Debit Card,3.0
ORD100139,2023-11-16,Electronics,221.41,2,20,354.26,46,2.4,North,Credit Card,4.0
ORD102313,2023-02-08,Groceries,21.31,3,0,63.94,37,4.3,Central,Credit Card,1.0
ORD102653,2023-09-30,Electronics,220.25,3,0,660.75,62,3.9,West,Debit Card,7.0
ORD101260,2023-07-14,Groceries,17.2,5,0,86.0,37,2.2,Central,Credit Card,4.0
ORD101839,2024-02-09,Beauty,40.77,2,25,61.15,45,5.0,North,Cash on Delivery,5.0
ORD103928,2024-04-29,Home & Kitchen,71.74,5,20,286.97,55,3.8,East,Credit Card,4.0
ORD101351,2023-10-14,Clothing,41.21,2,15,70.06,53,3.1,Central,Credit Card,5.0
ORD101966,2023-09-29,Electronics,131.88,5,0,659.39,57,4.5,West,PayPal,4.0
ORD103795,2023-07-21,Beauty,45.78,3,15,116.74,34,4.8,West,Cash on Delivery,4.0
ORD104026,2023-06-03,Clothing,44.54,3,20,106.9,63,4.9,East,Credit Card,5.0
ORD101025,2023-02-10,Home & Kitchen,111.61,5,0,558.04,66,3.7,South,Credit Card,5.0
ORD100463,2023-11-03,Books,17.59,5,5,83.56,44,2.9,West,PayPal,6.0
ORD102374,2024-05-26,Home & Kitchen,113.23,4,10,407.64,30,5.0,East,Debit Card,2.0
ORD101272,2024-11-11,Sports,44.98,2,0,89.96,50,3.5,East,UPI,4.0
ORD103937,2023-12-12,Clothing,53.37,2,15,90.73,56,3.6,Central,Credit Card,1.0
ORD100594,2023-08-23,Home & Kitchen,8.98,3,0,26.94,40,3.3,Central,PayPal,3.0
ORD102215,2023-10-13,Electronics,270.36,5,0,1351.81,31,5.0,Central,Credit Card,3.0
ORD104917,2023-07-19,Toys,38.7,1,0,38.7,24,3.5,East,Credit Card,4.0
ORD100625,2023-06-20,Electronics,242.15,5,5,1150.2,65,3.6,North,PayPal,3.0
ORD100450,2024-12-02,Electronics,246.67,3,10,666.01,64,2.6,West,Debit Card,4.0
ORD101550,2023-07-25,Groceries,14.87,1,15,12.64,56,4.3,South,Credit Card,2.0
ORD101412,2023-07-03,Toys,21.51,3,10,58.07,68,5.0,South,PayPal,3.0
ORD101871,2023-06-01,Electronics,299.65,1,0,299.65,46,3.1,North,Credit Card,6.0
ORD104485,2023-09-27,Sports,59.59,3,0,178.76,65,4.3,North,PayPal,6.0
ORD102470,2024-10-14,Sports,63.37,5,10,285.18,68,2.8,South,Debit Card,5.0
ORD101335,2024-12-31,Home & Kitchen,77.2,5,0,385.98,59,3.2,East,PayPal,5.0
ORD103846,2024-07-18,Groceries,31.79,2,5,60.41,27,2.4,South,Credit Card,2.0
ORD104406,2023-07-09,Beauty,30.04,4,0,120.15,66,4.5,North,Debit Card,2.0
ORD104025,2023-04-13,Groceries,10.38,4,5,39.45,66,4.7,North,Debit Card,8.0
ORD102984,2024-06-10,Toys,25.64,1,5,24.36,49,3.9,South,Debit Card,7.0
ORD104080,2024-10-22,Beauty,36.14,2,15,61.44,50,3.2,South,Credit Card,2.0
ORD103299,2024-08-09,Clothing,52.97,5,0,264.84,52,4.7,West,UPI,5.0
ORD104728,2023-03-23,Electronics,282.03,3,0,846.09,33,4.7,East,Debit Card,8.0
ORD100999,2024-01-10,Toys,22.05,2,10,39.69,43,3.7,Central,UPI,7.0
ORD101536,2023-04-23,Clothing,52.29,4,5,198.71,53,4.2,South,Credit Card,
ORD102018,2024-06-10,Beauty,29.23,5,30,102.3,51,,South,Credit Card,8.0
ORD100192,2024-03-19,Toys,20.15,3,0,60.45,26,3.6,North,PayPal,6.0
ORD103816,2023-11-27,Books,8.32,4,0,33.28,45,4.1,South,PayPal,8.0
ORD104223,2024-01-25,Electronics,177.35,3,0,532.06,58,4.0,Central,PayPal,2.0
ORD101374,2024-10-10,Groceries,18.11,2,5,34.41,29,3.8,West,PayPal,1.0
ORD104274,2023-01-25,Home & Kitchen,196.23,5,15,834.0,51,4.3,Central,Credit Card,4.0
ORD104479,2024-01-28,Sports,32.17,1,0,32.17,30,2.0,Central,UPI,9.0
ORD104968,2023-01-28,Beauty,56.2,1,0,56.2,28,4.1,Central,UPI,5.0
ORD102605,2024-07-06,Home & Kitchen,132.77,3,30,278.81,68,4.1,West,UPI,4.0
ORD103688,2024-12-07,Sports,74.1,1,30,51.87,26,3.4,Central,Credit Card,2.0
ORD102841,2024-05-30,Electronics,361.27,2,0,722.54,51,3.3,Central,Debit Card,4.0
ORD103864,2024-04-06,Toys,25.88,3,0,77.65,32,2.9,Central,Credit Card,5.0
ORD104236,2024-11-21,Electronics,231.94,5,10,1043.74,35,5.0,South,Debit Card,6.0
ORD103855,2024-06-04,Home & Kitchen,110.58,3,0,331.73,63,5.0,South,PayPal,5.0
ORD102714,2024-01-06,Home & Kitchen,94.45,4,5,358.91,24,5.0,West,Cash on Delivery,2.0
ORD103753,2023-07-16,Clothing,78.12,4,0,312.5,38,4.0,East,PayPal,4.0
ORD102245,2024-08-31,Electronics,260.78,4,0,1043.13,31,3.5,North,UPI,2.0
ORD101658,2024-09-05,Home & Kitchen,47.28,3,0,141.84,45,3.2,North,PayPal,8.0
ORD102561,2023-09-20,Electronics,158.78,3,0,476.35,31,4.4,West,Debit Card,4.0
ORD104966,2023-06-15,Electronics,279.35,1,30,195.55,23,2.9,East,Debit Card,5.0
ORD100191,2024-04-05,Clothing,16.05,3,0,48.16,33,5.0,Central,Credit Card,10.0
ORD104606,2023-06-25,Sports,41.09,1,0,41.09,19,3.5,North,Credit Card,4.0
ORD101743,2023-01-17,Home & Kitchen,76.66,3,0,229.97,22,4.5,South,Debit Card,7.0
ORD103085,2023-09-21,Groceries,6.76,5,25,25.33,20,,South,Debit Card,5.0
ORD104287,2024-08-12,Sports,36.36,5,5,172.71,66,3.7,Central,Credit Card,3.0
ORD101862,2024-09-11,Sports,85.01,1,5,80.76,47,4.8,Central,Credit Card,1.0
ORD101767,2023-12-08,Beauty,31.53,3,5,89.87,44,5.0,Central,Debit Card,5.0
ORD101894,2023-04-09,Clothing,38.03,1,10,34.22,35,2.1,South,Debit Card,6.0
ORD104849,2024-10-20,Electronics,153.44,3,15,391.27,28,3.0,West,Cash on Delivery,7.0
ORD103717,2023-07-03,Sports,76.43,2,20,122.28,18,4.8,Central,Credit Card,3.0
ORD102522,2023-06-03,Toys,24.26,2,20,38.81,61,3.4,West,Credit Card,2.0
ORD103466,2024-01-29,Beauty,41.13,5,10,185.09,30,4.6,North,Debit Card,1.0
ORD104053,2024-08-15,Electronics,206.16,1,0,206.16,39,4.0,West,Credit Card,7.0
ORD103930,2024-06-02,Home & Kitchen,19.61,1,15,16.67,51,3.9,West,UPI,6.0
ORD100166,2023-08-23,Toys,26.77,1,15,22.76,60,5.0,South,Credit Card,7.0
ORD102218,2023-07-29,Home & Kitchen,23.48,1,0,23.48,29,5.0,Central,UPI,2.0
ORD103678,2024-01-29,Clothing,52.31,2,0,104.61,68,4.3,South,Credit Card,7.0
ORD101024,2024-08-23,Home & Kitchen,122.09,1,5,115.99,29,4.8,South,Credit Card,1.0
ORD101361,2023-02-19,Electronics,0.6,4,15,2.03,44,3.9,Central,Credit Card,9.0
ORD102900,2024-01-06,Sports,49.89,1,15,42.41,21,4.1,South,Credit Card,7.0
ORD101892,2024-10-04,Home & Kitchen,112.09,2,15,190.56,56,4.9,Central,PayPal,7.0
ORD103566,2023-11-05,Home & Kitchen,123.57,5,15,525.18,46,4.8,North,PayPal,10.0
ORD101096,2024-09-02,Toys,34.76,2,10,62.58,57,5.0,North,Cash on Delivery,6.0
ORD102098,2024-07-03,Clothing,21.09,4,0,84.34,45,3.9,South,Debit Card,7.0
ORD104919,2024-01-21,Electronics,204.67,3,20,491.2,49,5.0,Central,UPI,6.0
ORD100152,2024-11-01,Beauty,45.29,5,0,226.43,59,3.5,Central,UPI,1.0
ORD102583,2024-04-26,Electronics,383.65,2,20,613.84,22,3.2,West,Cash on Delivery,2.0
ORD104795,2023-05-19,Groceries,21.72,2,0,43.44,22,5.0,North,PayPal,5.0
ORD103949,2023-05-08,Beauty,33.36,2,0,66.72,60,3.6,South,Debit Card,8.0
ORD101519,2023-12-03,Sports,35.7,2,0,71.4,24,3.1,Central,Credit Card,1.0
ORD104209,2024-03-19,Electronics,344.94,4,5,1310.76,58,4.1,South,PayPal,5.0
ORD101672,2023-07-15,Groceries,3.23,2,5,6.14,59,4.2,North,Credit Card,4.0
ORD102922,2023-04-01,Beauty,49.79,2,0,99.57,21,5.0,East,Credit Card,8.0
ORD101433,2024-02-15,Electronics,247.38,1,5,235.01,24,4.5,West,PayPal,5.0
ORD104871,2024-11-30,Toys,30.93,3,15,78.88,31,4.2,Central,Debit Card,3.0
ORD102031,2023-05-10,Clothing,32.91,4,15,111.88,18,2.8,North,Debit Card,5.0
ORD101623,2023-01-13,Clothing,66.25,5,20,265.01,61,2.4,South,Cash on Delivery,5.0
ORD100031,2023-06-16,Sports,87.02,4,0,348.09,62,5.0,Central,PayPal,6.0
ORD100937,2023-04-19,Clothing,36.7,2,0,73.4,58,4.0,Central,UPI,6.0
ORD101526,2023-08-22,Sports,38.24,1,0,38.24,23,3.7,West,Credit Card,4.0
ORD102650,2024-10-05,Sports,54.95,3,15,140.11,38,4.6,South,Debit Card,10.0
ORD104564,2024-10-17,Clothing,45.65,2,0,91.3,60,2.5,South,Cash on Delivery,1.0
ORD100309,2023-03-21,Electronics,177.21,3,0,531.63,66,4.8,South,UPI,4.0
ORD103000,2024-07-22,Electronics,176.35,1,15,149.9,31,4.0,East,Debit Card,5.0
ORD101499,2024-09-06,Electronics,403.9,5,10,1817.56,52,3.3,Central,Credit Card,7.0
ORD104157,2023-08-09,Groceries,13.6,4,10,48.96,27,,East,Debit Card,4.0
ORD104449,2024-10-18,Toys,21.57,5,0,107.84,41,3.4,North,Cash on Delivery,4.0
ORD100495,2023-10-29,Home & Kitchen,93.2,1,0,93.2,36,2.8,North,Debit Card,4.0
ORD100205,2023-07-14,Home & Kitchen,6.13,1,10,5.52,47,3.4,East,Credit Card,6.0
ORD102726,2023-04-10,Electronics,384.72,1,0,384.72,65,5.0,North,PayPal,5.0
ORD103425,2024-12-17,Electronics,230.27,4,30,644.75,59,4.2,Central,Credit Card,9.0
ORD103904,2024-09-30,Electronics,186.36,3,15,475.22,65,3.0,West,Debit Card,4.0
ORD100305,2023-04-13,Clothing,56.78,2,25,85.17,41,3.5,Central,Debit Card,10.0
ORD103866,2024-01-17,Home & Kitchen,55.57,3,0,166.7,42,3.5,Central,UPI,7.0
ORD102312,2024-01-08,Home & Kitchen,85.32,2,15,145.04,43,4.1,Central,Cash on Delivery,7.0
ORD101061,2024-05-17,Home & Kitchen,29.82,5,10,134.2,54,5.0,West,UPI,6.0
ORD100843,2023-01-27,Electronics,253.09,2,0,506.19,61,2.6,North,Debit Card,2.0
ORD102767,2024-12-27,Toys,45.57,5,0,227.83,27,,Central,Debit Card,2.0
ORD104673,2024-09-26,Sports,36.75,5,0,183.74,63,3.7,West,Credit Card,4.0
ORD100211,2024-06-08,Clothing,37.76,4,15,128.37,65,3.4,East,Credit Card,4.0
ORD101108,2024-11-18,Electronics,354.37,4,0,1417.5,66,3.5,West,Debit Card,6.0
ORD103788,2024-12-14,Clothing,45.28,1,0,45.28,43,2.9,South,Credit Card,2.0
ORD100679,2024-11-15,Home & Kitchen,63.63,3,5,181.34,28,5.0,North,PayPal,6.0
ORD100565,2023-06-23,Home & Kitchen,63.76,2,20,102.02,19,3.5,South,Debit Card,5.0
ORD104662,2023-04-24,Books,22.75,1,0,22.75,51,2.7,North,UPI,3.0
ORD103651,2023-02-22,Sports,54.99,2,5,104.49,38,3.7,South,Debit Card,3.0
ORD100680,2024-06-12,Groceries,12.34,3,0,37.03,43,4.9,North,Credit Card,5.0
ORD100180,2024-11-16,Beauty,53.48,1,0,53.48,29,4.1,North,Cash on Delivery,2.0
ORD103948,2024-12-10,Sports,84.31,5,15,358.32,53,4.2,West,Debit Card,8.0
ORD101769,2023-05-24,Beauty,30.17,5,15,128.23,23,4.9,North,Credit Card,5.0
ORD103143,2024-02-20,Clothing,61.31,3,25,137.95,59,5.0,West,UPI,5.0
ORD104317,2023-10-30,Electronics,123.89,2,25,185.84,58,4.6,Central,UPI,5.0
ORD100278,2023-02-17,Clothing,38.38,5,20,153.53,28,5.0,North,Credit Card,2.0
ORD101149,2024-09-14,Toys,35.01,5,0,175.03,33,4.0,South,PayPal,4.0
ORD101321,2023-07-20,Sports,64.55,3,0,193.65,69,5.0,North,Cash on Delivery,3.0
ORD100432,2024-08-26,Books,21.92,4,0,87.68,50,3.7,Central,UPI,2.0
ORD100289,2023-12-13,Clothing,36.46,2,0,72.92,40,,North,Credit Card,5.0
ORD101027,2023-07-25,Electronics,142.8,3,0,428.39,63,4.5,Central,PayPal,5.0
ORD100535,2023-04-23,Sports,73.22,1,0,73.22,29,4.5,South,Cash on Delivery,6.0
ORD104629,2023-09-15,Clothing,45.99,3,10,124.18,23,3.9,Central,Credit Card,6.0
ORD100188,2023-06-24,Clothing,44.14,5,10,198.63,69,3.7,West,Debit Card,5.0
ORD104043,2023-03-21,Home & Kitchen,45.91,4,5,174.46,22,3.8,East,Credit Card,6.0
ORD103992,2023-04-13,Toys,22.52,5,5,106.99,54,4.0,South,Debit Card,8.0
ORD104547,2024-09-07,Clothing,47.52,1,10,42.77,40,4.3,West,Debit Card,
ORD100270,2023-08-04,Electronics,209.93,5,0,1049.67,60,5.0,North,UPI,7.0
ORD103291,2023-12-06,Sports,80.44,4,5,305.66,67,3.6,North,Credit Card,8.0
ORD104126,2023-02-03,Sports,11.86,5,15,50.41,30,,East,Debit Card,4.0
ORD104094,2024-12-02,Groceries,15.44,5,5,73.34,37,2.5,West,Debit Card,8.0
ORD103768,2024-08-13,Electronics,142.39,4,10,512.61,22,4.6,Central,UPI,6.0
ORD100111,2024-07-24,Beauty,41.03,5,5,194.91,37,4.2,West,Credit Card,4.0
ORD101971,2024-11-04,Clothing,44.31,1,0,44.31,64,3.9,East,PayPal,6.0
ORD100220,2023-04-04,Home & Kitchen,92.69,5,0,463.43,21,2.7,South,PayPal,4.0
ORD101427,2024-10-21,Beauty,16.3,4,20,52.16,53,5.0,Central,PayPal,3.0
ORD100627,2023-09-26,Electronics,315.24,2,0,630.49,33,,South,PayPal,7.0
ORD102655,2024-02-18,Electronics,360.23,3,10,972.62,23,3.3,North,PayPal,
ORD103424,2024-03-21,Books,10.46,2,0,20.91,35,2.7,South,UPI,3.0
ORD103008,2024-04-04,Beauty,49.24,1,0,49.24,65,4.1,East,Credit Card,2.0
ORD100790,2023-03-11,Clothing,17.81,2,20,28.49,57,,Central,Credit Card,4.0
ORD104835,2024-01-21,Toys,22.54,4,30,63.12,51,4.2,West,UPI,3.0
ORD100461,2023-04-13,Groceries,28.4,1,15,24.14,50,4.4,East,UPI,6.0
ORD104446,2023-08-13,Sports,43.26,2,0,86.51,20,3.1,West,PayPal,7.0
ORD100551,2023-10-15,Electronics,235.52,1,0,235.52,50,5.0,South,PayPal,6.0
ORD102402,2024-06-29,Electronics,241.96,2,0,483.93,42,5.0,East,PayPal,5.0
ORD104181,2023-09-22,Toys,27.38,4,15,93.1,65,3.1,South,UPI,4.0
ORD100198,2023-09-05,Clothing,47.49,3,0,142.48,48,3.4,West,UPI,3.0
ORD102640,2023-06-25,Sports,96.4,1,10,86.76,56,3.6,East,Credit Card,6.0
ORD102834,2023-10-11,Clothing,52.09,2,15,88.56,57,4.1,South,Debit Card,4.0
ORD100402,2023-08-23,Electronics,348.09,2,15,591.75,23,5.0,West,Debit Card,3.0
ORD103338,2024-09-19,Home & Kitchen,72.68,2,10,130.82,20,4.2,West,Credit Card,4.0
ORD102177,2023-12-18,Electronics,90.06,2,30,126.08,42,3.4,Central,Cash on Delivery,5.0
ORD104812,2024-01-21,Home & Kitchen,83.98,1,25,62.98,28,4.1,North,UPI,3.0
ORD102073,2023-09-08,Clothing,51.07,4,20,163.43,67,2.6,East,PayPal,4.0
ORD101730,2024-07-23,Groceries,14.02,4,5,53.28,42,3.1,West,UPI,7.0
ORD104507,2024-03-05,Electronics,125.41,2,5,238.27,53,3.5,East,UPI,7.0
ORD100650,2023-12-24,Electronics,168.27,3,0,504.8,55,4.9,East,Cash on Delivery,4.0
ORD100708,2023-12-14,Electronics,206.83,4,30,579.13,47,4.0,Central,Credit Card,
ORD104589,2023-08-07,Clothing,43.47,4,15,147.81,32,4.3,North,Cash on Delivery,4.0
ORD104458,2023-03-27,Clothing,35.94,3,5,102.43,21,5.0,Central,Credit Card,6.0
ORD103322,2024-07-29,Sports,97.21,5,25,364.55,51,,East,PayPal,4.0
ORD101897,2024-10-01,Beauty,45.58,5,0,227.89,50,4.7,South,Cash on Delivery,8.0
ORD101832,2024-03-06,Electronics,167.44,5,10,753.5,25,4.2,South,Credit Card,5.0
ORD100314,2023-06-28,Electronics,223.48,5,0,1117.41,32,3.3,North,PayPal,4.0
ORD101242,2024-12-05,Toys,36.97,5,20,147.87,22,3.1,East,UPI,6.0
ORD104519,2023-11-10,Books,15.93,1,0,15.93,53,2.5,South,Credit Card,9.0
ORD100113,2023-12-02,Beauty,32.96,2,0,65.92,20,3.9,East,Credit Card,8.0
ORD100960,2023-04-23,Home & Kitchen,71.4,1,25,53.55,65,3.2,North,Debit Card,6.0
ORD103907,2024-12-10,Electronics,137.36,1,10,123.62,55,5.0,East,PayPal,6.0
ORD102742,2024-01-10,Clothing,25.35,1,0,25.35,46,5.0,South,Credit Card,3.0
ORD101684,2023-09-20,Toys,28.99,5,0,144.96,30,4.0,South,PayPal,6.0
ORD104101,2024-12-22,Electronics,78.02,1,0,78.02,30,4.6,North,UPI,4.0
ORD102659,2023-04-28,Clothing,42.67,4,0,170.66,38,3.5,Central,Debit Card,2.0
ORD101632,2023-03-08,Home & Kitchen,69.69,4,30,195.14,51,4.8,West,Credit Card,4.0
ORD103259,2023-10-27,Electronics,120.37,1,0,120.37,63,4.1,South,PayPal,3.0
ORD104707,2024-02-05,Electronics,315.06,5,10,1417.75,18,4.7,East,PayPal,4.0
ORD103482,2024-08-04,Beauty,23.63,4,0,94.51,57,3.6,East,Credit Card,2.0
ORD104573,2024-10-11,Home & Kitchen,82.03,2,10,147.66,63,3.2,East,Credit Card,8.0
ORD101879,2023-03-15,Electronics,86.95,1,10,78.26,58,3.5,North,Credit Card,7.0
ORD104121,2024-11-22,Clothing,52.99,3,0,158.98,34,3.4,South,PayPal,1.0
ORD102005,2023-04-05,Clothing,57.56,5,10,259.01,41,5.0,South,Credit Card,1.0
ORD100326,2023-06-22,Home & Kitchen,104.06,2,15,176.91,22,5.0,West,Debit Card,3.0
ORD100604,2024-08-26,Sports,107.66,4,0,430.65,30,2.7,West,UPI,6.0
ORD104233,2023-07-13,Beauty,25.92,2,20,41.46,50,3.4,East,Credit Card,3.0
ORD103077,2024-08-18,Sports,71.68,4,10,258.04,40,3.7,North,Cash on Delivery,6.0
ORD102630,2024-11-14,Clothing,43.48,4,30,121.74,33,3.1,East,Debit Card,4.0
ORD104366,2023-05-02,Home & Kitchen,78.74,1,15,66.93,26,3.9,North,UPI,7.0
ORD104691,2023-02-18,Clothing,22.12,4,15,75.22,29,4.3,Central,Credit Card,5.0
ORD103248,2023-04-13,Groceries,19.28,1,5,18.31,69,3.2,West,PayPal,2.0
ORD104972,2024-09-03,Clothing,7.89,1,10,7.1,26,5.0,Central,Debit Card,6.0
ORD103392,2024-08-05,Home & Kitchen,61.11,4,10,219.98,57,2.1,West,Credit Card,7.0
ORD101471,2024-05-25,Electronics,393.52,1,0,393.52,41,3.7,East,Credit Card,5.0
ORD101773,2023-10-16,Toys,11.3,4,0,45.19,63,4.1,West,Debit Card,3.0
ORD102784,2024-10-28,Electronics,200.61,4,5,762.31,67,3.2,South,Credit Card,5.0
ORD100789,2023-01-09,Home & Kitchen,78.63,3,15,200.5,31,2.9,Central,Debit Card,4.0
ORD102354,2023-08-14,Electronics,346.2,3,0,1038.6,32,4.1,South,PayPal,
ORD102925,2023-05-14,Sports,50.29,4,0,201.15,53,3.5,East,Credit Card,3.0
ORD101545,2024-03-07,Clothing,69.07,4,0,276.26,66,3.9,Central,Credit Card,1.0
ORD100871,2023-05-28,Electronics,403.83,5,5,1918.19,20,4.3,West,Debit Card,3.0
ORD104392,2023-01-09,Electronics,192.01,1,20,153.61,64,5.0,East,Credit Card,7.0
ORD101371,2023-09-08,Electronics,135.36,4,20,433.14,53,4.5,North,UPI,7.0
ORD103078,2023-05-31,Toys,21.13,3,20,50.72,42,4.4,West,Credit Card,4.0
ORD100073,2023-04-05,Beauty,17.82,3,10,48.13,18,5.0,West,Credit Card,5.0
ORD101815,2023-03-22,Books,18.58,4,0,74.33,63,4.6,West,Debit Card,7.0
ORD104403,2024-11-15,Clothing,14.81,3,0,44.43,21,3.8,Central,Credit Card,5.0
ORD102264,2023-03-19,Home & Kitchen,117.38,2,0,234.76,25,5.0,East,PayPal,4.0
ORD103994,2024-01-09,Toys,37.29,2,0,74.57,25,3.4,West,UPI,4.0
ORD102011,2023-10-15,Home & Kitchen,99.78,5,5,473.96,22,4.8,West,Credit Card,6.0
ORD104620,2024-03-27,Clothing,17.42,5,10,78.39,57,5.0,East,Cash on Delivery,2.0
ORD103882,2024-02-25,Sports,47.5,4,0,189.99,38,4.0,East,Debit Card,7.0
ORD102287,2024-08-23,Beauty,45.24,1,10,40.72,31,4.2,Central,Credit Card,8.0
ORD102943,2023-05-18,Sports,76.85,2,10,138.32,42,3.2,East,Credit Card,4.0
ORD103825,2024-10-22,Electronics,217.82,1,20,174.26,30,4.8,Central,Debit Card,5.0
ORD100494,2023-07-31,Books,20.38,5,15,86.6,34,3.6,West,PayPal,6.0
ORD103194,2024-06-24,Beauty,45.0,5,0,225.0,50,4.4,South,Credit Card,10.0
ORD102232,2024-11-17,Clothing,19.06,1,10,17.16,34,4.8,North,Credit Card,5.0
ORD104910,2024-11-23,Beauty,9.88,2,0,19.76,54,2.2,Central,PayPal,4.0
ORD101164,2024-01-13,Clothing,45.47,4,20,145.5,27,3.5,Central,UPI,8.0
ORD103292,2023-06-23,Electronics,372.36,1,5,353.75,67,,South,Credit Card,5.0
ORD102364,2024-07-09,Sports,88.76,3,0,266.29,45,3.2,North,Debit Card,4.0
ORD103638,2023-03-02,Electronics,349.13,5,25,1309.23,27,4.8,North,UPI,7.0
ORD102221,2023-04-23,Books,17.26,1,20,13.81,56,4.8,East,UPI,7.0
ORD104262,2023-08-02,Toys,23.97,1,20,19.18,18,,Central,Cash on Delivery,3.0
ORD100618,2023-02-14,Clothing,33.52,4,15,113.98,46,4.2,North,Credit Card,5.0
ORD104343,2023-07-08,Clothing,47.84,4,25,143.51,35,,Central,UPI,7.0
ORD104470,2023-10-22,Beauty,39.01,2,0,78.03,49,4.1,Central,Debit Card,5.0
ORD104821,2024-05-13,Electronics,259.45,5,10,1167.53,30,5.0,East,UPI,4.0
ORD104520,2024-12-24,Groceries,14.43,4,0,57.71,22,4.7,East,Cash on Delivery,5.0
ORD102114,2024-06-26,Clothing,24.55,5,5,116.63,55,2.3,South,PayPal,6.0
ORD103478,2023-10-27,Electronics,255.62,3,30,536.8,58,4.1,Central,PayPal,7.0
ORD100869,2023-01-30,Home & Kitchen,76.5,5,10,344.23,19,2.8,South,Credit Card,5.0
ORD103809,2024-03-19,Sports,61.12,5,15,259.75,63,2.6,East,PayPal,3.0
ORD101042,2023-10-31,Toys,45.62,5,0,228.11,69,2.9,Central,Credit Card,6.0
ORD101405,2023-04-24,Sports,28.53,1,0,28.53,68,4.6,North,Credit Card,9.0
ORD100356,2023-04-21,Sports,85.91,3,10,231.96,53,4.1,West,PayPal,6.0
ORD101162,2024-09-11,Toys,48.03,4,0,192.12,20,,North,PayPal,4.0
ORD102820,2024-01-31,Electronics,288.21,3,5,821.39,46,4.7,East,UPI,2.0
ORD101935,2023-04-30,Books,25.69,5,5,122.0,62,2.9,West,Cash on Delivery,4.0
ORD104004,2024-08-08,Beauty,64.1,2,0,128.19,30,5.0,Central,PayPal,5.0
ORD103888,2023-04-13,Groceries,8.94,3,20,21.46,27,4.4,East,Credit Card,6.0
ORD103595,2023-07-31,Clothing,39.12,5,10,176.02,57,3.5,Central,PayPal,4.0
ORD103616,2023-02-07,Clothing,56.57,5,15,240.4,49,2.7,East,Debit Card,4.0
ORD103712,2024-08-12,Clothing,36.56,4,0,146.26,47,3.8,North,Credit Card,3.0
ORD103802,2024-08-11,Home & Kitchen,40.39,4,0,161.57,55,3.2,Central,Cash on Delivery,3.0
ORD102907,2024-11-24,Electronics,167.52,1,5,159.14,52,4.0,Central,Credit Card,6.0
ORD100332,2023-08-15,Home & Kitchen,118.49,1,10,106.64,46,4.7,Central,Cash on Delivery,7.0
ORD101340,2024-01-26,Sports,62.92,5,10,283.16,22,2.7,West,Cash on Delivery,6.0
ORD103062,2023-10-07,Electronics,164.57,3,15,419.65,37,3.6,North,Debit Card,4.0
ORD102929,2024-04-22,Books,25.36,4,5,96.36,63,4.0,South,Debit Card,7.0
ORD101258,2024-01-31,Groceries,9.69,2,5,18.41,52,3.9,West,Credit Card,7.0
ORD103740,2023-06-14,Sports,97.27,1,5,92.4,30,4.2,South,Debit Card,8.0
ORD104306,2024-06-24,Home & Kitchen,77.43,3,0,232.3,60,4.7,South,Credit Card,3.0
ORD101116,2024-12-28,Clothing,48.38,1,10,43.54,68,3.5,Central,Credit Card,6.0
ORD101918,2023-11-27,Electronics,56.59,2,15,96.2,64,4.5,Central,Debit Card,6.0
ORD103624,2024-08-31,Electronics,423.48,2,15,719.91,38,3.2,East,Credit Card,4.0
ORD103875,2024-03-17,Electronics,14.75,4,5,56.05,33,3.5,North,Credit Card,4.0
ORD102600,2024-09-23,Books,11.85,1,5,11.25,38,3.7,East,PayPal,7.0
ORD103331,2024-09-14,Clothing,50.02,5,0,250.11,69,,North,Debit Card,7.0
ORD101421,2024-12-28,Toys,35.75,2,0,71.49,69,5.0,West,PayPal,4.0
ORD100445,2024-04-29,Home & Kitchen,83.74,1,15,71.18,49,5.0,Central,PayPal,3.0
ORD102288,2024-11-15,Electronics,259.47,4,0,1037.88,28,5.0,East,UPI,6.0
ORD100452,2023-12-31,Electronics,123.61,4,0,494.43,41,4.5,North,Debit Card,6.0
ORD103867,2024-08-15,Electronics,278.87,5,0,1394.37,41,4.5,North,Cash on Delivery,8.0
ORD104478,2024-09-27,Beauty,29.09,4,0,116.35,25,3.1,South,Debit Card,4.0
ORD103014,2023-12-25,Electronics,235.18,3,15,599.72,33,3.4,East,PayPal,5.0
ORD100014,2024-06-08,Clothing,63.06,5,5,299.54,48,5.0,West,Debit Card,7.0
ORD102998,2023-11-14,Electronics,348.61,3,5,993.54,47,3.5,West,Credit Card,10.0
ORD100945,2023-03-29,Clothing,20.52,4,15,69.78,53,5.0,South,PayPal,5.0
ORD100247,2023-10-31,Electronics,179.32,3,20,430.36,33,3.3,East,PayPal,5.0
ORD104334,2024-11-01,Home & Kitchen,70.07,3,0,210.21,53,4.3,East,Cash on Delivery,2.0
ORD100360,2024-09-10,Home & Kitchen,44.09,3,0,132.27,53,4.3,West,Debit Card,4.0
ORD104703,2024-09-16,Groceries,14.72,1,0,14.72,23,2.9,Central,UPI,7.0
ORD101595,2023-05-01,Clothing,57.29,2,5,108.85,22,4.1,West,Cash on Delivery,5.0
ORD104580,2023-05-22,Beauty,31.8,2,0,63.59,57,5.0,South,Credit Card,6.0
ORD102347,2024-07-03,Sports,54.23,1,25,40.67,45,3.8,South,Credit Card,4.0
ORD104412,2023-09-01,Sports,58.1,3,0,174.31,43,3.7,North,PayPal,6.0
ORD103548,2023-08-13,Clothing,63.73,1,0,63.73,44,4.6,Central,Credit Card,5.0
ORD102052,2023-09-22,Electronics,366.94,2,25,550.41,35,1.6,South,PayPal,
ORD103560,2023-02-19,Sports,52.45,2,10,94.41,65,4.5,East,Debit Card,7.0
ORD101383,2024-10-17,Home & Kitchen,113.67,3,10,306.91,55,5.0,South,Credit Card,7.0
ORD104934,2023-10-05,Electronics,183.0,5,0,915.02,52,3.3,East,Cash on Delivery,5.0
ORD104851,2024-06-14,Electronics,250.77,5,0,1253.86,57,3.0,Central,Credit Card,3.0
ORD100490,2024-11-13,Beauty,45.53,4,0,182.13,37,3.8,South,Debit Card,11.0
ORD100862,2023-03-29,Books,16.99,5,0,84.97,37,4.5,North,Credit Card,7.0
ORD101803,2023-07-09,Clothing,43.9,1,5,41.7,33,5.0,East,Credit Card,6.0
ORD103406,2023-09-17,Sports,84.26,5,10,379.16,69,4.2,East,Credit Card,6.0
ORD101945,2023-03-28,Home & Kitchen,96.03,5,10,432.15,23,2.7,Central,Debit Card,6.0
ORD104647,2023-02-28,Beauty,50.99,3,0,152.97,49,3.9,West,Credit Card,2.0
ORD103654,2024-05-03,Home & Kitchen,134.39,3,0,403.18,66,3.1,Central,Credit Card,3.0
ORD100506,2024-01-24,Books,24.27,5,5,115.3,24,5.0,Central,Debit Card,3.0
ORD104162,2024-02-16,Electronics,274.55,5,5,1304.13,37,3.6,South,PayPal,8.0
ORD100025,2024-04-15,Electronics,142.38,3,15,363.07,21,3.7,North,PayPal,7.0
ORD102329,2023-04-18,Toys,35.65,2,0,71.3,32,2.5,Central,UPI,3.0
ORD101222,2024-12-03,Toys,47.88,5,10,3052.358533828369,31,3.2,West,Debit Card,1.0
ORD101113,2023-08-02,Toys,44.89,2,10,80.8,34,4.3,North,PayPal,4.0
ORD103422,2024-03-15,Beauty,17.06,2,0,34.12,22,3.7,West,UPI,1.0
ORD103491,2024-04-09,Sports,54.57,1,0,54.57,65,3.2,South,Debit Card,5.0
ORD104425,2024-09-29,Electronics,387.4,5,0,1936.98,53,2.4,East,Credit Card,7.0
ORD104719,2023-04-20,Electronics,67.69,3,0,203.07,25,5.0,South,Debit Card,3.0
ORD100433,2023-04-06,Toys,15.28,2,10,27.5,63,4.6,West,Credit Card,4.0
ORD102107,2023-04-12,Electronics,230.14,4,10,828.52,69,2.6,East,Credit Card,6.0
ORD103865,2024-07-21,Clothing,40.02,5,5,190.07,64,4.3,North,Credit Card,4.0
ORD102893,2024-10-29,Home & Kitchen,76.03,5,20,304.12,54,3.0,East,UPI,5.0
ORD102133,2023-10-20,Clothing,32.0,5,0,160.01,61,4.7,South,Credit Card,2.0
ORD104005,2024-11-27,Electronics,92.43,3,0,277.3,21,4.5,North,PayPal,5.0
ORD103227,2023-10-04,Clothing,43.25,4,0,173.01,41,3.6,South,Credit Card,5.0
ORD102173,2024-07-12,Clothing,50.83,4,0,203.32,53,4.3,South,Debit Card,3.0
ORD103563,2024-08-05,Home & Kitchen,92.09,3,10,248.64,64,3.4,East,Credit Card,8.0
ORD104755,2024-03-16,Electronics,190.06,5,0,950.3,51,3.3,Central,Debit Card,2.0
ORD101102,2024-11-02,Home & Kitchen,75.01,3,0,225.03,68,4.6,South,Credit Card,4.0
ORD102309,2024-01-26,Books,17.39,3,15,44.34,35,4.4,North,Credit Card,9.0
ORD101504,2024-03-12,Books,8.62,2,20,13.79,36,3.9,East,PayPal,6.0
ORD103148,2024-12-24,Home & Kitchen,93.04,3,0,279.12,33,3.8,West,Debit Card,
ORD103916,2023-02-18,Home & Kitchen,82.94,1,5,78.8,43,2.8,South,Credit Card,5.0
ORD100156,2023-04-03,Clothing,50.93,5,25,190.98,59,3.5,South,UPI,2.0
ORD103039,2023-05-25,Electronics,194.55,4,15,661.48,65,4.8,South,Cash on Delivery,5.0
ORD104194,2024-02-17,Home & Kitchen,100.41,3,20,240.99,23,3.4,South,Credit Card,2.0
ORD100615,2024-04-12,Sports,48.71,2,20,77.94,41,5.0,West,UPI,5.0
ORD100643,2023-12-18,Electronics,309.17,4,10,1113.01,59,3.4,Central,UPI,5.0
ORD104895,2023-10-23,Toys,10.11,3,15,25.77,44,,South,Debit Card,5.0
ORD104278,2024-06-20,Clothing,31.65,4,15,107.62,49,4.7,South,UPI,3.0
ORD101068,2023-09-01,Beauty,25.38,4,0,101.53,60,4.3,North,Credit Card,4.0
ORD103350,2023-04-27,Groceries,15.12,5,25,56.7,47,4.7,East,Debit Card,10.0
ORD102697,2023-11-02,Clothing,51.31,5,5,243.7,43,3.3,West,Credit Card,8.0
ORD104283,2023-11-14,Electronics,335.38,2,0,670.75,22,3.9,North,UPI,6.0
ORD101566,2024-12-08,Clothing,43.87,5,25,164.53,69,4.8,East,UPI,7.0
ORD100330,2024-02-04,Clothing,64.31,3,5,183.27,40,4.7,South,PayPal,5.0
ORD101675,2024-12-19,Books,22.64,2,10,40.75,67,3.2,South,UPI,7.0
ORD102698,2023-04-05,Beauty,44.13,5,15,187.55,66,4.6,North,PayPal,1.0
ORD103681,2023-01-24,Home & Kitchen,126.0,2,15,214.2,60,4.3,East,Credit Card,2.0
ORD100622,2023-05-01,Clothing,50.43,1,15,42.87,24,5.0,South,PayPal,3.0
ORD101654,2023-04-25,Books,10.88,5,20,43.53,39,4.2,South,Debit Card,6.0
ORD102369,2023-05-09,Sports,44.14,4,5,167.74,46,2.8,North,Credit Card,4.0
ORD103725,2024-12-24,Electronics,157.35,2,20,251.76,29,4.1,West,PayPal,3.0
ORD102960,2024-11-04,Sports,88.82,3,15,226.49,39,5.0,South,UPI,6.0
ORD102242,2023-11-27,Beauty,33.27,5,5,158.05,38,3.2,West,Credit Card,3.0
ORD101617,2024-01-06,Toys,18.26,2,5,34.7,59,4.0,North,PayPal,4.0
ORD102763,2023-01-27,Toys,31.85,1,15,27.07,55,5.0,East,PayPal,3.0
ORD100755,2023-11-17,Beauty,54.98,4,5,208.93,22,2.4,East,Credit Card,5.0
ORD100518,2023-12-14,Clothing,53.7,1,15,45.65,42,5.0,North,Credit Card,6.0
ORD104159,2023-01-23,Home & Kitchen,94.26,2,0,188.52,65,4.9,North,PayPal,4.0
ORD100032,2023-03-09,Sports,52.67,4,0,210.68,43,3.2,East,Debit Card,8.0
ORD103689,2023-05-03,Books,19.37,4,0,77.47,59,,Central,Credit Card,5.0
ORD101157,2024-09-13,Home & Kitchen,88.34,1,30,61.84,58,5.0,North,PayPal,4.0
ORD100744,2024-08-04,Electronics,370.74,5,25,1390.28,19,4.6,North,Debit Card,5.0
ORD102036,2024-03-02,Sports,68.72,2,0,137.44,40,3.6,West,Cash on Delivery,8.0
ORD102447,2024-04-17,Beauty,32.61,3,5,92.94,44,4.2,West,PayPal,7.0
ORD101697,2023-04-20,Toys,24.37,3,0,73.1,21,4.9,South,PayPal,6.0
ORD102642,2023-05-29,Clothing,83.77,5,15,356.02,60,3.7,North,PayPal,6.0
ORD100783,2023-03-31,Electronics,248.59,5,30,870.08,64,5.0,South,Credit Card,9.0
ORD101835,2023-04-11,Electronics,258.38,3,20,620.12,24,4.2,West,UPI,3.0
ORD102554,2024-12-18,Beauty,20.26,3,0,60.78,53,4.5,East,UPI,7.0
ORD100229,2023-05-10,Toys,14.35,2,0,28.69,67,4.0,East,Credit Card,6.0
ORD100857,2023-02-11,Home & Kitchen,70.86,1,10,63.78,34,4.1,North,Cash on Delivery,6.0
ORD102887,2023-02-16,Electronics,201.52,3,15,513.89,38,,Central,Credit Card,6.0
ORD102406,2023-09-29,Toys,19.95,1,0,19.95,29,,North,Debit Card,8.0
ORD100408,2024-11-14,Groceries,4.15,5,5,19.73,49,5.0,North,Credit Card,3.0
ORD100170,2023-03-19,Books,20.13,2,20,32.21,22,4.1,East,Debit Card,4.0
ORD100540,2024-06-02,Clothing,33.31,2,0,66.62,65,3.5,Central,PayPal,1.0
ORD103381,2024-07-29,Clothing,53.36,5,20,213.46,26,4.8,South,Cash on Delivery,1.0
ORD102348,2023-05-28,Electronics,204.28,2,0,408.56,32,4.5,Central,Credit Card,6.0
ORD104563,2023-05-18,Electronics,221.86,3,15,565.75,45,4.8,West,Debit Card,10.0
ORD100613,2023-10-09,Sports,18.96,2,5,36.02,23,4.3,East,UPI,8.0
ORD104270,2024-08-06,Clothing,55.07,3,5,156.94,49,2.5,North,Credit Card,5.0
ORD102857,2024-07-24,Home & Kitchen,67.48,3,5,192.33,34,3.5,Central,PayPal,5.0
ORD104669,2023-11-10,Electronics,215.04,2,0,430.08,39,3.4,East,Credit Card,2.0
ORD101161,2023-12-31,Toys,29.99,2,15,50.99,35,3.9,North,Credit Card,7.0
ORD102101,2024-05-03,Groceries,13.97,1,20,11.18,26,4.4,West,Credit Card,4.0
ORD102409,2023-01-20,Electronics,203.0,5,10,913.52,34,4.0,West,Cash on Delivery,8.0
ORD102486,2023-06-28,Sports,31.84,2,5,60.49,41,4.5,East,PayPal,3.0
ORD101669,2024-06-14,Home & Kitchen,90.26,1,5,85.75,31,3.4,Central,PayPal,5.0
ORD104842,2023-03-13,Toys,20.83,2,0,41.65,54,3.4,South,UPI,7.0
ORD103317,2023-10-19,Electronics,229.69,1,15,195.24,21,3.7,South,Credit Card,5.0
ORD100564,2024-10-11,Clothing,56.96,3,0,170.87,54,3.1,East,UPI,3.0
ORD103801,2024-03-01,Home & Kitchen,94.55,4,0,378.22,50,4.6,Central,Credit Card,1.0
ORD104291,2024-11-10,Clothing,37.06,1,5,35.21,47,5.0,Central,Debit Card,6.0
ORD101860,2024-06-24,Clothing,48.68,1,15,41.38,55,3.9,Central,Cash on Delivery,5.0
ORD103781,2023-06-16,Clothing,48.52,4,10,174.66,37,4.7,Central,UPI,5.0
ORD101744,2023-06-03,Sports,73.42,2,5,139.5,26,3.6,Central,Credit Card,1.0
ORD104818,2024-01-26,Home & Kitchen,65.84,5,10,296.28,53,5.0,North,Credit Card,5.0
ORD104978,2024-11-06,Home & Kitchen,79.64,3,0,238.93,50,3.3,South,PayPal,5.0
ORD103545,2024-04-06,Clothing,48.23,4,15,163.99,25,5.0,East,UPI,7.0
ORD101588,2024-09-22,Electronics,299.45,5,0,1497.24,42,3.0,North,PayPal,6.0
ORD102437,2024-05-09,Sports,75.19,5,0,375.94,27,4.9,East,Credit Card,6.0
ORD102531,2024-08-12,Toys,40.9,2,0,81.8,46,4.4,West,Debit Card,1.0
ORD102598,2024-12-08,Beauty,40.43,5,0,202.15,65,4.9,South,Cash on Delivery,5.0
ORD101172,2023-10-14,Clothing,39.49,2,25,59.23,63,5.0,South,PayPal,3.0
ORD104149,2023-10-13,Clothing,16.92,4,0,67.66,48,4.2,Central,Debit Card,5.0
ORD100325,2023-06-18,Sports,52.56,2,15,89.36,58,3.6,West,PayPal,3.0
ORD101051,2023-09-24,Books,14.42,4,0,57.67,35,4.7,West,Debit Card,5.0
ORD103860,2024-02-02,Clothing,33.21,1,30,23.25,61,,East,PayPal,3.0
ORD103360,2024-12-20,Books,5.61,5,5,26.65,64,5.0,North,Debit Card,5.0
ORD102944,2024-08-23,Groceries,11.06,3,10,29.88,31,4.9,East,Credit Card,4.0
ORD104326,2024-09-13,Electronics,419.41,4,25,1258.23,56,4.4,South,UPI,6.0
ORD104225,2023-05-11,Clothing,73.74,4,15,250.73,38,4.4,West,Credit Card,3.0
ORD101196,2024-06-05,Clothing,39.17,4,15,133.18,67,4.1,South,Credit Card,7.0
ORD100620,2023-11-13,Electronics,185.83,2,0,371.66,67,4.2,West,Debit Card,6.0
ORD102378,2024-12-23,Clothing,82.96,2,10,149.33,37,4.7,North,UPI,4.0
ORD100065,2023-08-27,Clothing,43.91,4,5,166.84,20,,Central,Debit Card,6.0
ORD101189,2023-01-06,Clothing,27.25,3,5,77.67,52,4.7,Central,Credit Card,7.0
ORD100328,2023-04-14,Beauty,24.91,2,20,39.86,49,4.0,South,UPI,4.0
ORD100648,2024-12-03,Toys,17.29,4,10,62.26,44,3.4,Central,PayPal,8.0
ORD100897,2023-02-09,Electronics,301.78,2,0,603.57,47,,West,Debit Card,5.0
ORD103071,2023-12-18,Electronics,106.47,3,0,319.4,58,4.9,Central,UPI,6.0
ORD101123,2023-06-28,Beauty,46.97,1,0,46.97,69,3.1,West,Credit Card,7.0
ORD101961,2024-12-23,Home & Kitchen,74.95,5,0,374.75,36,2.4,West,Credit Card,6.0
ORD104690,2023-01-02,Home & Kitchen,58.78,1,0,58.78,62,3.1,South,Debit Card,6.0
ORD103978,2024-02-01,Clothing,35.22,2,0,70.44,69,3.3,Central,Debit Card,7.0
ORD102004,2024-08-06,Electronics,40.29,4,10,145.03,38,5.0,North,Credit Card,5.0
ORD103253,2023-09-29,Beauty,20.68,2,0,41.36,61,3.7,Central,Credit Card,4.0
ORD102497,2024-10-11,Home & Kitchen,32.55,2,0,65.09,50,4.3,West,UPI,4.0
ORD103378,2024-09-18,Sports,91.86,3,15,234.25,30,5.0,East,PayPal,3.0
ORD102304,2024-10-31,Beauty,38.77,2,15,65.92,39,2.3,North,Credit Card,5.0
ORD101600,2023-08-09,Clothing,42.5,1,5,40.37,39,3.3,East,UPI,4.0
ORD103799,2023-02-10,Groceries,11.42,4,5,43.41,52,,Central,UPI,2.0
ORD101023,2024-09-07,Clothing,20.53,3,5,58.52,43,4.1,North,Credit Card,5.0
ORD102045,2024-12-26,Clothing,39.4,2,20,63.04,44,3.9,Central,Credit Card,6.0
ORD100228,2024-02-04,Clothing,35.75,3,10,96.54,52,2.9,Central,Credit Card,6.0
ORD104643,2023-02-18,Electronics,500.45,3,0,1501.34,57,2.3,East,PayPal,5.0
ORD102952,2024-11-15,Beauty,40.41,2,5,76.78,25,2.9,North,Debit Card,5.0
ORD104987,2024-11-05,Electronics,212.33,5,5,1008.57,46,2.8,East,Debit Card,6.0
ORD100809,2024-12-29,Electronics,369.06,2,30,516.69,35,,East,Credit Card,3.0
ORD103235,2024-02-22,Groceries,10.0,5,5,47.51,32,3.6,North,Debit Card,4.0
ORD100978,2023-09-14,Groceries,15.94,3,20,38.25,59,3.5,Central,UPI,6.0
ORD103002,2024-11-10,Electronics,256.63,2,5,487.6,36,3.9,North,Credit Card,7.0
ORD102743,2024-11-23,Clothing,32.25,2,0,64.5,56,2.2,East,Credit Card,3.0
ORD101746,2024-12-23,Toys,40.52,3,10,109.4,36,4.8,East,Credit Card,8.0
ORD104253,2023-09-05,Toys,30.07,2,15,51.13,38,3.3,West,Debit Card,6.0
ORD101451,2023-01-31,Groceries,17.28,2,0,34.57,37,3.9,West,PayPal,12.0
ORD103471,2024-06-29,Electronics,214.97,4,10,773.91,55,4.1,Central,Credit Card,9.0
ORD104980,2024-10-20,Home & Kitchen,31.94,1,10,28.75,52,3.3,West,PayPal,7.0
ORD102822,2023-04-03,Toys,27.36,5,25,102.6,69,3.7,Central,UPI,
ORD103666,2024-03-06,Books,17.15,5,5,81.45,51,3.7,West,UPI,5.0
ORD100174,2024-05-24,Books,16.96,2,30,23.74,54,4.2,North,Credit Card,7.0
ORD101652,2023-02-07,Home & Kitchen,71.74,5,10,322.82,40,3.7,South,Credit Card,4.0
ORD103080,2023-11-18,Sports,49.35,5,0,246.74,45,4.1,North,Credit Card,7.0
ORD101532,2024-11-12,Sports,9.03,5,20,36.11,34,4.4,Central,PayPal,8.0
ORD104506,2023-07-31,Beauty,32.68,4,20,104.58,26,4.2,Central,PayPal,6.0
ORD100217,2023-03-12,Groceries,7.13,3,0,21.4,65,3.0,North,Cash on Delivery,7.0
ORD104822,2024-10-26,Clothing,54.2,4,10,195.12,25,4.5,Central,UPI,5.0
ORD103793,2024-04-24,Groceries,19.13,5,30,66.96,35,3.3,South,PayPal,7.0
ORD101444,2023-04-13,Electronics,189.62,3,5,540.41,69,2.0,South,Credit Card,6.0
ORD100690,2024-12-29,Electronics,86.89,5,15,369.29,31,4.9,East,PayPal,4.0
ORD102628,2024-03-26,Toys,17.98,1,0,17.98,36,5.0,East,Credit Card,8.0
ORD102276,2023-06-03,Home & Kitchen,60.23,5,5,286.07,39,4.9,South,Cash on Delivery,3.0
ORD102457,2024-11-14,Clothing,37.53,5,20,150.11,67,4.1,South,UPI,5.0
ORD101106,2023-06-28,Electronics,217.27,3,10,586.64,65,3.6,West,Debit Card,4.0
ORD102157,2024-04-07,Electronics,264.76,4,0,1059.03,23,3.6,West,Credit Card,5.0
ORD102111,2024-05-08,Clothing,33.04,4,0,132.17,29,3.0,North,Credit Card,7.0
ORD101583,2023-10-30,Clothing,,1,10,38.93,43,4.0,East,Debit Card,5.0
ORD100611,2023-12-05,Clothing,45.23,3,0,135.69,18,3.4,West,PayPal,3.0
ORD103307,2023-04-09,Beauty,48.31,3,30,101.44,42,3.9,East,Credit Card,6.0
ORD103784,2024-12-20,Beauty,53.53,1,15,45.5,49,5.0,South,PayPal,6.0
ORD100576,2024-11-07,Clothing,37.45,1,5,35.57,47,4.8,Central,Credit Card,8.0
ORD102104,2024-09-28,Sports,69.71,2,15,118.51,40,4.8,West,Credit Card,3.0
ORD104480,2023-12-08,Groceries,19.08,1,10,17.17,27,4.9,Central,Debit Card,5.0
ORD101180,2024-03-20,Sports,54.87,5,15,233.19,27,4.0,Central,UPI,3.0
ORD100888,2023-01-12,Home & Kitchen,57.06,2,10,102.7,44,3.4,South,Credit Card,8.0
ORD103192,2024-05-05,Books,24.88,4,0,99.54,23,4.6,West,Debit Card,4.0
ORD102432,2023-04-29,Beauty,25.16,1,0,25.16,42,2.2,North,Debit Card,5.0
ORD103074,2024-03-01,Clothing,57.44,5,20,229.74,35,3.6,South,Credit Card,6.0
ORD100817,2023-03-19,Electronics,136.68,2,0,273.37,33,3.0,South,PayPal,3.0
ORD104677,2024-02-20,Groceries,19.15,1,0,19.15,61,4.0,North,UPI,9.0
ORD103318,2023-07-07,Clothing,94.24,3,5,268.58,42,2.9,East,Debit Card,6.0
ORD100208,2023-07-12,Electronics,291.61,2,15,495.73,50,5.0,North,Credit Card,7.0
ORD100293,2023-08-31,Groceries,24.7,1,30,17.29,65,3.3,Central,Credit Card,10.0
ORD101119,2023-12-27,Groceries,16.62,2,5,31.59,65,4.9,West,Credit Card,6.0
ORD104729,2024-05-01,Groceries,9.44,5,20,37.76,46,3.0,North,Cash on Delivery,5.0
ORD104394,2024-01-07,Electronics,217.88,4,20,697.23,44,2.9,North,Credit Card,6.0
ORD101264,2023-06-24,Electronics,396.43,2,0,792.85,44,4.6,West,Debit Card,3.0
ORD100990,2023-09-08,Books,21.27,5,0,106.35,27,4.2,West,Cash on Delivery,5.0
ORD102317,2023-11-15,Home & Kitchen,84.73,2,0,169.46,28,2.9,North,UPI,9.0
ORD104240,2023-09-03,Books,9.7,4,5,36.88,35,5.0,Central,Credit Card,6.0
ORD103431,2024-07-17,Clothing,27.77,3,0,83.32,19,5.0,South,PayPal,7.0
ORD100353,2023-11-15,Clothing,59.59,4,5,226.43,45,3.4,West,Credit Card,8.0
ORD101921,2024-01-28,Electronics,321.37,4,25,964.11,55,4.0,North,PayPal,6.0
ORD101538,2024-05-31,Clothing,36.73,2,15,62.43,19,4.4,South,UPI,6.0
ORD103458,2024-09-06,Sports,59.28,5,0,296.42,59,4.9,North,Cash on Delivery,2.0
ORD101489,2024-01-07,Groceries,20.95,4,10,75.42,32,3.8,West,Debit Card,5.0
ORD103833,2024-04-27,Home & Kitchen,40.64,2,0,81.28,21,3.6,East,Credit Card,10.0
ORD103722,2024-07-02,Books,10.18,3,5,29.01,69,5.0,West,PayPal,7.0
ORD101228,2023-04-23,Sports,79.9,4,15,271.68,24,2.8,North,Debit Card,5.0
ORD100259,2024-03-05,Home & Kitchen,79.6,4,15,270.65,30,3.4,East,Cash on Delivery,3.0
ORD103537,2023-04-07,Clothing,43.84,1,15,37.26,59,4.3,West,Debit Card,2.0
ORD104730,2024-11-02,Clothing,44.1,2,15,74.97,53,4.5,West,Credit Card,7.0
ORD104788,2023-08-12,Books,19.06,4,5,72.43,55,1.7,North,Debit Card,5.0
ORD101833,2023-02-22,Home & Kitchen,82.27,5,20,329.07,69,5.0,North,Debit Card,3.0
ORD102591,2023-10-04,Beauty,34.28,2,5,65.14,47,3.4,South,Cash on Delivery,1.0
ORD100052,2023-09-24,Sports,69.72,4,5,264.94,64,3.2,West,UPI,7.0
ORD102617,2023-02-08,Beauty,31.81,1,15,27.04,44,4.5,East,Debit Card,6.0
ORD104508,2023-07-14,Electronics,367.52,4,0,1470.09,50,2.3,South,Credit Card,5.0
ORD102236,2023-07-02,Sports,84.0,4,5,319.22,32,2.4,South,Credit Card,6.0
ORD103429,2023-08-09,Electronics,220.52,3,0,661.57,69,4.4,Central,UPI,5.0
ORD103116,2024-04-04,Home & Kitchen,80.02,3,15,204.06,63,2.5,North,UPI,8.0
ORD102388,2024-11-29,Clothing,44.49,2,0,88.98,36,4.5,Central,UPI,6.0
ORD101479,2023-11-01,Sports,63.49,1,30,44.44,39,5.0,East,Debit Card,5.0
ORD101507,2023-12-17,Electronics,225.76,3,0,677.27,25,5.0,North,UPI,4.0
ORD101033,2023-08-18,Electronics,176.18,3,0,528.53,49,4.8,East,PayPal,2.0
ORD101097,2024-07-06,Toys,20.42,4,0,81.69,51,3.7,South,PayPal,5.0
ORD101469,2023-02-14,Electronics,221.68,1,25,166.26,67,3.5,East,Credit Card,5.0
ORD100543,2023-05-08,Home & Kitchen,,4,10,264.4,64,4.5,West,Debit Card,7.0
ORD101046,2023-06-25,Home & Kitchen,71.64,1,0,71.64,55,4.4,Central,UPI,5.0
ORD104039,2023-10-01,Beauty,20.86,5,15,88.63,42,5.0,East,Credit Card,4.0
ORD101630,2024-02-23,Sports,96.79,4,25,290.37,45,5.0,North,PayPal,8.0
ORD100030,2023-11-26,Sports,20.99,4,10,75.58,69,2.4,Central,Cash on Delivery,5.0
ORD100725,2023-03-27,Beauty,29.19,2,15,49.63,29,4.0,Central,Debit Card,3.0
ORD100926,2024-01-31,Electronics,162.59,1,20,130.08,50,3.9,North,Cash on Delivery,2.0
ORD102138,2024-01-30,Electronics,359.41,2,15,610.99,46,,West,PayPal,3.0
ORD103980,2023-11-26,Beauty,37.76,1,0,37.76,22,2.3,North,UPI,4.0
ORD101426,2024-05-05,Books,18.05,3,0,54.15,43,3.9,South,PayPal,6.0
ORD103749,2024-10-24,Clothing,31.39,3,15,80.06,29,3.2,East,Credit Card,5.0
ORD100436,2024-02-19,Clothing,47.93,4,10,172.56,58,1.5,East,Credit Card,8.0
ORD102517,2024-01-20,Home & Kitchen,67.41,3,20,161.78,51,3.0,North,Debit Card,2.0
ORD100912,2023-10-03,Home & Kitchen,42.03,5,15,178.61,28,4.0,South,Credit Card,5.0
ORD104265,2024-12-25,Sports,40.81,3,10,110.17,25,4.9,West,Credit Card,4.0
ORD104327,2023-11-07,Toys,19.92,1,10,17.93,43,3.6,South,PayPal,3.0
ORD104557,2024-09-20,Electronics,394.16,1,5,374.45,55,4.9,South,Debit Card,3.0
ORD104860,2023-02-13,Home & Kitchen,87.31,1,10,78.58,35,4.1,West,Debit Card,4.0
ORD102331,2024-09-21,Clothing,24.72,5,5,117.42,35,3.8,East,Debit Card,2.0
ORD104746,2024-07-13,Toys,16.74,2,20,26.79,44,1.6,Central,Debit Card,3.0
ORD101238,2023-08-06,Beauty,46.55,5,0,232.73,34,4.6,North,Cash on Delivery,5.0
ORD100903,2024-10-08,Toys,36.2,1,10,32.58,20,5.0,Central,PayPal,4.0
ORD101837,2023-08-11,Electronics,155.27,2,0,310.54,54,3.5,East,Cash on Delivery,11.0
ORD103208,2023-11-04,Electronics,156.7,5,0,783.48,47,3.5,East,Debit Card,5.0
ORD104254,2023-09-07,Home & Kitchen,101.25,5,10,455.61,19,4.8,West,Credit Card,4.0
ORD100507,2023-07-01,Electronics,263.46,4,10,948.45,32,2.8,East,Cash on Delivery,3.0
ORD104350,2024-03-20,Groceries,12.8,5,20,51.2,22,3.4,North,UPI,6.0
ORD100183,2024-05-24,Books,14.76,4,15,50.2,38,4.8,Central,PayPal,4.0
ORD104151,2024-01-23,Groceries,8.49,5,0,42.46,67,4.4,Central,UPI,1.0
ORD101497,2024-07-24,Home & Kitchen,91.82,4,0,367.27,51,,West,Credit Card,2.0
ORD103305,2023-07-06,Sports,47.81,3,20,114.74,43,4.6,North,PayPal,7.0
ORD100321,2023-03-20,Sports,97.72,1,20,78.17,67,4.2,South,Credit Card,2.0
ORD101840,2023-11-07,Electronics,267.57,5,20,1070.29,20,4.5,West,Debit Card,7.0
ORD102715,2023-12-05,Home & Kitchen,88.98,5,15,378.15,36,4.7,West,Credit Card,6.0
ORD104663,2023-10-03,Beauty,13.12,3,15,33.44,34,5.0,West,Debit Card,2.0
ORD103708,2023-12-26,Electronics,418.46,2,0,836.91,38,5.0,North,Cash on Delivery,1.0
ORD101844,2024-06-27,Sports,86.91,3,0,260.73,41,3.8,North,Credit Card,4.0
ORD101909,2024-11-18,Electronics,229.53,4,20,734.5,22,4.3,North,Credit Card,5.0
ORD104556,2023-04-24,Toys,24.31,1,20,19.45,42,2.4,Central,UPI,
ORD101551,2024-09-15,Sports,89.34,2,5,169.75,42,2.0,South,PayPal,7.0
ORD104482,2024-09-02,Clothing,44.57,4,0,178.28,62,4.8,West,Credit Card,8.0
ORD101146,2024-01-24,Clothing,47.3,2,15,80.41,41,3.9,Central,Debit Card,8.0
ORD102110,2023-07-25,Toys,47.78,5,10,215.0,23,2.2,North,Credit Card,5.0
ORD100044,2023-02-19,Home & Kitchen,98.8,4,25,296.4,25,3.5,South,Debit Card,7.0
ORD103938,2024-06-12,Toys,39.07,1,5,37.12,69,3.4,East,Credit Card,7.0
ORD102492,2024-11-10,Sports,78.79,3,25,177.29,55,3.0,East,Debit Card,5.0
ORD101891,2023-06-29,Beauty,23.45,1,25,17.59,45,4.1,West,Credit Card,1.0
ORD101378,2024-01-03,Electronics,210.79,2,0,421.58,25,2.5,North,PayPal,7.0
ORD102439,2023-02-18,Electronics,142.43,1,10,128.18,40,4.9,East,Credit Card,3.0
ORD104993,2024-02-08,Electronics,215.55,2,0,431.1,50,3.6,South,PayPal,4.0
ORD100413,2023-04-07,Sports,73.63,4,0,294.52,31,3.5,East,Credit Card,7.0
ORD104811,2023-06-30,Clothing,72.46,1,0,72.46,40,5.0,East,PayPal,5.0
ORD101407,2024-10-01,Toys,31.8,1,0,31.8,20,4.9,East,Credit Card,6.0
ORD101720,2023-03-06,Electronics,404.29,1,10,363.86,33,3.0,Central,PayPal,5.0
ORD100801,2023-08-09,Clothing,53.54,3,10,144.55,56,4.4,Central,Credit Card,3.0
ORD101288,2023-03-16,Clothing,44.06,3,30,92.54,67,5.0,North,Credit Card,4.0
ORD101558,2024-12-28,Clothing,53.66,2,10,96.59,22,3.0,South,Credit Card,2.0
ORD102224,2023-10-21,Electronics,285.35,5,0,1426.77,39,3.6,East,Debit Card,6.0
ORD102487,2023-02-10,Electronics,283.85,5,0,1419.25,39,3.4,West,Credit Card,7.0
ORD101666,2024-07-03,Electronics,266.99,2,25,400.48,57,3.5,West,Credit Card,4.0
ORD104318,2024-09-14,Electronics,265.49,4,30,743.36,31,3.8,South,Credit Card,5.0
ORD100256,2024-05-10,Toys,34.28,4,5,130.28,25,3.8,Central,PayPal,5.0
ORD101859,2024-06-21,Beauty,63.88,3,10,172.48,51,2.8,South,UPI,3.0
ORD101751,2024-10-10,Electronics,329.16,2,0,658.33,69,4.8,Central,PayPal,
ORD101151,2024-01-05,Electronics,181.02,3,10,488.75,48,4.3,South,Debit Card,3.0
ORD102939,2023-05-04,Electronics,300.27,3,20,720.64,57,4.0,South,Credit Card,3.0
ORD100647,2024-01-27,Sports,103.09,1,5,97.94,50,5.0,South,Credit Card,4.0
ORD104597,2023-01-04,Clothing,12.44,2,10,22.4,50,5.0,North,UPI,5.0
ORD103664,2024-01-11,Toys,28.27,4,20,90.47,66,4.4,Central,Credit Card,4.0
ORD101765,2024-11-14,Home & Kitchen,59.35,1,25,44.51,29,2.4,Central,UPI,2.0
ORD103526,2023-04-08,Electronics,229.47,5,15,975.25,58,,South,Credit Card,5.0
ORD102509,2023-03-31,Home & Kitchen,76.7,5,0,383.51,21,4.2,North,Debit Card,4.0
ORD103841,2023-12-28,Toys,16.21,4,15,55.11,27,4.2,South,Credit Card,6.0
ORD101315,2023-08-07,Clothing,47.85,2,30,66.99,31,5.0,West,PayPal,3.0
ORD101088,2024-04-20,Beauty,42.74,3,15,108.99,21,3.7,Central,UPI,6.0
ORD104789,2024-03-11,Electronics,252.76,5,15,1074.23,35,3.4,West,PayPal,4.0
ORD102512,2024-12-04,Electronics,239.05,1,0,239.05,63,3.6,West,Cash on Delivery,4.0
ORD102992,2023-05-22,Clothing,38.23,3,10,103.23,57,3.5,South,PayPal,4.0
ORD101350,2023-02-14,Home & Kitchen,7.04,2,15,11.96,25,5.0,South,Credit Card,8.0
ORD102547,2024-03-03,Beauty,35.99,4,0,143.97,41,4.7,East,Debit Card,4.0
ORD100112,2024-02-11,Home & Kitchen,70.74,3,15,180.38,38,2.6,South,Debit Card,2.0
ORD103197,2024-08-16,Toys,32.89,4,0,131.57,45,3.9,South,Cash on Delivery,4.0
ORD100263,2024-11-07,Clothing,66.17,2,0,132.35,41,4.9,North,UPI,6.0
ORD101393,2024-06-26,Home & Kitchen,66.63,5,30,233.19,69,5.0,West,Credit Card,8.0
ORD102623,2024-11-06,Books,16.75,1,30,11.72,52,5.0,East,PayPal,5.0
ORD101186,2023-04-15,Clothing,48.3,3,0,144.91,57,2.5,East,Debit Card,5.0
ORD104119,2023-02-07,Clothing,44.31,1,0,44.31,32,5.0,Central,Debit Card,3.0
ORD100056,2024-02-04,Electronics,303.05,5,0,1515.23,27,4.4,East,Credit Card,4.0
ORD101309,2024-09-15,Beauty,21.51,5,10,96.78,22,3.0,North,Credit Card,6.0
ORD100695,2023-07-05,Clothing,51.38,2,15,87.34,21,3.3,North,Credit Card,2.0
ORD104246,2023-07-19,Books,23.38,4,0,93.5,41,4.5,East,PayPal,4.0
ORD103960,2024-11-23,Clothing,67.74,3,15,172.73,35,5.0,Central,Cash on Delivery,5.0
ORD101789,2024-07-04,Books,12.79,4,0,51.15,31,3.1,East,Credit Card,6.0
ORD102346,2023-08-28,Electronics,261.53,2,0,523.06,34,4.7,Central,PayPal,3.0
ORD104319,2023-02-01,Groceries,21.1,2,5,40.1,52,5.0,Central,Credit Card,5.0
ORD100319,2024-07-15,Groceries,20.04,3,10,54.11,54,3.7,Central,Credit Card,4.0
ORD102330,2023-02-17,Books,10.88,5,20,43.51,35,,Central,Credit Card,3.0
ORD101589,2023-01-22,Electronics,392.19,2,20,627.5,18,3.5,West,Debit Card,4.0
ORD100682,2024-12-02,Home & Kitchen,43.04,3,0,129.11,63,5.0,North,Credit Card,6.0
ORD103737,2024-01-22,Sports,63.49,1,5,60.31,28,4.1,North,UPI,6.0
ORD103279,2024-06-17,Electronics,190.85,2,10,343.52,43,4.4,South,Credit Card,3.0
ORD100479,2023-03-21,Toys,39.48,1,20,31.58,62,4.4,Central,PayPal,5.0
ORD103976,2024-04-15,Beauty,15.74,2,0,31.47,52,3.3,East,Debit Card,3.0
ORD104193,2023-01-29,Beauty,27.71,4,5,105.28,66,3.3,West,Credit Card,8.0
ORD100286,2023-04-28,Sports,28.87,4,0,115.5,63,5.0,South,Credit Card,5.0
ORD101965,2024-06-26,Electronics,138.94,4,30,389.04,31,3.9,East,UPI,8.0
ORD103114,2023-09-24,Sports,85.05,4,0,340.18,29,3.2,East,PayPal,3.0
ORD102459,2023-02-13,Sports,55.44,4,10,199.59,63,2.9,North,Credit Card,8.0
ORD101782,2023-01-18,Books,24.78,2,20,39.64,64,4.2,South,PayPal,10.0
ORD103296,2023-06-04,Home & Kitchen,31.43,3,5,89.57,46,4.2,East,Debit Card,3.0
ORD103838,2024-12-02,Electronics,284.73,1,10,256.26,58,,North,PayPal,7.0
ORD101598,2024-09-09,Sports,70.79,3,15,180.53,51,3.7,West,Debit Card,2.0
ORD104915,2023-03-15,Beauty,29.97,3,20,71.94,40,3.6,Central,PayPal,5.0
ORD102124,2024-06-28,Electronics,268.8,3,15,685.44,26,4.4,North,UPI,3.0
ORD100736,2024-06-18,Groceries,19.63,3,10,53.01,44,3.1,West,Debit Card,5.0
ORD103209,2023-06-21,Books,20.89,2,0,41.77,60,2.8,South,Debit Card,5.0
ORD100336,2024-12-05,Sports,27.88,2,25,41.82,31,3.3,East,Credit Card,2.0
ORD102704,2023-02-20,Electronics,232.68,2,15,395.56,30,5.0,Central,Credit Card,9.0
ORD102826,2023-09-22,Books,23.24,3,5,66.24,25,3.9,North,UPI,5.0
ORD104920,2024-12-14,Electronics,206.9,2,0,413.8,61,4.8,East,Credit Card,3.0
ORD104448,2024-02-07,Sports,39.24,1,0,39.24,36,5.0,South,UPI,6.0
ORD101071,2023-06-02,Electronics,266.14,4,15,904.89,61,4.0,West,Credit Card,8.0
ORD104536,2023-03-01,Electronics,190.54,5,5,905.07,48,5.0,West,Credit Card,7.0
ORD104850,2024-11-09,Electronics,195.72,2,30,274.01,39,4.2,North,UPI,2.0
ORD102865,2023-01-26,Groceries,12.38,2,20,19.8,37,5.0,West,PayPal,5.0
ORD102366,2023-09-04,Clothing,43.57,2,0,87.14,32,3.9,East,Debit Card,6.0
ORD104155,2023-05-17,Clothing,37.71,5,10,169.71,56,2.9,North,Credit Card,5.0
ORD104002,2023-01-26,Books,8.12,4,10,29.24,67,3.1,Central,Debit Card,6.0
ORD103434,2023-06-22,Clothing,55.23,4,0,220.9,31,5.0,South,PayPal,7.0
ORD101488,2023-03-23,Groceries,13.16,5,0,65.78,69,4.6,Central,Credit Card,4.0
ORD100498,2024-11-08,Groceries,18.75,5,0,93.77,20,4.0,Central,UPI,9.0
ORD104388,2023-09-04,Books,22.32,5,0,111.62,40,4.0,North,Credit Card,5.0
ORD103240,2023-06-02,Sports,40.58,4,0,162.32,27,4.9,East,Credit Card,4.0
ORD102927,2023-08-23,Beauty,33.55,4,0,134.18,51,4.1,North,UPI,2.0
ORD102384,2023-05-15,Toys,44.84,4,15,152.47,63,4.5,West,Credit Card,9.0
ORD102980,2024-06-08,Electronics,301.1,4,0,1204.41,26,4.2,Central,Debit Card,3.0
ORD104956,2023-04-28,Sports,88.14,2,0,176.28,53,4.7,South,Credit Card,4.0
ORD102380,2023-05-12,Electronics,284.84,3,0,854.51,37,5.0,South,UPI,4.0
ORD101610,2024-07-21,Clothing,55.87,5,0,279.36,27,3.7,West,PayPal,6.0
ORD103089,2023-12-08,Books,15.44,5,0,77.18,63,4.1,Central,Credit Card,6.0
ORD103829,2023-04-20,Clothing,36.64,4,15,124.57,42,2.4,North,Credit Card,6.0
ORD104619,2024-10-18,Sports,39.32,1,0,39.32,30,3.6,South,UPI,2.0
ORD101022,2024-09-26,Electronics,241.58,3,0,724.75,36,4.1,East,Credit Card,5.0
ORD104586,2023-06-06,Beauty,36.25,5,25,135.92,29,5.0,West,Debit Card,2.0
ORD104936,2024-12-03,Electronics,173.53,5,0,867.64,47,5.0,North,Debit Card,4.0
ORD104359,2024-12-09,Electronics,238.04,1,0,238.04,36,3.7,East,Credit Card,3.0
ORD103126,2024-08-31,Sports,96.02,2,0,192.04,55,5.0,South,Debit Card,8.0
ORD103230,2024-09-06,Clothing,29.25,2,5,55.57,42,1.9,Central,UPI,4.0
ORD100665,2024-05-22,Sports,37.56,2,30,52.58,57,,East,PayPal,7.0
ORD104009,2023-03-26,Books,19.27,5,0,96.37,58,4.7,East,UPI,4.0
ORD104945,2024-06-12,Sports,71.21,4,0,284.84,60,5.0,North,Cash on Delivery,2.0
ORD104212,2023-10-31,Clothing,50.93,5,0,254.66,54,3.9,North,PayPal,4.0
ORD104309,2024-03-16,Beauty,48.06,3,0,144.19,23,5.0,Central,Credit Card,5.0
ORD102291,2023-08-24,Electronics,347.38,4,0,1389.53,29,4.4,South,Cash on Delivery,4.0
ORD101017,2023-12-28,Electronics,445.82,1,0,445.82,32,3.9,West,Credit Card,6.0
ORD100557,2024-10-01,Electronics,247.88,5,25,929.56,62,3.7,South,Credit Card,7.0
ORD104294,2024-11-08,Sports,73.88,4,5,280.75,24,4.8,South,UPI,4.0
ORD101207,2024-06-10,Sports,59.85,3,20,143.63,67,3.8,East,PayPal,4.0
ORD104320,2024-04-26,Sports,77.68,5,0,388.42,18,3.8,East,UPI,5.0
ORD102892,2023-09-24,Groceries,23.61,2,10,42.51,69,2.3,East,Cash on Delivery,3.0
ORD102845,2023-11-30,Electronics,170.89,4,30,478.49,61,5.0,North,UPI,2.0
ORD101510,2023-09-01,Clothing,27.11,4,20,86.76,66,3.6,South,UPI,8.0
ORD102086,2024-06-19,Home & Kitchen,104.75,5,10,471.39,54,3.4,East,UPI,5.0
ORD100245,2023-03-03,Beauty,40.07,4,0,160.28,59,4.8,West,Debit Card,7.0
ORD101163,2024-01-24,Sports,32.96,1,20,26.37,67,4.0,East,Cash on Delivery,3.0
ORD103727,2024-01-21,Clothing,60.09,2,20,96.14,40,5.0,West,Debit Card,4.0
ORD100266,2023-11-23,Home & Kitchen,106.32,3,0,318.95,50,2.6,Central,Credit Card,4.0
ORD104161,2023-10-14,Toys,31.92,5,30,111.73,20,4.9,West,PayPal,7.0
ORD101114,2023-05-23,Books,25.57,2,10,46.03,18,4.2,Central,Credit Card,3.0
ORD100063,2024-12-08,Home & Kitchen,42.3,1,0,42.3,18,4.2,West,Debit Card,1.0
ORD101912,2023-01-03,Beauty,24.99,4,5,94.95,66,4.3,North,Credit Card,7.0
ORD102643,2023-12-07,Groceries,10.89,2,10,19.61,22,5.0,Central,PayPal,4.0
ORD102229,2024-12-17,Home & Kitchen,64.37,1,0,64.37,39,5.0,East,PayPal,4.0
ORD102812,2023-05-25,Clothing,55.76,2,5,105.94,24,2.3,West,Debit Card,4.0
ORD103827,2024-02-06,Books,20.7,1,10,18.63,59,4.0,Central,Debit Card,6.0
ORD103139,2023-12-28,Books,16.48,2,0,32.96,34,2.1,Central,Debit Card,3.0
ORD103615,2023-11-23,Beauty,,1,25,29.92,41,3.8,North,UPI,6.0
ORD104141,2024-09-20,Beauty,27.33,1,0,27.33,21,4.6,South,UPI,6.0
ORD102302,2024-02-21,Electronics,270.02,5,0,1350.1,54,4.0,South,PayPal,8.0
ORD102813,2024-12-05,Sports,85.89,3,10,231.91,45,3.8,Central,Credit Card,3.0
ORD101723,2024-06-18,Electronics,163.27,2,15,277.55,49,4.2,West,UPI,4.0
ORD104699,2023-01-18,Sports,36.13,4,0,144.51,24,4.0,East,Credit Card,2.0
ORD101237,2023-04-01,Sports,53.58,2,0,107.17,19,3.8,South,Cash on Delivery,2.0
ORD100103,2023-01-06,Beauty,31.4,1,0,31.4,24,5.0,West,Debit Card,7.0
ORD102855,2023-02-26,Groceries,14.65,2,10,26.36,51,3.6,East,Debit Card,5.0
ORD100272,2023-04-21,Toys,18.47,5,0,92.35,55,3.1,West,UPI,2.0
ORD100508,2023-07-16,Electronics,388.9,1,0,388.9,55,3.0,East,Credit Card,6.0
ORD102269,2024-12-14,Sports,72.03,4,5,273.71,68,4.9,West,PayPal,2.0
ORD104983,2023-10-21,Beauty,35.74,4,5,135.82,18,3.4,South,PayPal,9.0
ORD102168,2024-11-15,Toys,29.27,1,15,24.88,46,3.0,South,UPI,5.0
ORD100865,2024-05-25,Clothing,48.66,4,0,194.63,42,2.6,North,PayPal,8.0
ORD102478,2023-02-26,Beauty,13.11,3,0,39.33,39,4.5,Central,UPI,5.0
ORD100908,2023-09-29,Home & Kitchen,129.74,1,0,129.74,52,3.9,West,PayPal,7.0
ORD102480,2024-04-21,Toys,26.06,2,30,36.49,53,4.6,East,UPI,6.0
ORD102916,2024-03-29,Electronics,256.94,3,20,616.66,57,3.0,Central,Credit Card,3.0
ORD103973,2023-07-08,Books,27.01,5,0,135.03,67,2.9,East,PayPal,5.0
ORD101627,2024-03-03,Home & Kitchen,111.43,2,15,189.43,27,3.8,West,PayPal,6.0
ORD102932,2023-04-29,Sports,58.33,1,10,52.5,25,4.0,Central,Credit Card,3.0
ORD101522,2023-05-20,Clothing,38.48,5,10,173.18,66,2.2,North,Debit Card,3.0
ORD100835,2024-07-21,Clothing,51.18,4,5,194.48,41,3.5,West,Credit Card,6.0
ORD100358,2023-03-08,Beauty,27.58,5,0,137.9,35,3.6,South,Cash on Delivery,4.0
ORD100138,2023-09-12,Beauty,16.01,5,30,56.03,56,2.9,South,Credit Card,
ORD100299,2023-01-16,Beauty,16.07,5,10,72.33,18,4.7,West,PayPal,5.0
ORD101556,2024-10-17,Clothing,68.03,4,30,190.5,54,3.7,Central,Credit Card,7.0
ORD101003,2024-10-09,Sports,102.32,5,20,409.29,41,4.3,South,Debit Card,6.0
ORD100382,2024-11-23,Books,25.43,4,10,91.55,45,3.9,South,UPI,
ORD100941,2023-10-23,Electronics,300.2,5,5,1425.96,19,4.0,East,Debit Card,
ORD104668,2024-06-22,Books,18.63,1,10,16.77,62,4.4,West,PayPal,7.0
ORD103821,2023-01-09,Clothing,23.29,4,25,69.86,44,3.5,South,PayPal,6.0
ORD100761,2024-02-09,Sports,58.76,4,5,223.28,67,3.5,Central,Credit Card,8.0
ORD102750,2023-06-29,Home & Kitchen,99.29,5,0,496.47,65,5.0,West,PayPal,6.0
ORD101943,2023-01-22,Toys,12.2,3,5,34.78,36,4.0,North,Debit Card,3.0
ORD103958,2023-03-13,Home & Kitchen,64.22,3,30,134.86,27,4.1,North,PayPal,4.0
ORD102127,2024-04-02,Clothing,27.0,4,20,86.41,57,3.7,East,UPI,4.0
ORD102240,2023-06-13,Electronics,301.5,2,0,603.0,46,3.2,Central,Credit Card,1.0
ORD100898,2023-02-21,Sports,38.9,4,0,155.58,67,5.0,Central,Cash on Delivery,7.0
ORD104078,2023-06-30,Groceries,10.4,2,5,19.77,32,4.5,Central,PayPal,6.0
ORD104522,2024-01-29,Clothing,48.03,3,25,108.06,30,3.0,East,Credit Card,5.0
ORD101402,2023-08-08,Sports,89.82,1,0,89.82,65,4.5,West,UPI,5.0
ORD102092,2024-08-11,Sports,27.06,3,0,81.18,20,2.9,West,Debit Card,7.0
ORD103858,2023-08-26,Home & Kitchen,102.98,5,0,514.88,64,2.9,West,PayPal,4.0
ORD104430,2024-11-04,Clothing,49.6,5,20,198.4,18,4.5,West,Credit Card,4.0
ORD103015,2023-12-03,Groceries,19.36,3,15,49.38,46,4.7,North,Credit Card,4.0
ORD101512,2024-06-27,Groceries,18.67,5,20,74.69,39,3.7,North,Credit Card,4.0
ORD101188,2024-02-19,Books,8.88,2,10,15.98,50,4.5,North,PayPal,5.0
ORD103050,2024-09-03,Clothing,71.5,2,0,142.99,51,5.0,East,Credit Card,6.0
ORD102088,2023-08-11,Sports,73.73,5,0,368.67,19,3.3,Central,Cash on Delivery,9.0
ORD104584,2024-03-04,Sports,43.12,1,5,40.96,68,4.2,North,Cash on Delivery,6.0
ORD103505,2024-10-11,Home & Kitchen,86.71,5,10,390.2,26,4.1,East,Cash on Delivery,2.0
ORD100108,2023-12-11,Sports,64.21,2,15,109.15,38,2.9,Central,PayPal,1.0
ORD102788,2023-01-04,Clothing,17.92,2,0,35.83,54,1.8,South,Credit Card,7.0
ORD103134,2024-06-03,Electronics,333.68,5,0,1668.42,28,4.3,South,Debit Card,3.0
ORD101926,2023-09-20,Electronics,303.7,2,0,607.39,66,4.7,East,Credit Card,3.0
ORD100058,2024-06-27,Home & Kitchen,55.47,2,5,105.39,57,3.9,North,Debit Card,6.0
ORD100076,2023-08-30,Sports,57.73,4,20,184.73,27,3.8,East,Debit Card,5.0
ORD100796,2024-12-08,Beauty,44.0,2,0,88.0,18,,East,Credit Card,6.0
ORD100368,2023-01-17,Groceries,5.21,1,20,4.17,48,,North,UPI,6.0
ORD104955,2023-05-22,Books,16.56,2,20,26.5,67,3.9,Central,PayPal,3.0
ORD100785,2024-03-06,Sports,86.19,2,0,172.38,56,5.0,West,Debit Card,4.0
ORD103842,2024-02-14,Toys,23.83,4,0,95.31,24,3.8,East,Credit Card,6.0
ORD103528,2023-05-17,Groceries,10.68,4,0,42.73,35,,North,Debit Card,5.0
ORD102029,2023-09-08,Books,15.04,4,0,60.14,58,3.8,North,Credit Card,4.0
ORD104091,2023-01-31,Sports,25.18,3,0,75.54,61,5.0,South,Debit Card,5.0
ORD103011,2024-01-05,Books,26.22,5,0,131.1,20,4.0,West,PayPal,5.0
ORD103603,2024-03-31,Beauty,24.13,2,20,38.6,26,4.2,West,Credit Card,6.0
ORD101973,2023-09-07,Electronics,316.88,4,20,1014.02,68,4.4,North,Credit Card,4.0
ORD103268,2023-04-09,Clothing,69.17,5,5,328.57,48,3.4,West,Debit Card,4.0
ORD100121,2024-05-03,Groceries,20.66,3,0,61.99,57,5.0,Central,Credit Card,5.0
ORD103635,2023-12-12,Clothing,58.32,3,15,148.72,60,4.1,West,Cash on Delivery,5.0
ORD102413,2024-03-15,Groceries,8.37,4,5,31.8,63,4.4,West,Debit Card,6.0
ORD104076,2024-12-17,Home & Kitchen,41.19,3,10,111.21,19,3.4,South,UPI,
ORD100910,2024-07-17,Sports,51.16,2,0,102.32,18,,South,UPI,2.0
ORD100124,2024-09-17,Books,25.39,3,15,64.75,43,2.6,South,Credit Card,4.0
ORD102646,2024-02-20,Toys,25.3,1,0,25.3,37,2.6,North,PayPal,8.0
ORD101586,2024-08-24,Books,8.38,1,15,7.12,63,3.4,North,Credit Card,4.0
ORD101257,2024-02-11,Clothing,14.01,4,20,44.83,60,3.7,South,UPI,4.0
ORD103509,2023-09-13,Toys,33.1,3,10,89.37,67,3.8,Central,PayPal,3.0
ORD103550,2023-11-18,Home & Kitchen,48.91,5,10,220.1,36,4.5,South,Credit Card,4.0
ORD103676,2023-09-25,Sports,96.95,5,30,339.33,55,3.2,East,Credit Card,5.0
ORD101178,2023-07-09,Clothing,55.82,4,5,212.1,34,4.8,Central,Credit Card,4.0
ORD102924,2023-11-06,Groceries,18.93,3,15,48.27,65,4.0,West,Debit Card,3.0
ORD103539,2024-08-27,Home & Kitchen,43.59,1,10,39.23,28,3.9,North,Credit Card,-1.0
ORD102379,2024-04-22,Clothing,35.74,2,25,53.6,50,4.3,East,Credit Card,4.0
ORD102144,2023-09-23,Clothing,70.68,4,20,226.17,31,4.1,East,PayPal,3.0
ORD100442,2023-04-07,Beauty,37.74,3,5,107.56,27,3.4,South,Credit Card,1.0
ORD102333,2024-08-24,Beauty,18.15,2,0,36.31,67,4.3,North,UPI,6.0
ORD103783,2024-07-09,Electronics,410.95,5,15,1746.52,35,2.0,Central,Credit Card,3.0
ORD100925,2024-11-22,Home & Kitchen,47.0,5,25,176.25,48,4.8,East,Credit Card,6.0
ORD104308,2024-08-09,Home & Kitchen,114.81,1,10,103.33,24,4.1,North,PayPal,4.0
ORD102186,2023-08-12,Clothing,33.11,3,0,99.32,36,4.4,North,Credit Card,8.0
ORD104819,2024-11-12,Clothing,42.71,3,0,128.12,43,4.8,East,Cash on Delivery,4.0
ORD101411,2024-02-15,Home & Kitchen,116.71,3,10,315.11,53,3.1,North,UPI,7.0
ORD103536,2023-01-23,Toys,51.49,4,0,205.97,21,4.2,East,Debit Card,5.0
ORD101813,2023-12-29,Beauty,42.29,2,0,84.58,66,2.7,East,UPI,9.0
ORD101509,2024-05-14,Books,22.8,1,5,21.66,21,5.0,Central,Credit Card,7.0
ORD101227,2024-12-20,Clothing,40.9,4,25,122.69,69,3.2,East,Credit Card,4.0
ORD103673,2023-01-01,Home & Kitchen,87.88,4,0,351.53,45,5.0,East,Credit Card,4.0
ORD102399,2024-06-21,Beauty,42.94,3,0,128.82,48,3.8,Central,Cash on Delivery,3.0
ORD104865,2024-03-04,Electronics,80.92,1,25,60.69,32,3.0,North,Credit Card,4.0
ORD103362,2023-02-03,Sports,69.22,3,0,207.66,62,5.0,Central,Debit Card,9.0
ORD103346,2024-03-16,Groceries,8.25,5,25,30.94,26,3.1,West,Credit Card,7.0
ORD100324,2024-12-13,Groceries,16.26,4,15,55.28,38,4.6,Central,PayPal,7.0
ORD103142,2023-11-26,Beauty,38.06,5,10,171.27,69,3.8,Central,Credit Card,4.0
ORD104896,2024-09-13,Clothing,35.09,3,30,73.69,54,2.6,North,Cash on Delivery,2.0
ORD101972,2024-05-13,Sports,38.27,3,15,97.59,60,4.4,Central,Credit Card,9.0
ORD103364,2023-04-28,Sports,58.46,2,5,111.07,51,4.8,West,Credit Card,7.0
ORD103097,2023-08-18,Home & Kitchen,100.42,1,0,100.42,62,4.0,West,Credit Card,5.0
ORD101498,2023-12-08,Clothing,,1,0,53.37,67,4.0,Central,Credit Card,1.0
ORD101502,2023-06-17,Toys,15.72,2,0,31.43,60,3.5,Central,UPI,6.0
ORD101006,2024-09-13,Home & Kitchen,75.98,2,10,136.77,62,5.0,South,PayPal,6.0
ORD103761,2024-01-05,Electronics,461.83,4,0,1847.33,26,5.0,North,UPI,8.0
ORD102770,2024-04-27,Groceries,5.77,1,0,5.77,60,4.5,East,PayPal,6.0
ORD103586,2023-11-27,Home & Kitchen,104.87,4,0,419.46,64,2.3,South,Debit Card,
ORD101467,2023-10-09,Electronics,263.85,4,15,897.1,64,3.6,North,Cash on Delivery,6.0
ORD101225,2024-12-09,Beauty,45.48,3,0,136.45,58,5.0,North,Credit Card,5.0
ORD103199,2023-07-13,Electronics,112.67,5,15,478.86,27,,West,Credit Card,5.0
ORD102689,2024-12-18,Books,23.22,3,15,59.22,44,5.0,South,Credit Card,6.0
ORD102226,2024-10-03,Beauty,27.31,2,0,54.62,44,3.8,East,UPI,-1.0
ORD101216,2024-01-06,Sports,,4,15,256.22,48,4.3,West,Cash on Delivery,6.0
ORD104054,2023-01-05,Electronics,145.84,5,5,692.75,29,4.2,East,PayPal,2.0
ORD103568,2024-07-06,Clothing,30.54,5,10,137.42,63,5.0,South,Cash on Delivery,3.0
ORD100420,2024-11-09,Groceries,9.87,3,15,25.17,60,4.3,Central,UPI,4.0
ORD104257,2023-03-07,Toys,,4,10,65.98,50,5.0,Central,UPI,9.0
ORD100006,2023-03-04,Groceries,9.08,1,5,8.62,50,3.0,East,PayPal,6.0
ORD100932,2023-07-08,Groceries,9.03,5,0,45.16,61,3.4,West,Debit Card,3.0
ORD101691,2024-10-12,Sports,70.16,3,10,189.44,69,5.0,South,Credit Card,7.0
ORD100439,2023-10-18,Electronics,277.25,4,20,887.2,65,1.4,Central,Credit Card,7.0
ORD101313,2024-09-15,Electronics,233.76,1,5,222.07,64,4.8,West,Cash on Delivery,7.0
ORD100678,2024-01-18,Electronics,126.68,2,0,253.37,58,2.8,East,Debit Card,6.0
ORD102015,2023-08-22,Clothing,36.35,4,0,145.4,35,4.1,South,Debit Card,3.0
ORD104656,2023-04-08,Toys,31.3,3,10,84.5,43,2.9,East,Credit Card,5.0
ORD101888,2023-02-14,Sports,97.87,2,15,166.38,60,4.0,West,UPI,5.0
ORD102311,2023-02-19,Sports,2.81,3,0,8.44,44,3.5,West,PayPal,5.0
ORD104680,2023-08-26,Clothing,49.45,1,0,49.45,66,2.7,North,Debit Card,2.0
ORD103320,2023-03-04,Sports,44.42,5,0,222.09,34,2.9,South,Cash on Delivery,4.0
ORD104768,2023-03-24,Toys,15.73,1,0,15.73,34,4.7,North,Debit Card,3.0
ORD102484,2023-09-09,Clothing,25.38,5,0,126.91,43,5.0,West,Credit Card,8.0
ORD101086,2024-08-08,Clothing,63.26,4,0,253.02,43,3.5,West,PayPal,3.0
ORD103012,2023-02-03,Home & Kitchen,69.98,2,0,139.96,34,4.3,South,Debit Card,10.0
ORD104288,2024-07-12,Beauty,26.78,5,5,127.22,42,,North,Credit Card,5.0
ORD102833,2024-02-03,Electronics,265.94,2,5,505.29,67,4.2,West,PayPal,8.0
ORD102692,2024-10-27,Electronics,112.11,1,5,106.5,36,5.0,North,Cash on Delivery,5.0
ORD100194,2024-12-02,Toys,20.42,2,30,28.59,21,2.5,East,Credit Card,7.0
ORD101474,2024-12-15,Electronics,219.4,1,0,219.4,51,3.5,East,Credit Card,6.0
ORD103437,2024-04-26,Clothing,44.01,2,15,74.81,39,4.6,West,PayPal,4.0
ORD102182,2024-03-19,Beauty,57.68,2,15,98.05,67,4.0,West,Cash on Delivery,8.0
ORD101211,2024-07-25,Beauty,34.35,4,15,116.78,63,3.4,Central,Credit Card,6.0
ORD104104,2023-02-26,Sports,93.15,5,30,326.01,68,4.4,North,PayPal,2.0
ORD101657,2024-09-30,Electronics,243.83,4,0,975.31,67,5.0,East,Credit Card,5.0
ORD102753,2024-04-21,Beauty,36.88,2,0,73.75,58,4.1,Central,Debit Card,4.0
ORD103158,2024-05-03,Electronics,277.02,1,5,263.17,45,4.3,East,Credit Card,6.0
ORD102758,2023-09-21,Home & Kitchen,30.97,2,10,55.74,29,,Central,Credit Card,2.0
ORD104105,2023-11-27,Electronics,298.46,2,15,507.39,30,4.0,Central,UPI,8.0
ORD102213,2023-03-26,Toys,29.94,4,5,113.79,29,,Central,Credit Card,9.0
ORD104451,2023-07-05,Groceries,14.27,3,0,42.82,53,3.1,West,Cash on Delivery,9.0
ORD101130,2023-10-25,Electronics,317.15,4,0,1268.61,44,4.4,Central,Debit Card,4.0
ORD101461,2023-08-17,Electronics,304.07,2,0,608.14,55,3.4,East,Credit Card,8.0
ORD100276,2023-12-08,Sports,84.07,4,0,336.27,59,3.5,North,Cash on Delivery,9.0
ORD104574,2024-06-03,Beauty,60.79,4,0,243.17,31,4.2,North,Credit Card,7.0
ORD103650,2023-03-29,Beauty,45.44,5,10,204.46,48,4.1,South,Credit Card,5.0
ORD103372,2023-08-14,Electronics,209.57,3,10,565.84,41,1.6,Central,Cash on Delivery,5.0
ORD103187,2023-10-22,Electronics,193.94,5,25,727.29,48,4.6,South,Debit Card,4.0
ORD101302,2024-05-26,Clothing,10.59,2,5,20.11,53,4.4,Central,Debit Card,6.0
ORD102846,2024-09-22,Sports,44.92,3,15,114.55,31,3.8,West,Credit Card,7.0
ORD100222,2024-05-29,Clothing,50.12,1,0,50.12,60,3.4,East,Credit Card,4.0
ORD104687,2023-07-30,Clothing,25.46,5,25,95.47,24,2.3,West,PayPal,2.0
ORD103656,2024-01-12,Home & Kitchen,14.04,1,0,14.04,38,5.0,East,UPI,3.0
ORD100573,2023-02-06,Sports,30.96,5,15,131.59,60,5.0,North,Debit Card,5.0
ORD101236,2023-01-04,Clothing,48.88,2,15,83.09,35,3.4,Central,Credit Card,3.0
ORD103614,2024-07-03,Home & Kitchen,84.61,1,0,84.61,43,,West,Credit Card,6.0
ORD102174,2023-06-20,Sports,35.46,1,0,35.46,38,4.0,Central,Credit Card,5.0
ORD102323,2024-04-21,Sports,36.64,4,10,131.92,59,4.8,Central,PayPal,10.0
ORD101334,2024-01-26,Clothing,40.77,4,5,154.91,55,3.0,North,Debit Card,8.0
ORD104541,2024-04-04,Electronics,336.27,4,20,1076.08,51,3.9,Central,Credit Card,6.0
ORD104952,2024-07-26,Home & Kitchen,54.67,3,30,114.8,38,3.6,West,PayPal,7.0
ORD100418,2023-08-05,Electronics,165.14,5,0,825.68,45,4.7,West,Cash on Delivery,5.0
ORD100267,2023-09-11,Sports,74.01,2,25,111.01,62,3.0,North,Credit Card,6.0
ORD101104,2023-08-12,Groceries,17.22,3,0,51.67,36,4.3,East,PayPal,4.0
ORD100257,2023-03-17,Sports,48.28,5,15,205.18,49,4.1,East,Debit Card,5.0
ORD100295,2024-01-16,Books,17.49,3,0,52.46,34,4.4,West,PayPal,5.0
ORD102405,2024-08-28,Books,26.47,2,20,42.35,33,4.0,East,Credit Card,8.0
ORD100386,2023-02-19,Electronics,230.4,3,0,691.2,38,5.0,East,UPI,4.0
ORD104418,2024-06-05,Clothing,43.72,1,5,41.53,20,3.3,South,Credit Card,7.0
ORD103153,2024-08-02,Clothing,43.44,5,0,217.2,60,4.5,North,UPI,7.0
ORD102274,2023-05-10,Electronics,294.56,3,5,839.5,20,3.3,South,Debit Card,4.0
ORD102290,2023-10-16,Home & Kitchen,100.47,5,25,376.78,59,3.6,South,Cash on Delivery,2.0
ORD104379,2024-11-10,Electronics,185.96,3,0,557.89,33,3.4,South,Credit Card,2.0
ORD103585,2023-06-08,Beauty,32.5,1,0,32.5,66,,South,Credit Card,2.0
ORD104250,2023-11-02,Electronics,299.89,2,0,599.78,60,3.2,South,Cash on Delivery,4.0
ORD104428,2024-07-17,Clothing,50.52,2,15,85.88,50,4.7,West,PayPal,7.0
ORD101563,2024-11-02,Books,15.06,2,5,28.62,43,1.8,South,PayPal,4.0
ORD101962,2023-04-15,Clothing,29.81,3,0,89.42,66,3.2,East,UPI,3.0
ORD101400,2024-09-16,Electronics,358.16,4,15,1217.75,54,4.1,West,Credit Card,6.0
ORD100712,2024-06-15,Beauty,46.21,5,5,219.51,42,3.6,North,Credit Card,3.0
ORD104371,2023-05-05,Books,14.45,4,15,49.14,23,3.4,Central,Credit Card,5.0
ORD102905,2024-09-23,Sports,101.45,2,15,172.46,24,,South,PayPal,4.0
ORD100209,2024-07-23,Sports,48.98,2,5,93.06,51,5.0,East,UPI,5.0
ORD104020,2023-04-08,Groceries,6.37,2,20,10.2,38,5.0,Central,Credit Card,5.0
ORD101289,2024-03-30,Sports,84.4,1,0,84.4,57,3.1,Central,Cash on Delivery,4.0
ORD104878,2024-05-05,Home & Kitchen,102.53,1,10,92.28,49,5.0,East,Credit Card,5.0
ORD101842,2024-08-19,Books,28.58,4,5,108.6,49,3.5,Central,Credit Card,5.0
ORD100449,2023-07-29,Toys,41.89,1,15,35.61,60,3.8,East,Debit Card,5.0
ORD104524,2024-08-08,Electronics,224.99,4,15,764.96,36,3.7,South,PayPal,8.0
ORD103554,2023-10-31,Electronics,86.36,4,10,310.9,18,3.6,South,Cash on Delivery,3.0
ORD101820,2023-08-17,Beauty,32.82,1,30,22.97,42,2.8,North,PayPal,5.0
ORD100958,2024-12-11,Electronics,303.74,1,5,288.55,45,5.0,East,Credit Card,2.0
ORD101793,2023-07-23,Books,19.1,2,25,28.66,56,4.3,Central,UPI,4.0
ORD102809,2023-05-19,Clothing,19.19,4,5,72.92,63,4.8,East,UPI,7.0
ORD100654,2024-02-09,Electronics,389.32,2,0,778.64,48,3.1,Central,UPI,5.0
ORD102451,2024-10-12,Beauty,31.4,2,20,50.24,56,5.0,North,Debit Card,4.0
ORD103927,2023-04-23,Clothing,45.98,2,15,78.17,26,3.9,West,PayPal,10.0
ORD100331,2023-09-29,Home & Kitchen,18.34,3,0,55.03,57,3.6,Central,PayPal,9.0
ORD101760,2023-10-09,Groceries,12.74,4,5,48.42,30,4.0,South,Debit Card,6.0
ORD104660,2024-08-31,Books,12.85,3,20,30.85,33,3.9,East,PayPal,3.0
ORD102796,2024-09-28,Groceries,9.34,5,5,44.37,41,1.4,North,Credit Card,5.0
ORD102154,2024-05-30,Home & Kitchen,33.78,1,15,28.71,38,4.0,South,Cash on Delivery,4.0
ORD100411,2023-06-17,Electronics,230.97,4,10,831.48,19,2.2,South,Credit Card,
ORD101774,2024-07-16,Electronics,112.51,3,10,303.76,22,4.1,East,Credit Card,7.0
ORD104814,2024-06-29,Clothing,46.62,3,25,104.9,18,4.6,North,Credit Card,7.0
ORD102228,2023-07-31,Books,14.01,1,20,11.21,22,4.2,South,Cash on Delivery,5.0
ORD102423,2024-08-27,Toys,23.15,3,5,65.99,35,4.5,East,UPI,5.0
ORD102678,2024-02-28,Home & Kitchen,99.5,1,30,69.65,55,4.4,East,PayPal,4.0
ORD104355,2024-08-25,Clothing,41.31,3,0,123.92,45,4.3,West,Credit Card,7.0
ORD104823,2024-12-13,Groceries,13.89,2,10,25.0,50,5.0,Central,Credit Card,1.0
ORD104471,2024-10-02,Clothing,17.81,1,15,15.14,24,5.0,East,Credit Card,5.0
ORD103382,2024-12-03,Beauty,36.43,3,0,109.28,43,4.8,West,Credit Card,3.0
ORD103532,2023-02-14,Electronics,276.86,5,20,1107.45,24,4.9,North,UPI,8.0
ORD103628,2024-09-10,Books,20.19,3,25,45.43,18,4.9,South,UPI,7.0
ORD102002,2023-10-18,Books,14.4,3,0,43.2,56,4.0,East,PayPal,3.0
ORD103435,2024-03-19,Books,15.87,5,15,67.45,26,3.0,North,Debit Card,4.0
ORD103447,2024-02-16,Sports,67.58,5,0,337.92,55,2.9,East,Credit Card,5.0
ORD103822,2024-02-05,Toys,25.23,2,10,45.41,33,1.6,West,Credit Card,4.0
ORD100430,2023-03-03,Books,16.57,2,0,33.14,62,3.1,West,Credit Card,6.0
ORD104560,2023-12-23,Electronics,384.86,3,0,1154.59,30,3.2,Central,Cash on Delivery,5.0
ORD102080,2024-08-27,Sports,62.76,1,10,56.48,32,5.0,North,Credit Card,5.0
ORD101366,2023-08-09,Books,22.38,5,15,95.13,26,3.8,East,Cash on Delivery,6.0
ORD100173,2024-06-12,Home & Kitchen,74.11,3,20,177.87,53,3.6,East,Credit Card,4.0
ORD102910,2023-03-24,Clothing,51.85,2,10,93.32,46,3.6,North,Credit Card,6.0
ORD101176,2023-08-20,Clothing,77.35,1,20,61.88,51,4.7,North,Credit Card,2.0
ORD103399,2024-06-11,Electronics,301.32,5,15,1280.59,29,3.7,South,Credit Card,3.0
ORD101476,2023-12-25,Electronics,382.99,5,20,1531.96,21,4.9,North,Credit Card,8.0
ORD103939,2024-01-08,Books,20.08,3,0,60.24,55,4.0,South,Credit Card,3.0
ORD103565,2023-07-10,Toys,23.38,3,25,52.61,50,3.3,West,UPI,8.0
ORD100102,2024-08-11,Home & Kitchen,58.93,1,20,47.15,58,4.2,Central,Credit Card,4.0
ORD103412,2023-06-12,Home & Kitchen,76.58,4,30,214.42,61,5.0,North,UPI,2.0
ORD103264,2024-01-20,Home & Kitchen,83.17,4,0,332.66,50,5.0,Central,Credit Card,3.0
ORD101263,2024-08-24,Clothing,70.82,1,5,67.28,53,3.9,North,Credit Card,4.0
ORD102940,2024-06-06,Electronics,283.32,1,0,283.32,66,4.0,West,Debit Card,4.0
ORD101073,2024-01-19,Home & Kitchen,92.56,1,0,92.56,69,3.5,East,PayPal,7.0
ORD102572,2024-06-17,Home & Kitchen,120.18,3,10,324.48,57,4.5,Central,PayPal,3.0
ORD104705,2023-06-21,Home & Kitchen,86.57,2,5,164.48,31,4.9,North,PayPal,3.0
ORD102794,2023-02-20,Beauty,42.41,2,5,80.57,27,4.7,Central,Credit Card,4.0
ORD103365,2024-07-01,Clothing,39.13,1,5,37.17,41,3.7,East,UPI,8.0
ORD104545,2024-07-05,Groceries,6.11,3,5,17.42,61,2.6,South,Credit Card,5.0
ORD103755,2023-08-23,Toys,31.39,5,15,133.39,68,3.8,East,UPI,3.0
ORD101643,2024-03-10,Clothing,42.16,5,10,189.74,40,2.0,East,Credit Card,4.0
ORD104550,2023-02-02,Groceries,13.94,2,15,23.7,49,5.0,South,UPI,7.0
ORD100000,2023-03-07,Electronics,248.62,5,15,1056.63,19,3.3,East,Credit Card,6.0
ORD101580,2023-08-05,Clothing,64.99,4,15,220.97,28,4.3,West,UPI,3.0
ORD104466,2024-08-07,Books,7.63,5,15,32.42,55,4.4,East,UPI,5.0
ORD104453,2024-05-30,Sports,43.51,3,20,104.43,34,5.0,North,Credit Card,7.0
ORD101356,2023-09-09,Beauty,35.99,2,20,57.59,52,5.0,South,PayPal,4.0
ORD103459,2023-10-17,Clothing,47.58,1,10,42.82,40,4.5,North,Credit Card,5.0
ORD102123,2024-03-21,Toys,37.73,3,25,84.89,30,5.0,North,Credit Card,8.0
ORD102277,2023-02-07,Electronics,291.51,4,25,874.54,37,2.9,Central,Cash on Delivery,2.0
ORD102078,2023-07-08,Home & Kitchen,106.84,1,0,106.84,58,3.7,Central,PayPal,5.0
ORD104365,2024-09-04,Clothing,48.25,5,5,229.21,20,3.3,East,PayPal,7.0
ORD100396,2023-02-02,Groceries,20.41,4,30,57.16,66,4.1,Central,PayPal,4.0
ORD103529,2023-03-29,Electronics,187.02,5,20,748.08,43,5.0,East,Credit Card,8.0
ORD101064,2024-07-04,Groceries,25.1,2,25,37.65,30,3.8,West,PayPal,7.0
ORD102404,2023-10-08,Sports,61.09,3,0,183.28,27,4.8,South,Credit Card,4.0
ORD104215,2024-12-26,Beauty,39.66,5,0,198.28,27,3.8,South,PayPal,7.0
ORD102195,2024-08-19,Sports,66.54,1,0,66.54,59,4.1,South,Credit Card,6.0
ORD100818,2024-05-01,Electronics,165.85,5,10,746.33,64,4.6,East,UPI,7.0
ORD101812,2024-05-07,Clothing,44.48,4,0,177.93,34,4.5,East,UPI,6.0
ORD102620,2024-09-11,Sports,63.8,3,15,162.69,63,5.0,Central,Debit Card,3.0
ORD101552,2024-01-25,Books,23.63,2,0,47.26,63,2.7,West,Debit Card,6.0
ORD103184,2024-04-05,Home & Kitchen,28.65,2,20,45.83,28,2.5,West,Debit Card,2.0
ORD100816,2023-02-01,Sports,55.59,2,15,1338.7537429071795,64,3.8,South,UPI,5.0
ORD101572,2024-06-20,Home & Kitchen,64.63,1,5,61.4,47,4.2,East,Credit Card,9.0
ORD103027,2024-06-30,Electronics,389.31,4,0,1557.24,51,1.8,East,PayPal,5.0
ORD101800,2023-02-11,Home & Kitchen,55.55,1,0,55.55,33,5.0,South,Credit Card,4.0
ORD104331,2023-07-17,Books,18.17,2,10,32.71,26,4.3,South,Credit Card,2.0
ORD100381,2024-11-15,Electronics,196.77,4,0,787.08,31,3.9,East,Debit Card,5.0
ORD104532,2024-05-29,Electronics,123.67,3,20,296.8,62,3.3,North,UPI,3.0
ORD103897,2023-01-14,Electronics,441.19,5,25,1654.46,30,2.2,West,Cash on Delivery,4.0
ORD102955,2024-12-28,Books,14.86,2,15,25.27,69,4.2,Central,Debit Card,4.0
ORD103573,2023-08-30,Electronics,190.71,3,20,457.7,60,4.1,Central,PayPal,6.0
ORD102948,2024-01-24,Books,9.0,2,0,18.0,26,4.6,Central,Credit Card,6.0
ORD104368,2024-11-08,Sports,61.31,3,0,183.92,47,2.9,East,PayPal,5.0
ORD101780,2023-02-04,Electronics,130.4,4,0,521.59,26,5.0,North,UPI,8.0
ORD102780,2023-08-16,Groceries,15.41,4,5,58.57,64,5.0,East,Credit Card,4.0
ORD102481,2024-09-20,Clothing,54.13,1,20,43.31,43,5.0,South,Cash on Delivery,4.0
ORD102377,2023-04-11,Sports,73.03,4,0,292.11,20,3.4,Central,Credit Card,5.0
ORD100864,2024-09-10,Clothing,73.92,5,10,332.66,53,5.0,Central,UPI,4.0
ORD103082,2023-07-22,Clothing,50.96,1,10,45.87,51,5.0,West,Credit Card,9.0
ORD103970,2023-12-16,Home & Kitchen,48.71,4,0,194.85,22,5.0,North,UPI,5.0
ORD100554,2024-12-20,Books,17.63,2,15,29.96,62,4.2,South,Credit Card,3.0
ORD101159,2023-09-06,Electronics,267.95,3,30,562.7,21,4.2,West,Credit Card,2.0
ORD101213,2024-09-25,Beauty,32.61,2,5,61.97,40,3.8,North,Credit Card,8.0
ORD102603,2024-02-16,Books,14.81,3,20,35.55,44,2.9,East,Debit Card,5.0
ORD103671,2023-03-11,Home & Kitchen,132.48,2,0,264.96,49,3.0,Central,Credit Card,3.0
ORD100048,2024-05-10,Clothing,64.46,1,0,64.46,46,4.4,West,Credit Card,5.0
ORD102985,2024-04-18,Toys,34.49,2,15,58.63,39,3.3,North,UPI,4.0
ORD100700,2024-01-16,Beauty,49.15,5,20,196.58,23,4.0,South,PayPal,2.0
ORD100652,2023-05-28,Clothing,54.85,2,0,109.69,62,4.2,West,PayPal,1.0
ORD103221,2023-07-04,Electronics,172.1,2,5,326.99,42,3.3,Central,PayPal,1.0
ORD103131,2023-12-03,Electronics,232.07,5,15,986.29,36,4.6,North,Credit Card,2.0
ORD103377,2024-03-01,Electronics,312.85,5,5,1486.03,69,4.0,East,Credit Card,9.0
ORD100748,2023-08-17,Toys,33.33,1,5,31.66,26,4.6,South,PayPal,5.0
ORD101455,2023-02-17,Books,15.21,3,15,38.79,26,3.9,East,Cash on Delivery,6.0
ORD104238,2024-07-09,Beauty,40.84,1,20,32.67,26,3.2,South,Debit Card,4.0
ORD102251,2024-02-08,Home & Kitchen,21.45,4,10,77.22,24,3.5,South,UPI,4.0
ORD102059,2023-10-22,Sports,78.43,4,15,266.65,57,5.0,East,Credit Card,6.0
ORD100866,2024-08-22,Sports,26.11,5,15,110.99,65,3.9,West,Credit Card,6.0
ORD100752,2023-03-05,Clothing,27.91,1,0,27.91,54,4.7,West,Credit Card,5.0
ORD101644,2023-04-07,Home & Kitchen,44.01,1,10,39.61,19,5.0,Central,UPI,7.0
ORD100092,2024-09-07,Sports,47.77,4,0,191.07,30,3.8,Central,PayPal,
ORD102881,2023-06-22,Sports,78.29,2,0,156.57,20,4.5,South,Credit Card,3.0
ORD103164,2023-04-04,Electronics,334.65,2,15,568.91,22,3.4,Central,Debit Card,
ORD102476,2024-01-17,Home & Kitchen,100.61,1,30,70.43,35,3.2,Central,PayPal,4.0
ORD103903,2023-01-09,Home & Kitchen,,1,0,54.11,67,3.7,East,UPI,4.0
ORD101490,2023-07-20,Groceries,23.74,2,5,45.1,40,5.0,West,Debit Card,4.0
ORD102954,2023-07-22,Groceries,18.32,4,20,58.63,24,3.8,East,Debit Card,4.0
ORD104269,2024-01-04,Clothing,57.49,4,5,218.46,24,4.4,South,Credit Card,7.0
ORD100729,2024-04-25,Home & Kitchen,65.38,2,0,130.76,20,3.1,South,Credit Card,5.0
ORD102771,2023-01-30,Toys,41.53,4,0,166.11,26,4.5,South,Credit Card,5.0
ORD102518,2023-04-15,Books,16.79,1,15,14.28,28,4.2,East,PayPal,10.0
ORD103805,2024-09-12,Electronics,171.28,1,0,171.28,66,4.2,East,Debit Card,4.0
ORD101936,2023-09-30,Beauty,28.07,1,15,23.86,37,4.7,West,Credit Card,6.0
ORD101745,2024-12-16,Clothing,59.05,4,15,200.77,49,3.0,West,UPI,9.0
ORD103567,2023-04-23,Clothing,56.25,2,0,112.5,41,4.6,West,Credit Card,5.0
ORD103379,2023-10-16,Clothing,44.57,3,15,113.64,40,4.3,West,Debit Card,5.0
ORD103631,2024-02-03,Sports,60.87,5,0,304.35,31,2.5,East,PayPal,7.0
ORD101957,2024-01-24,Books,12.69,4,20,40.62,63,2.5,East,Debit Card,3.0
ORD101110,2024-04-07,Sports,71.15,1,15,60.48,60,5.0,South,PayPal,2.0
ORD103405,2023-09-15,Toys,35.76,5,10,160.91,43,2.8,East,Debit Card,3.0
ORD104109,2023-08-25,Electronics,273.22,2,10,491.79,53,3.2,South,Credit Card,2.0
ORD104516,2023-09-15,Clothing,10.4,5,15,44.21,60,5.0,North,UPI,3.0
ORD104817,2023-08-30,Groceries,16.1,4,20,51.51,59,3.0,North,Credit Card,5.0
ORD100346,2024-12-25,Clothing,59.2,2,15,100.64,48,2.8,Central,UPI,8.0
ORD101185,2023-08-13,Electronics,253.08,5,0,1265.38,39,3.5,West,Credit Card,6.0
ORD104066,2024-09-16,Books,21.17,1,15,18.0,19,4.9,North,Debit Card,5.0
ORD104085,2024-04-07,Clothing,28.78,5,25,107.94,18,3.3,North,UPI,3.0
ORD101515,2024-11-11,Books,7.45,2,15,12.67,23,3.3,East,Credit Card,2.0
ORD104716,2024-10-12,Sports,75.81,3,0,227.42,28,3.7,South,Debit Card,6.0
ORD100578,2024-10-15,Books,14.24,1,20,11.39,23,2.1,West,Credit Card,4.0
ORD101964,2024-08-20,Electronics,234.94,2,0,469.88,60,4.9,West,Debit Card,7.0
ORD100075,2023-12-14,Books,10.22,2,5,19.41,47,4.9,West,Cash on Delivery,6.0
ORD101429,2024-07-29,Toys,20.35,1,0,20.35,63,4.5,West,Debit Card,5.0
ORD104393,2023-02-19,Electronics,299.4,4,0,1197.6,22,3.5,West,Credit Card,6.0
ORD104959,2024-11-21,Sports,41.52,2,5,78.88,19,4.8,East,Debit Card,6.0
ORD104052,2024-07-13,Beauty,34.04,5,15,144.69,47,,West,PayPal,5.0
ORD102653,2023-09-30,Electronics,220.25,3,0,660.75,62,3.9,West,Debit Card,7.0
ORD101846,2023-10-22,Beauty,48.58,1,20,38.87,29,3.5,North,Credit Card,8.0
ORD100131,2024-02-09,Home & Kitchen,85.91,2,15,146.05,53,3.9,Central,UPI,7.0
ORD100178,2024-10-20,Beauty,12.36,4,20,39.56,43,3.2,North,Debit Card,7.0
ORD104511,2024-01-17,Groceries,21.58,2,20,34.52,44,4.1,South,PayPal,5.0
ORD102748,2023-10-31,Electronics,286.75,2,0,573.5,52,4.5,Central,Credit Card,5.0
ORD102569,2024-11-08,Home & Kitchen,,1,15,79.27,26,3.5,Central,Debit Card,5.0
ORD102417,2023-07-10,Sports,34.4,4,10,123.83,20,5.0,North,Credit Card,2.0
ORD104622,2024-08-27,Groceries,19.59,4,0,78.34,55,2.8,North,Cash on Delivery,6.0
ORD100658,2023-02-22,Toys,34.46,1,10,31.01,53,5.0,Central,Cash on Delivery,7.0
ORD101896,2024-02-24,Electronics,192.16,2,0,384.31,35,3.0,Central,Debit Card,3.0
ORD103384,2024-08-06,Home & Kitchen,131.52,1,0,131.52,53,3.6,North,Credit Card,4.0
ORD103163,2023-08-18,Electronics,202.65,2,0,405.29,57,,West,Debit Card,3.0
ORD100342,2024-03-30,Home & Kitchen,68.43,5,5,325.06,28,2.7,East,PayPal,5.0
ORD104498,2023-06-28,Toys,55.73,3,10,150.46,49,5.0,North,Credit Card,2.0
ORD100727,2023-03-06,Electronics,316.19,1,25,237.14,67,4.4,North,Debit Card,1.0
ORD103856,2023-09-20,Clothing,36.07,2,0,72.14,25,2.7,Central,Credit Card,4.0
ORD100976,2023-03-11,Beauty,54.18,2,15,92.11,35,4.3,Central,Debit Card,4.0
ORD102418,2023-07-30,Groceries,15.22,4,5,57.83,35,3.2,South,PayPal,7.0
ORD104421,2024-12-31,Beauty,44.13,3,0,132.4,29,4.2,East,Credit Card,4.0
ORD101928,2023-05-14,Clothing,57.24,5,10,257.56,60,4.9,North,Credit Card,5.0
ORD102664,2023-06-07,Sports,38.18,3,10,103.07,26,,North,Credit Card,4.0
ORD104912,2023-01-19,Electronics,214.97,3,5,612.66,42,4.2,North,Debit Card,4.0
ORD101299,2023-01-22,Clothing,46.51,4,5,176.72,49,3.8,Central,Debit Card,4.0
ORD104704,2024-06-21,Books,10.93,4,5,41.53,64,3.9,West,UPI,5.0
ORD104645,2023-10-22,Sports,47.48,5,0,237.38,64,3.3,North,Credit Card,4.0
ORD100660,2023-05-10,Groceries,14.31,1,0,14.31,22,4.5,South,UPI,3.0
ORD104047,2023-07-01,Books,11.21,4,0,44.84,49,4.9,South,PayPal,5.0
ORD102438,2024-09-09,Sports,73.54,1,0,73.54,21,3.9,East,Debit Card,5.0
ORD103706,2023-04-25,Clothing,45.42,5,15,193.03,51,5.0,North,Credit Card,5.0
ORD103036,2024-08-09,Clothing,16.2,2,5,30.78,63,5.0,East,UPI,4.0
ORD102233,2023-04-11,Clothing,32.11,2,10,57.8,32,,South,Cash on Delivery,3.0
ORD103113,2024-11-10,Sports,73.04,4,5,277.54,68,4.4,North,Credit Card,1.0
ORD103998,2024-06-18,Clothing,47.78,5,15,203.05,69,4.3,West,UPI,4.0
ORD103668,2023-11-08,Clothing,29.82,5,10,134.17,48,2.8,East,Credit Card,5.0
ORD103256,2023-05-07,Electronics,186.87,3,10,504.55,39,4.2,East,Debit Card,5.0
ORD101278,2023-01-06,Beauty,32.52,4,0,130.06,64,4.4,West,PayPal,8.0
ORD103133,2023-03-01,Electronics,312.71,2,0,625.43,40,4.3,South,UPI,2.0
ORD101621,2023-01-03,Beauty,14.9,2,25,22.35,36,3.4,North,Credit Card,6.0
ORD103075,2024-06-30,Electronics,329.69,4,5,1252.81,48,5.0,Central,Debit Card,2.0
ORD100915,2023-12-02,Clothing,52.12,3,0,156.37,46,5.0,South,PayPal,1.0
ORD100067,2023-09-28,Electronics,256.91,3,5,732.18,48,3.7,West,Debit Card,6.0
ORD104740,2023-07-13,Books,18.4,3,5,52.44,69,,East,PayPal,4.0
ORD102167,2024-09-08,Clothing,44.33,2,5,84.22,42,4.0,North,Debit Card,4.0
ORD104745,2023-08-12,Groceries,17.9,3,10,48.33,42,4.3,Central,Debit Card,9.0
ORD100820,2023-01-18,Electronics,306.82,4,20,981.82,41,2.7,South,PayPal,10.0
ORD101226,2023-03-20,Groceries,10.44,2,10,18.79,64,5.0,Central,PayPal,3.0
ORD103185,2024-11-24,Electronics,293.89,2,5,558.4,29,4.1,South,Credit Card,7.0
ORD104890,2024-09-04,Clothing,65.29,3,20,156.69,28,4.7,South,PayPal,4.0
ORD102957,2023-12-22,Sports,48.82,2,20,78.12,42,4.4,West,PayPal,3.0
ORD104502,2024-12-30,Books,27.63,4,25,82.88,56,4.2,North,Debit Card,4.0
ORD104313,2023-03-13,Electronics,148.8,3,0,446.41,68,3.7,North,Credit Card,4.0
ORD104145,2023-07-24,Electronics,142.94,4,5,543.16,25,4.6,South,Cash on Delivery,7.0
ORD101143,2024-09-09,Electronics,152.34,3,5,434.17,65,3.6,Central,UPI,4.0
ORD100397,2023-05-24,Electronics,379.33,1,5,360.36,67,4.4,North,Debit Card,3.0
ORD104243,2023-01-24,Electronics,251.61,3,20,603.87,27,,South,PayPal,7.0
ORD104345,2024-01-03,Electronics,159.6,2,20,255.36,61,5.0,Central,Debit Card,3.0
ORD104419,2023-03-18,Books,26.24,1,20,20.99,42,2.8,West,Credit Card,6.0
ORD101398,2023-01-19,Electronics,257.96,1,15,219.26,21,4.0,East,Credit Card,4.0
ORD101659,2023-07-05,Electronics,152.17,5,25,570.63,42,4.3,East,PayPal,5.0
ORD100979,2024-02-18,Books,21.82,2,15,37.1,40,3.9,South,Credit Card,6.0
ORD101298,2024-01-23,Home & Kitchen,69.62,5,10,313.29,62,5.0,Central,UPI,4.0
ORD103660,2024-02-12,Sports,81.81,5,10,368.12,25,5.0,West,PayPal,3.0
ORD100082,2023-04-28,Electronics,329.41,4,20,1054.13,36,5.0,Central,Credit Card,7.0
ORD102225,2024-03-28,Clothing,32.95,2,5,62.6,59,5.0,East,Debit Card,4.0
ORD102505,2023-03-26,Home & Kitchen,67.68,2,0,135.36,54,4.2,North,PayPal,4.0
ORD104316,2024-12-16,Sports,52.52,2,20,84.02,41,4.5,West,PayPal,4.0
ORD104708,2024-07-15,Electronics,343.35,4,0,1373.39,39,2.6,South,Debit Card,3.0
ORD104098,2024-08-03,Electronics,173.48,5,10,780.67,51,,Central,Credit Card,2.0
ORD100423,2024-02-29,Sports,59.46,5,10,267.58,64,5.0,West,PayPal,7.0
ORD104383,2024-02-17,Beauty,37.7,3,0,113.1,60,3.7,West,Debit Card,4.0
ORD101904,2023-09-01,Home & Kitchen,65.9,1,0,65.9,58,5.0,West,PayPal,6.0
ORD104678,2024-04-22,Groceries,12.81,2,0,25.62,55,3.7,North,Credit Card,6.0
ORD104056,2024-09-11,Toys,18.85,4,15,64.07,20,3.2,South,UPI,4.0
ORD103165,2023-10-21,Sports,65.81,3,0,197.42,56,3.3,South,Credit Card,3.0
ORD101565,2023-11-29,Beauty,28.88,5,30,101.07,34,3.9,East,Debit Card,5.0
ORD103423,2023-10-07,Clothing,24.33,4,10,87.6,28,3.3,Central,PayPal,7.0
ORD100839,2024-10-27,Home & Kitchen,89.79,1,0,89.79,42,4.9,North,PayPal,6.0
ORD100500,2023-03-25,Beauty,1.31,2,5,2.49,64,4.0,Central,Credit Card,5.0
ORD100141,2023-06-06,Beauty,53.0,1,20,42.4,65,3.2,West,Credit Card,5.0
ORD101377,2024-07-03,Groceries,14.15,1,10,12.74,57,3.0,East,Cash on Delivery,4.0
ORD103770,2023-11-06,Home & Kitchen,120.09,5,10,540.38,58,3.3,West,Credit Card,6.0
ORD102570,2024-08-09,Clothing,20.38,3,0,61.15,67,2.1,North,Credit Card,2.0
ORD101138,2024-06-27,Beauty,41.18,3,0,123.55,49,3.7,East,Debit Card,7.0
ORD102594,2023-08-12,Groceries,13.72,3,5,39.09,69,4.0,West,UPI,4.0
ORD101787,2023-03-14,Electronics,,1,5,174.32,60,3.8,East,Cash on Delivery,3.0
ORD102615,2024-05-04,Groceries,6.93,5,15,29.44,58,4.6,South,Debit Card,6.0
ORD100550,2024-08-10,Toys,27.52,3,10,74.31,47,5.0,East,Credit Card,6.0
ORD103162,2023-04-28,Home & Kitchen,126.51,2,5,240.38,66,4.2,South,Debit Card,4.0
ORD102019,2023-12-04,Clothing,58.69,5,0,293.46,46,4.5,North,Credit Card,4.0
ORD100948,2024-11-23,Clothing,47.05,5,15,199.95,57,3.4,South,Debit Card,6.0
ORD102303,2024-10-04,Home & Kitchen,41.22,5,25,154.58,20,3.0,South,UPI,5.0
ORD100532,2023-04-24,Clothing,51.23,1,0,51.23,32,3.5,West,PayPal,6.0
ORD101829,2024-12-19,Groceries,20.69,3,10,55.85,33,4.4,East,Credit Card,5.0
ORD104847,2023-03-12,Home & Kitchen,63.66,4,5,241.9,21,3.5,Central,Cash on Delivery,9.0
ORD104462,2024-03-06,Books,17.15,1,0,17.15,37,3.7,East,Debit Card,5.0
ORD103947,2023-09-27,Home & Kitchen,86.32,1,10,77.69,69,4.2,East,PayPal,6.0
ORD101602,2024-08-26,Books,21.39,3,5,60.96,27,4.7,North,PayPal,5.0
ORD100639,2024-11-24,Clothing,38.78,5,0,193.89,60,,South,PayPal,7.0
ORD104881,2024-12-30,Clothing,53.67,5,15,228.09,56,4.6,Central,PayPal,6.0
ORD100967,2023-08-20,Clothing,39.11,5,5,185.78,20,4.4,East,Credit Card,5.0
ORD104281,2024-10-16,Clothing,25.93,5,15,110.22,31,3.2,West,Credit Card,6.0
ORD102677,2024-10-03,Electronics,203.75,2,0,407.51,58,5.0,West,Debit Card,4.0
ORD101683,2024-08-04,Home & Kitchen,120.24,5,15,511.03,44,4.0,West,PayPal,6.0
ORD104515,2024-08-03,Groceries,17.49,2,10,31.48,30,4.9,South,Credit Card,9.0
ORD104544,2023-11-23,Groceries,16.08,4,0,64.31,21,3.5,East,Credit Card,5.0
ORD100155,2024-04-28,Groceries,16.02,1,0,16.02,63,4.7,South,PayPal,3.0
ORD102534,2024-08-08,Books,17.89,3,20,42.95,51,4.7,West,Debit Card,4.0
ORD103704,2024-11-21,Electronics,352.53,1,10,317.28,45,3.2,North,PayPal,6.0
ORD101089,2023-04-14,Clothing,47.83,2,5,90.87,19,4.7,East,Credit Card,3.0
ORD102707,2023-08-11,Groceries,14.95,4,5,56.83,54,3.2,North,UPI,6.0
ORD104284,2023-03-31,Sports,58.79,2,0,117.59,68,4.6,North,UPI,7.0
ORD100288,2024-02-01,Groceries,14.96,1,10,13.47,49,3.9,North,Debit Card,4.0
ORD100930,2024-01-28,Books,15.41,1,20,12.33,30,5.0,South,UPI,11.0
ORD102584,2023-09-14,Groceries,12.12,3,0,36.35,69,5.0,South,UPI,7.0
ORD102305,2023-03-12,Sports,48.4,3,15,123.41,69,3.1,West,Credit Card,7.0
ORD103439,2024-08-29,Beauty,55.34,3,20,132.82,25,5.0,Central,Credit Card,5.0
ORD104133,2024-01-03,Books,5.43,1,5,5.16,49,4.0,Central,Credit Card,6.0
ORD103357,2024-10-02,Home & Kitchen,44.24,4,0,176.98,58,3.1,South,Credit Card,6.0
ORD100942,2024-10-29,Electronics,185.18,1,0,185.18,60,5.0,North,Credit Card,5.0
ORD103934,2023-05-15,Books,12.91,5,15,54.86,59,4.5,North,Credit Card,10.0
ORD104709,2023-11-08,Sports,69.64,2,15,118.39,69,2.7,South,Credit Card,1.0
ORD101698,2023-09-20,Electronics,307.34,2,15,522.48,65,4.4,East,PayPal,8.0
ORD104756,2024-02-24,Home & Kitchen,19.66,4,10,70.78,30,4.9,South,PayPal,8.0
ORD103016,2024-01-25,Electronics,297.29,3,0,891.87,45,,North,Debit Card,6.0
ORD103647,2024-03-16,Clothing,23.52,2,25,35.28,44,4.4,South,Credit Card,4.0
ORD103912,2023-05-20,Home & Kitchen,74.26,4,0,297.03,51,5.0,South,Credit Card,3.0
ORD100985,2024-04-21,Beauty,48.62,1,0,48.62,43,5.0,West,Debit Card,2.0
ORD102827,2024-11-20,Groceries,16.02,2,0,32.05,32,5.0,South,Debit Card,4.0
ORD102231,2023-02-20,Toys,38.06,3,25,85.63,21,3.2,Central,PayPal,7.0
ORD102267,2024-06-16,Books,22.74,5,15,96.65,39,3.8,West,PayPal,3.0
ORD104826,2023-05-24,Groceries,15.63,3,10,42.2,41,4.5,North,Credit Card,4.0
ORD100981,2024-05-28,Sports,58.47,3,0,175.41,47,3.3,North,Cash on Delivery,6.0
ORD103407,2024-04-11,Sports,68.74,3,30,144.35,46,4.8,South,PayPal,6.0
ORD104527,2023-03-09,Clothing,32.09,3,5,91.46,49,4.3,North,UPI,2.0
ORD103225,2024-07-18,Toys,30.4,4,0,121.59,38,4.2,West,UPI,2.0
ORD103001,2024-05-06,Home & Kitchen,115.06,2,0,230.13,59,4.2,West,Credit Card,6.0
ORD104587,2023-08-13,Clothing,81.64,1,15,69.39,47,4.2,West,PayPal,6.0
ORD103919,2024-03-24,Sports,52.35,4,20,167.53,56,5.0,East,Credit Card,6.0
ORD101457,2023-11-29,Groceries,13.93,2,0,27.87,43,4.0,North,PayPal,5.0
ORD101395,2024-03-07,Sports,31.75,5,20,126.99,66,4.9,Central,Credit Card,9.0
ORD100264,2024-12-24,Electronics,248.28,1,0,248.28,36,2.6,North,Debit Card,5.0
ORD102440,2023-09-22,Toys,44.65,4,0,178.62,60,3.9,North,UPI,6.0
ORD100929,2024-02-27,Beauty,36.87,4,0,147.47,66,2.8,South,PayPal,7.0
ORD103123,2024-03-24,Books,11.96,3,0,35.87,47,4.5,North,PayPal,6.0
ORD102178,2024-04-02,Electronics,259.58,5,0,1297.91,19,5.0,Central,PayPal,4.0
ORD103570,2024-08-07,Toys,25.7,4,0,102.78,30,4.5,East,Cash on Delivery,6.0
ORD100246,2024-07-07,Electronics,196.66,2,10,353.99,25,4.1,West,PayPal,2.0
ORD103662,2024-12-08,Clothing,45.83,5,20,183.33,47,5.0,Central,Credit Card,3.0
ORD101758,2024-02-22,Groceries,20.56,5,0,102.82,41,4.0,Central,Credit Card,6.0
ORD104914,2024-07-22,Sports,44.21,4,10,159.14,27,3.8,South,Credit Card,3.0
ORD102867,2023-04-26,Beauty,48.11,5,0,240.54,20,5.0,North,Debit Card,4.0
ORD100923,2023-04-17,Home & Kitchen,91.5,4,10,329.41,48,2.8,West,Credit Card,4.0
ORD102389,2024-09-30,Groceries,17.85,4,10,64.25,33,4.4,Central,UPI,7.0
ORD100268,2024-03-23,Toys,,4,0,41.96,20,5.0,West,PayPal,7.0
ORD100669,2023-04-07,Books,20.26,2,5,38.49,19,2.8,North,Debit Card,1.0
ORD104935,2024-03-09,Home & Kitchen,98.47,1,20,78.77,25,4.5,South,Credit Card,6.0
ORD101910,2023-02-24,Clothing,32.86,1,0,32.86,46,4.3,South,Debit Card,4.0
ORD103046,2024-06-15,Groceries,10.79,2,0,21.59,61,4.8,East,Credit Card,2.0
ORD101152,2023-11-11,Clothing,26.6,1,0,26.6,21,4.9,North,Credit Card,
ORD104866,2023-12-09,Electronics,120.99,4,20,387.16,42,3.1,South,Credit Card,7.0
ORD103523,2023-05-04,Toys,32.15,5,0,160.73,61,3.6,South,Debit Card,4.0
ORD104512,2023-03-31,Electronics,205.89,2,5,391.19,19,3.3,North,PayPal,7.0
ORD103963,2023-10-04,Clothing,50.21,4,20,160.68,35,4.1,West,UPI,8.0
ORD104528,2023-11-21,Books,27.15,2,0,54.29,37,3.4,West,Debit Card,4.0
ORD103043,2024-01-22,Books,24.47,2,20,39.16,39,5.0,North,UPI,3.0
ORD101915,2024-01-14,Beauty,40.3,4,10,145.07,43,4.3,North,PayPal,5.0
ORD100612,2024-07-27,Sports,43.61,2,20,69.78,29,3.9,North,UPI,5.0
ORD102450,2024-09-05,Clothing,25.79,5,0,128.95,62,3.5,East,Credit Card,5.0
ORD104124,2024-07-30,Electronics,319.48,5,0,1597.4,21,3.3,North,UPI,6.0
ORD101898,2024-06-30,Electronics,355.18,5,30,1243.12,38,4.0,East,Credit Card,4.0
ORD101649,2024-09-03,Home & Kitchen,132.8,5,10,597.58,24,4.8,Central,PayPal,5.0
ORD102498,2023-01-24,Clothing,,3,0,140.56,27,3.2,South,Credit Card,7.0
ORD100258,2023-05-09,Sports,69.51,1,20,55.61,29,4.8,East,Credit Card,5.0
ORD100847,2023-02-07,Books,10.72,2,10,19.29,38,3.2,South,Cash on Delivery,4.0
ORD104295,2024-12-27,Books,9.85,2,15,16.75,52,4.3,Central,Credit Card,1.0
ORD101233,2024-07-02,Books,18.61,4,10,66.98,42,4.5,East,Debit Card,5.0
ORD101127,2024-04-11,Sports,90.73,3,0,272.19,34,3.4,North,Cash on Delivery,6.0
ORD101967,2023-12-09,Sports,71.08,4,0,284.31,69,4.1,East,PayPal,4.0
ORD100558,2024-08-02,Electronics,200.76,4,10,722.72,37,,West,Cash on Delivery,6.0
ORD103982,2024-05-05,Toys,20.23,4,10,72.84,46,3.7,East,Cash on Delivery,7.0
ORD100484,2023-12-05,Electronics,173.93,3,15,443.51,25,4.3,West,Credit Card,6.0
ORD102211,2024-07-20,Clothing,43.76,2,15,74.39,54,3.5,North,Debit Card,6.0
ORD101320,2023-03-25,Beauty,37.76,1,0,37.76,30,4.2,South,Credit Card,6.0
ORD102574,2024-07-19,Groceries,11.07,3,10,29.88,41,3.4,North,PayPal,7.0
ORD100007,2024-05-24,Groceries,22.69,2,30,31.76,53,3.1,South,Credit Card,4.0
ORD104407,2023-05-16,Beauty,27.18,3,5,77.47,66,4.8,South,UPI,4.0
ORD103254,2023-06-22,Electronics,308.71,2,0,617.42,67,3.7,East,PayPal,2.0
ORD101450,2023-08-03,Home & Kitchen,87.66,4,0,350.65,32,3.0,South,Credit Card,7.0
ORD104058,2023-05-31,Toys,38.61,5,0,193.05,67,4.3,East,Debit Card,6.0
ORD101814,2024-10-07,Electronics,333.37,2,0,666.74,22,3.8,South,Credit Card,4.0
ORD100773,2024-06-08,Sports,69.6,3,10,187.92,48,4.3,Central,Debit Card,
ORD101011,2024-08-07,Sports,55.41,3,0,166.22,50,4.7,West,Cash on Delivery,3.0
ORD103145,2024-02-08,Clothing,52.23,5,0,261.14,23,,North,Cash on Delivery,8.0
ORD102815,2023-03-10,Clothing,53.34,4,0,213.38,63,4.4,North,UPI,3.0
ORD101991,2023-11-17,Toys,26.73,4,0,106.92,23,3.3,South,Cash on Delivery,7.0
ORD101277,2024-07-19,Electronics,256.85,1,20,205.48,25,3.0,North,Credit Card,3.0
ORD101783,2024-11-29,Electronics,210.9,2,0,421.8,65,4.5,West,PayPal,6.0
ORD103168,2024-08-24,Sports,43.46,5,5,206.42,43,4.0,North,Credit Card,4.0
ORD100446,2023-08-18,Clothing,29.99,2,5,56.98,48,4.1,West,Cash on Delivery,4.0
ORD100880,2023-03-04,Clothing,35.06,1,0,35.06,62,5.0,East,Credit Card,3.0
ORD104504,2023-01-13,Toys,32.19,1,0,32.19,67,4.2,North,Credit Card,7.0
ORD100781,2024-04-10,Electronics,231.3,2,25,346.95,61,4.3,East,PayPal,4.0
ORD101749,2024-06-09,Beauty,26.85,5,15,114.12,59,4.2,Central,PayPal,5.0
ORD103456,2024-07-02,Books,22.34,4,15,75.95,33,4.0,East,Debit Card,4.0
ORD104931,2024-06-20,Sports,51.07,1,5,48.52,43,3.2,East,UPI,
ORD100883,2023-04-24,Books,11.49,4,0,45.96,49,4.3,Central,UPI,6.0
ORD103774,2023-11-11,Electronics,209.99,3,5,598.47,22,4.8,East,PayPal,4.0
ORD101091,2023-11-24,Clothing,46.73,4,10,168.23,28,3.7,South,PayPal,4.0
ORD102997,2023-09-12,Clothing,40.91,5,0,204.56,36,2.8,North,Credit Card,6.0
ORD100531,2023-05-02,Electronics,300.46,5,15,1276.95,52,4.8,South,Credit Card,4.0
ORD104100,2023-03-09,Electronics,337.49,1,15,286.87,55,3.2,South,PayPal,5.0
ORD104244,2023-09-15,Electronics,196.61,3,20,471.87,63,4.8,West,PayPal,3.0
ORD104139,2024-01-04,Clothing,64.13,5,10,288.6,19,4.6,Central,PayPal,8.0
ORD101727,2024-02-21,Electronics,149.06,1,0,149.06,33,2.9,East,Debit Card,7.0
ORD100610,2024-09-01,Clothing,19.84,2,0,39.67,66,3.1,Central,Credit Card,3.0
ORD100570,2024-11-24,Electronics,120.83,4,0,483.34,47,5.0,East,Credit Card,6.0
ORD104440,2023-08-27,Sports,58.13,2,20,93.0,24,5.0,North,Debit Card,5.0
ORD104092,2023-09-25,Home & Kitchen,,4,10,181.01,58,4.6,Central,PayPal,4.0
ORD100343,2024-01-12,Clothing,45.53,2,25,68.29,34,3.1,East,UPI,5.0
ORD103269,2024-12-19,Beauty,51.13,1,0,51.13,67,4.5,Central,Credit Card,7.0
ORD103203,2023-04-13,Beauty,20.52,4,5,77.99,54,3.6,West,UPI,1.0
ORD100434,2023-11-14,Sports,35.44,4,25,106.31,49,4.0,East,UPI,5.0
ORD101903,2023-07-01,Clothing,47.36,3,10,127.87,62,2.7,Central,Debit Card,6.0
ORD103877,2023-06-29,Toys,16.72,5,0,83.59,19,5.0,West,Credit Card,6.0
ORD103285,2023-12-09,Sports,82.93,3,0,248.79,59,5.0,Central,Cash on Delivery,6.0
ORD102069,2023-11-03,Books,23.65,1,5,22.47,68,3.3,West,PayPal,3.0
ORD101537,2023-03-22,Toys,16.34,4,5,62.1,29,4.0,North,Debit Card,3.0
ORD102295,2024-08-08,Electronics,133.88,5,20,535.53,62,5.0,Central,Debit Card,5.0
ORD102988,2024-10-22,Home & Kitchen,63.27,3,5,180.33,20,3.8,East,Credit Card,5.0
ORD101517,2023-02-05,Home & Kitchen,47.43,5,15,201.56,23,3.4,Central,PayPal,7.0
ORD100965,2024-03-06,Beauty,39.94,1,0,39.94,48,,East,Debit Card,4.0
ORD104450,2024-09-19,Books,9.19,5,0,45.93,23,4.1,Central,Credit Card,2.0
ORD100528,2024-10-31,Books,13.26,3,20,31.81,31,3.9,West,PayPal,6.0
ORD100176,2024-06-08,Home & Kitchen,74.27,1,0,74.27,18,4.0,West,Credit Card,8.0
ORD103552,2024-11-17,Toys,0.2,5,0,1.01,68,3.2,East,Credit Card,5.0
ORD102592,2024-01-24,Clothing,64.42,1,15,54.76,66,2.9,Central,Cash on Delivery,5.0
ORD104733,2023-07-12,Clothing,60.58,4,10,218.09,32,4.8,East,Debit Card,5.0
ORD100572,2023-07-26,Beauty,18.04,3,0,54.12,20,5.0,North,Credit Card,4.0
ORD103849,2023-06-14,Sports,27.81,1,15,23.64,45,2.0,West,Credit Card,5.0
ORD103859,2023-11-18,Home & Kitchen,38.47,5,5,182.73,39,5.0,East,Debit Card,5.0
ORD102873,2023-06-09,Books,17.5,5,20,70.02,34,5.0,South,Debit Card,6.0
ORD103277,2023-06-29,Books,26.11,2,0,52.22,59,3.5,South,Credit Card,6.0
ORD102633,2024-02-16,Home & Kitchen,112.74,3,5,321.3,48,3.5,West,Credit Card,2.0
ORD102208,2023-06-21,Electronics,305.92,3,25,688.33,53,3.3,Central,Cash on Delivery,4.0
ORD102614,2023-03-18,Electronics,261.21,1,5,248.15,54,3.0,North,PayPal,6.0
ORD102810,2024-01-11,Home & Kitchen,42.45,1,5,40.33,67,4.3,Central,Debit Card,6.0
ORD100383,2023-06-26,Clothing,37.23,5,5,176.82,33,3.9,West,UPI,4.0
ORD100852,2024-12-05,Electronics,150.77,2,15,256.31,31,4.9,Central,Credit Card,8.0
ORD101880,2023-10-09,Home & Kitchen,71.68,4,5,272.38,31,3.9,East,Debit Card,3.0
ORD100370,2023-09-03,Sports,28.09,2,10,50.57,36,4.2,North,Cash on Delivery,7.0
ORD102422,2023-03-17,Clothing,37.2,4,20,119.04,30,4.3,South,Credit Card,5.0
ORD104367,2023-04-14,Electronics,138.77,3,5,395.51,19,2.8,North,PayPal,7.0
ORD101105,2023-05-13,Electronics,275.2,3,15,701.75,34,3.7,West,UPI,4.0
ORD104235,2023-01-29,Groceries,22.66,4,15,77.04,20,5.0,South,PayPal,7.0
ORD104023,2023-07-29,Electronics,231.75,2,0,463.5,41,3.0,East,Debit Card,6.0
ORD101336,2024-04-11,Sports,90.86,4,25,272.59,46,3.9,South,PayPal,6.0
ORD102189,2024-03-04,Sports,59.78,1,0,59.78,50,3.3,North,Credit Card,4.0
ORD104639,2024-11-02,Electronics,299.51,1,0,299.51,58,4.1,North,PayPal,5.0
ORD101600,2023-08-09,Clothing,42.5,1,5,40.37,39,3.3,East,UPI,4.0
ORD103610,2024-02-14,Electronics,305.29,1,20,244.23,19,3.7,West,Credit Card,8.0
ORD103006,2024-03-13,Electronics,219.52,1,25,164.64,42,3.1,Central,PayPal,7.0
ORD104897,2024-03-02,Clothing,29.42,3,0,88.25,58,,South,Credit Card,3.0
ORD101171,2024-04-06,Books,17.26,2,0,34.52,66,4.2,Central,Debit Card,2.0
ORD102644,2023-11-27,Clothing,17.23,3,5,49.09,28,3.5,Central,Debit Card,5.0
ORD104003,2023-11-23,Toys,24.84,2,20,39.75,44,3.8,North,Credit Card,4.0
ORD101422,2024-03-06,Clothing,68.46,4,0,273.85,43,5.0,Central,Credit Card,6.0
ORD102647,2024-07-29,Home & Kitchen,98.3,4,25,294.91,67,4.1,Central,UPI,2.0
ORD104487,2023-07-06,Electronics,192.89,2,0,385.78,63,4.7,West,Cash on Delivery,5.0
ORD104197,2023-04-01,Electronics,204.11,1,20,163.29,45,3.9,Central,UPI,6.0
ORD101464,2024-09-14,Clothing,47.15,5,0,235.76,23,4.0,Central,PayPal,3.0
ORD100874,2024-05-24,Home & Kitchen,85.6,2,30,119.84,33,4.4,South,Credit Card,6.0
ORD102297,2023-12-26,Home & Kitchen,101.86,1,5,96.76,38,2.1,North,Cash on Delivery,8.0
ORD103593,2024-02-20,Books,16.96,2,5,32.22,27,3.9,South,PayPal,6.0
ORD104384,2023-10-08,Groceries,13.69,3,25,30.81,55,3.8,East,Credit Card,7.0
ORD101251,2023-10-28,Home & Kitchen,83.48,3,15,212.87,59,3.5,Central,PayPal,7.0
ORD102706,2024-05-31,Electronics,286.57,2,20,458.51,27,5.0,West,Credit Card,3.0
ORD100840,2023-07-31,Clothing,28.96,4,0,115.83,66,4.4,South,Credit Card,2.0
ORD103132,2024-07-09,Home & Kitchen,59.72,1,10,53.75,20,4.0,North,UPI,2.0
ORD100581,2024-09-01,Electronics,134.31,3,25,302.2,69,3.9,West,Credit Card,4.0
ORD100204,2023-12-01,Sports,28.44,3,0,85.31,27,3.9,West,Debit Card,6.0
ORD101641,2023-02-06,Home & Kitchen,22.12,2,0,44.25,65,5.0,North,Debit Card,7.0
ORD102014,2024-04-18,Electronics,263.72,2,15,448.32,29,2.7,South,Debit Card,7.0
ORD100905,2024-06-02,Beauty,19.64,3,5,55.98,56,4.3,South,Debit Card,5.0
ORD100631,2023-08-28,Toys,33.87,3,0,101.62,49,4.3,South,Cash on Delivery,6.0
ORD104010,2023-09-16,Beauty,,4,0,174.4,40,3.4,East,Credit Card,4.0
ORD101974,2024-02-13,Home & Kitchen,79.92,3,0,239.76,19,5.0,Central,UPI,7.0
ORD100162,2023-10-27,Clothing,47.85,4,0,191.39,66,3.8,Central,Cash on Delivery,4.0
ORD103316,2024-04-07,Clothing,22.04,4,0,88.16,28,3.1,North,Debit Card,4.0
ORD104529,2024-02-15,Toys,37.28,2,15,63.37,64,,North,Cash on Delivery,4.0
ORD104540,2024-03-13,Sports,60.18,1,15,51.15,68,3.3,South,Cash on Delivery,3.0
ORD100617,2023-07-14,Sports,78.86,5,20,315.45,66,4.1,North,Cash on Delivery,8.0
ORD100875,2024-01-04,Home & Kitchen,96.82,1,0,96.82,64,2.6,East,Cash on Delivery,6.0
ORD101431,2023-05-16,Books,26.87,1,5,25.53,44,2.9,East,Credit Card,6.0
ORD100547,2024-03-08,Sports,38.49,4,20,123.17,46,2.6,South,Debit Card,4.0
ORD103402,2023-04-25,Electronics,290.13,4,0,1160.5,55,3.6,South,UPI,6.0
ORD104591,2023-01-29,Books,15.88,5,15,67.47,40,4.9,North,UPI,4.0
ORD104266,2023-09-14,Beauty,40.37,4,30,113.04,20,4.9,West,Credit Card,5.0
ORD103931,2023-02-24,Home & Kitchen,99.12,5,0,495.59,39,3.6,West,Credit Card,5.0
ORD102718,2024-02-28,Clothing,77.88,4,20,249.22,37,4.1,Central,PayPal,6.0
ORD104771,2024-07-11,Toys,35.16,5,30,123.06,54,3.3,South,Debit Card,3.0
ORD104122,2024-12-21,Electronics,238.84,2,5,453.8,31,2.9,East,Credit Card,3.0
ORD101861,2023-08-05,Books,17.61,3,5,50.19,22,5.0,Central,PayPal,5.0
ORD100640,2024-05-05,Clothing,18.74,3,0,56.23,30,3.7,East,Credit Card,5.0
ORD103048,2023-05-04,Sports,63.06,3,0,189.18,44,3.3,North,UPI,6.0
ORD100637,2023-08-06,Electronics,248.05,2,15,421.69,30,5.0,West,UPI,7.0
ORD104903,2024-06-10,Home & Kitchen,65.2,5,15,277.11,50,4.6,South,Cash on Delivery,4.0
ORD104799,2024-02-10,Sports,65.96,3,10,178.1,37,5.0,West,Credit Card,6.0
ORD103047,2024-07-09,Sports,42.06,5,0,210.31,45,,South,UPI,2.0
ORD102096,2024-11-17,Home & Kitchen,91.58,1,0,91.58,24,2.7,North,Debit Card,5.0
ORD102526,2023-12-09,Home & Kitchen,72.94,4,20,233.41,32,5.0,East,Credit Card,7.0
ORD103138,2023-12-09,Electronics,229.59,5,5,1090.55,24,4.3,South,Debit Card,5.0
ORD103747,2024-12-21,Groceries,30.91,1,10,27.82,19,2.0,South,Debit Card,5.0
ORD102899,2023-05-28,Electronics,276.73,2,20,442.77,25,3.7,West,Debit Card,5.0
ORD100921,2024-02-23,Clothing,38.29,1,20,30.63,25,3.9,North,Debit Card,4.0
ORD100546,2023-11-10,Home & Kitchen,50.85,3,15,129.66,22,,East,Debit Card,7.0
ORD103739,2024-08-31,Books,26.18,3,0,78.53,60,4.0,West,PayPal,6.0
ORD101900,2024-01-26,Beauty,60.65,5,0,303.23,44,3.1,East,Cash on Delivery,6.0
ORD102028,2024-01-20,Clothing,34.6,5,0,172.98,57,4.0,East,Debit Card,6.0
ORD102301,2023-04-16,Electronics,304.24,5,0,1521.19,24,4.2,Central,PayPal,6.0
ORD101885,2023-05-12,Toys,30.52,2,5,57.98,46,4.3,East,PayPal,4.0
ORD101642,2023-11-23,Electronics,340.82,1,25,255.62,52,2.4,East,Credit Card,5.0
ORD104398,2023-02-21,Books,18.45,4,30,51.66,50,5.0,Central,Credit Card,5.0
ORD104858,2023-07-11,Clothing,30.03,5,30,105.09,30,5.0,East,UPI,5.0
ORD102097,2024-09-21,Electronics,198.69,2,15,337.78,30,3.9,North,Cash on Delivery,4.0
ORD104401,2023-03-28,Home & Kitchen,61.73,4,15,209.87,35,5.0,South,PayPal,2.0
ORD103633,2024-07-09,Clothing,14.49,3,0,43.46,32,4.2,West,Debit Card,5.0
ORD104539,2024-09-27,Groceries,11.4,3,0,34.19,32,2.5,Central,Credit Card,5.0
ORD103351,2024-11-17,Toys,20.26,3,15,51.66,44,2.6,Central,Credit Card,3.0
ORD100836,2024-08-13,Home & Kitchen,75.05,3,10,202.62,63,3.5,West,PayPal,4.0
ORD100601,2024-07-23,Electronics,191.17,5,10,860.27,65,3.6,East,UPI,5.0
ORD102184,2024-04-08,Groceries,9.43,4,10,33.95,68,3.5,South,Cash on Delivery,2.0
ORD103941,2023-08-17,Toys,10.54,2,10,18.98,42,3.8,Central,Debit Card,8.0
ORD102528,2023-03-05,Books,21.4,5,25,80.25,47,4.8,North,Credit Card,6.0
ORD104351,2024-02-18,Clothing,46.55,3,5,132.66,57,4.4,South,Credit Card,3.0
ORD101582,2024-01-12,Sports,87.3,1,0,87.3,36,3.3,West,PayPal,6.0
ORD104310,2024-01-15,Electronics,158.63,5,15,674.19,28,5.0,Central,UPI,4.0
ORD103535,2023-02-24,Toys,38.21,5,0,191.03,36,4.5,West,Credit Card,5.0
ORD103226,2024-02-28,Sports,32.8,5,15,139.38,24,5.0,West,Debit Card,3.0
ORD101070,2024-05-08,Beauty,39.06,2,15,66.41,24,3.4,South,Cash on Delivery,7.0
ORD101775,2023-04-06,Electronics,144.39,5,0,721.94,25,3.9,North,Debit Card,6.0
ORD104857,2024-04-06,Electronics,249.45,2,30,349.23,18,4.5,North,PayPal,3.0
ORD101283,2024-08-08,Clothing,47.35,5,15,201.25,26,4.8,South,UPI,4.0
ORD103112,2023-02-13,Clothing,46.8,3,0,140.39,19,4.8,Central,Credit Card,6.0
ORD104802,2023-06-11,Toys,24.62,5,0,123.12,33,4.2,West,PayPal,
ORD101836,2024-11-19,Electronics,234.24,3,10,632.44,34,4.3,North,Cash on Delivery,3.0
ORD104286,2024-06-06,Home & Kitchen,79.57,3,0,238.71,59,3.4,East,Debit Card,8.0
ORD101019,2023-03-26,Beauty,50.62,1,10,45.56,35,,South,Cash on Delivery,
ORD103271,2023-10-29,Toys,19.74,1,15,16.78,40,4.1,South,Debit Card,3.0
ORD101326,2024-05-11,Clothing,72.27,1,0,72.27,28,3.1,West,Credit Card,
ORD100475,2024-07-27,Beauty,29.42,5,0,147.1,64,3.7,West,Credit Card,6.0
ORD103516,2023-05-04,Electronics,154.76,2,20,247.61,63,4.8,South,PayPal,2.0
ORD101651,2023-01-14,Books,15.89,5,0,79.44,59,4.9,North,Credit Card,7.0
ORD104077,2024-03-15,Beauty,27.55,4,0,110.19,30,4.0,North,UPI,2.0
ORD104329,2024-10-04,Beauty,22.1,2,20,35.35,39,4.5,North,UPI,11.0
ORD104483,2023-02-14,Beauty,31.26,2,0,62.51,55,5.0,East,Debit Card,3.0
ORD102523,2023-10-21,Sports,61.55,4,30,172.34,35,4.2,North,Debit Card,5.0
ORD102634,2023-03-02,Toys,23.58,3,10,63.66,27,4.4,South,Credit Card,8.0
ORD101373,2023-11-04,Electronics,217.38,3,15,554.33,47,5.0,West,Debit Card,3.0
ORD100739,2024-10-18,Clothing,40.03,1,25,30.02,60,4.6,West,PayPal,3.0
ORD103691,2024-04-03,Electronics,209.44,4,0,837.75,28,3.6,West,Cash on Delivery,4.0
ORD104784,2024-09-09,Groceries,10.93,5,0,54.63,60,4.9,Central,Credit Card,6.0
ORD100867,2024-09-04,Sports,68.78,1,15,58.46,44,4.6,West,PayPal,5.0
ORD101140,2024-10-06,Clothing,50.2,1,0,50.2,40,3.1,West,Credit Card,5.0
ORD100997,2023-09-21,Beauty,46.36,4,0,185.42,64,3.7,South,PayPal,2.0
ORD101337,2023-08-05,Electronics,252.63,2,0,505.26,65,5.0,East,Debit Card,5.0
ORD100541,2023-02-10,Groceries,15.91,2,10,28.63,33,3.9,South,Debit Card,4.0
ORD101099,2023-11-14,Home & Kitchen,98.35,5,10,442.57,44,3.4,Central,Credit Card,8.0
ORD101132,2024-08-03,Books,22.59,1,5,21.46,30,4.7,South,Cash on Delivery,2.0
ORD104901,2024-04-25,Clothing,37.88,5,10,170.45,34,2.7,East,PayPal,6.0
ORD104898,2024-07-07,Groceries,15.62,1,0,15.62,25,5.0,South,PayPal,5.0
ORD102258,2023-01-01,Electronics,208.39,2,0,416.79,45,2.6,East,Credit Card,1.0
ORD104065,2023-09-10,Sports,42.01,3,15,107.13,24,4.7,North,Credit Card,6.0
ORD100059,2024-05-14,Electronics,232.06,1,10,208.86,56,4.4,Central,Cash on Delivery,5.0
ORD102942,2024-07-11,Beauty,59.49,5,10,267.72,27,3.7,North,UPI,6.0
ORD101938,2024-12-02,Clothing,55.6,2,0,111.21,19,5.0,South,Cash on Delivery,7.0
ORD102627,2023-01-04,Electronics,134.13,2,15,228.02,39,4.2,Central,Debit Card,5.0
ORD104986,2024-12-07,Clothing,79.52,4,15,270.38,42,3.7,South,Debit Card,8.0
ORD101078,2023-11-02,Beauty,20.8,5,0,104.0,61,4.6,East,Debit Card,4.0
ORD102977,2024-10-17,Home & Kitchen,107.91,4,30,302.15,44,4.3,East,Debit Card,6.0
ORD104880,2023-10-05,Clothing,41.57,1,5,39.49,69,4.7,North,Cash on Delivery,4.0
ORD102535,2024-12-16,Electronics,,5,15,1192.17,60,2.4,East,UPI,9.0
ORD100940,2024-05-20,Clothing,47.45,4,10,170.81,43,3.8,South,PayPal,7.0
ORD101080,2024-11-03,Beauty,30.27,4,0,121.09,32,4.3,Central,Debit Card,5.0
ORD100187,2023-10-06,Sports,48.35,4,15,164.39,45,4.9,North,Credit Card,6.0
ORD102686,2023-06-28,Electronics,328.67,5,0,1643.37,58,5.0,North,PayPal,4.0
ORD102085,2024-04-24,Beauty,24.62,4,10,88.64,36,5.0,North,Credit Card,6.0
ORD102249,2023-11-06,Electronics,140.21,5,10,630.94,34,5.0,South,Debit Card,7.0
ORD104940,2024-06-15,Toys,27.3,3,10,73.71,29,4.5,East,Credit Card,4.0
ORD102023,2024-03-14,Toys,23.99,1,5,22.79,42,3.5,West,Credit Card,3.0
ORD103782,2023-03-18,Clothing,63.24,2,0,126.48,61,2.8,Central,Credit Card,5.0
ORD101492,2023-01-22,Electronics,226.95,5,0,1134.77,69,4.9,North,Credit Card,6.0
ORD103679,2024-06-20,Home & Kitchen,95.09,4,0,380.37,28,3.9,South,UPI,9.0
ORD100226,2024-08-14,Beauty,30.15,2,15,51.26,31,4.1,West,PayPal,5.0
ORD103370,2024-12-22,Sports,74.49,3,0,223.46,54,3.8,West,UPI,7.0
ORD101929,2024-11-27,Electronics,247.97,5,5,1177.87,51,3.6,East,Credit Card,7.0
ORD103641,2024-11-09,Electronics,253.96,3,5,723.8,18,3.6,North,Debit Card,5.0
ORD104534,2023-01-22,Electronics,185.49,3,15,472.99,21,4.6,South,PayPal,5.0
ORD101404,2023-05-10,Clothing,45.88,5,0,229.41,23,4.7,South,Debit Card,8.0
ORD102179,2023-11-30,Toys,11.49,1,25,8.61,29,5.0,East,UPI,5.0
ORD100697,2024-03-07,Electronics,262.97,3,5,749.48,36,4.0,East,UPI,4.0
ORD101124,2024-09-06,Sports,58.14,3,25,130.81,65,,West,Credit Card,2.0
ORD102890,2023-04-19,Books,12.95,4,0,51.79,45,4.4,South,UPI,4.0
ORD102978,2023-07-26,Books,16.35,3,15,41.7,41,4.2,North,Debit Card,7.0
ORD101778,2023-08-13,Clothing,16.86,2,0,33.72,64,5.0,West,Debit Card,10.0
ORD102917,2024-11-22,Groceries,19.27,2,0,38.54,35,4.1,West,Cash on Delivery,4.0
ORD101037,2023-01-11,Books,23.28,5,0,116.4,53,4.5,West,UPI,7.0
ORD104217,2023-09-07,Toys,41.06,1,10,36.96,59,4.0,East,Credit Card,3.0
ORD102256,2024-08-05,Home & Kitchen,24.93,4,0,99.71,19,3.1,Central,UPI,5.0
ORD100313,2023-07-25,Electronics,233.43,3,0,700.3,23,5.0,West,Cash on Delivery,6.0
ORD102281,2023-09-16,Groceries,23.37,5,15,99.33,57,5.0,Central,Debit Card,6.0
ORD101416,2024-04-09,Home & Kitchen,79.36,3,0,238.07,60,4.0,Central,Credit Card,6.0
ORD101036,2024-10-21,Clothing,39.74,5,5,188.78,41,3.8,East,Debit Card,7.0
ORD102159,2023-09-02,Electronics,191.2,2,15,325.04,46,3.8,Central,UPI,2.0
ORD104205,2024-08-12,Home & Kitchen,79.72,2,0,159.44,54,3.8,West,Debit Card,5.0
ORD101754,2024-04-03,Toys,19.11,5,20,76.44,55,3.7,West,UPI,5.0
ORD103176,2024-03-25,Electronics,253.94,3,0,761.82,31,5.0,East,Credit Card,7.0
ORD104303,2023-01-25,Clothing,38.21,2,10,68.77,50,2.7,East,Debit Card,6.0
ORD102751,2023-03-01,Electronics,183.84,3,15,468.79,53,4.1,North,UPI,5.0
ORD103273,2023-10-22,Home & Kitchen,70.86,1,25,53.14,55,4.2,Central,Debit Card,9.0
ORD103413,2023-03-10,Clothing,27.3,1,15,23.21,20,5.0,East,Credit Card,
ORD103499,2023-11-25,Beauty,60.98,5,5,289.63,30,4.6,South,Credit Card,4.0
ORD101506,2024-10-30,Home & Kitchen,91.76,3,0,275.28,55,4.0,West,Credit Card,5.0
ORD101923,2023-11-14,Clothing,42.4,3,10,114.48,18,3.1,South,PayPal,6.0
ORD100448,2024-01-16,Groceries,17.52,3,15,44.66,38,,South,PayPal,8.0
ORD102488,2024-01-19,Toys,9.59,2,10,17.27,38,4.9,West,Credit Card,1.0
ORD102576,2023-07-18,Home & Kitchen,87.93,4,5,334.13,42,5.0,East,Credit Card,5.0
ORD101084,2023-05-27,Toys,35.55,1,0,35.55,44,4.3,East,Credit Card,2.0
ORD104990,2024-04-19,Groceries,23.89,2,0,47.79,56,4.4,East,Cash on Delivery,4.0
ORD100361,2024-10-13,Home & Kitchen,74.26,2,20,118.82,35,4.0,South,PayPal,10.0
ORD102183,2024-04-16,Sports,82.5,1,5,78.37,30,3.4,South,Credit Card,5.0
ORD101134,2024-03-24,Books,30.66,2,30,42.93,49,5.0,East,Debit Card,5.0
ORD103956,2024-01-16,Home & Kitchen,105.11,3,20,252.27,60,3.8,East,Credit Card,4.0
ORD102155,2023-12-25,Toys,34.41,1,10,30.97,58,5.0,East,Credit Card,5.0
ORD101830,2023-09-17,Electronics,302.14,3,10,815.78,38,4.5,North,Credit Card,4.0
ORD101053,2024-12-01,Home & Kitchen,88.21,4,25,264.64,45,4.0,South,Credit Card,7.0
ORD102460,2023-09-06,Electronics,271.17,2,5,515.22,24,,Central,Credit Card,4.0
ORD100022,2023-05-14,Clothing,28.89,1,0,28.89,28,5.0,North,PayPal,4.0
ORD102066,2024-06-14,Beauty,41.61,2,15,70.74,49,4.3,West,Credit Card,5.0
ORD101653,2024-03-11,Home & Kitchen,90.07,3,5,256.69,64,4.2,East,UPI,5.0
ORD102638,2023-04-21,Clothing,61.09,4,20,195.5,55,5.0,South,Debit Card,3.0
ORD103276,2023-02-22,Sports,70.39,5,0,351.94,46,3.2,West,UPI,7.0
ORD103881,2023-06-13,Toys,27.52,3,0,82.57,22,4.3,South,Credit Card,5.0
ORD104110,2023-01-03,Sports,70.24,3,25,158.05,23,5.0,North,UPI,9.0
ORD102468,2023-01-20,Electronics,193.17,1,15,164.19,32,5.0,East,Debit Card,5.0
ORD102325,2024-08-24,Home & Kitchen,80.32,2,0,160.64,34,4.8,East,Credit Card,5.0
ORD100460,2024-06-12,Beauty,,4,20,68.53,23,,Central,Credit Card,6.0
ORD101067,2024-04-13,Home & Kitchen,120.79,2,5,229.5,26,,South,Debit Card,4.0
ORD100087,2023-08-17,Electronics,120.38,1,0,120.38,20,3.4,East,UPI,3.0
ORD101430,2023-12-10,Books,4.52,1,0,4.52,38,2.9,West,Credit Card,3.0
ORD102699,2023-03-28,Books,12.87,5,0,911.769215804297,66,3.6,East,Debit Card,5.0
ORD100282,2024-05-05,Sports,37.26,4,0,149.05,22,5.0,North,PayPal,3.0
ORD102483,2023-08-23,Electronics,300.91,4,10,1083.29,49,,South,Debit Card,5.0
ORD100462,2024-07-01,Electronics,155.62,3,10,420.18,67,,East,UPI,7.0
ORD100212,2024-07-30,Clothing,51.63,3,0,154.89,38,3.7,West,Credit Card,2.0
ORD103870,2023-02-03,Toys,27.08,4,0,108.32,63,2.2,East,Credit Card,7.0
ORD101368,2024-12-05,Sports,59.45,5,25,222.93,48,3.3,North,UPI,5.0
ORD100234,2023-12-27,Clothing,52.42,4,10,188.71,58,5.0,West,Credit Card,5.0
ORD102825,2024-09-07,Electronics,332.06,2,5,630.91,58,4.2,North,Debit Card,7.0
ORD100597,2024-07-23,Clothing,42.45,5,0,212.23,30,5.0,West,Debit Card,4.0
ORD104464,2023-11-22,Electronics,361.53,2,20,578.45,30,4.2,West,UPI,6.0
ORD102250,2024-01-06,Electronics,227.42,4,30,636.77,37,5.0,South,Cash on Delivery,9.0
ORD104108,2024-01-10,Electronics,131.43,5,5,624.28,19,3.5,West,PayPal,1.0
ORD102283,2024-07-29,Books,15.03,5,10,67.62,68,5.0,West,Credit Card,6.0
ORD100662,2023-01-26,Electronics,196.49,2,20,314.38,64,3.9,South,Credit Card,4.0
ORD100794,2023-11-12,Home & Kitchen,56.91,5,5,270.33,31,4.6,Central,Debit Card,3.0
ORD102285,2024-08-31,Toys,27.58,3,10,74.48,43,4.1,West,Debit Card,6.0
ORD104764,2023-11-16,Books,28.23,1,10,25.41,59,3.1,South,Credit Card,1.0
ORD103258,2024-02-17,Clothing,,2,10,85.02,48,4.2,West,PayPal,4.0
ORD102550,2024-04-23,Clothing,46.85,1,15,39.82,69,5.0,West,Debit Card,4.0
ORD103699,2024-07-09,Groceries,23.16,4,5,88.01,23,4.7,North,Debit Card,3.0
ORD100779,2024-09-13,Electronics,136.44,5,15,579.86,31,5.0,North,PayPal,6.0
ORD104769,2023-02-04,Clothing,37.68,5,0,188.38,57,4.7,North,Credit Card,2.0
ORD103494,2024-11-09,Books,18.98,3,5,54.08,36,3.6,West,Cash on Delivery,10.0
ORD103353,2024-06-16,Clothing,73.97,1,20,59.18,41,4.7,West,Debit Card,8.0
ORD103262,2024-06-25,Beauty,41.4,3,10,111.79,58,3.7,South,PayPal,4.0
ORD104884,2023-01-05,Electronics,118.12,4,5,448.84,19,3.9,West,Credit Card,7.0
ORD100685,2024-08-08,Electronics,279.19,3,15,711.94,28,3.5,East,PayPal,7.0
ORD103414,2024-03-12,Clothing,27.21,2,0,54.41,46,5.0,Central,PayPal,2.0
ORD102802,2024-12-24,Sports,49.75,3,15,126.86,44,4.6,Central,UPI,4.0
ORD104472,2023-12-23,Clothing,68.04,3,10,183.7,28,5.0,South,Debit Card,1.0
ORD102171,2024-06-28,Clothing,29.98,1,25,22.49,65,3.3,East,UPI,7.0
ORD103750,2024-03-01,Beauty,40.0,4,5,151.98,30,4.8,East,Debit Card,2.0
ORD101850,2023-03-01,Electronics,291.04,1,0,291.04,52,5.0,West,PayPal,5.0
ORD100487,2024-01-23,Books,17.08,1,10,15.37,30,4.2,South,Credit Card,5.0
ORD101688,2024-11-17,Electronics,149.73,3,10,404.27,37,3.6,North,Credit Card,3.0
ORD102230,2024-04-07,Clothing,60.52,4,20,193.66,40,3.2,Central,UPI,5.0
ORD104939,2023-09-05,Toys,19.44,3,5,55.4,58,4.2,West,Credit Card,6.0
ORD102320,2023-03-14,Sports,59.93,2,25,89.9,46,4.1,Central,PayPal,6.0
ORD100782,2023-03-31,Clothing,36.58,5,0,182.9,61,4.4,North,Credit Card,11.0
ORD100521,2023-04-17,Beauty,18.93,5,5,89.91,60,3.7,North,UPI,9.0
ORD100522,2023-05-21,Home & Kitchen,115.18,1,10,103.66,34,4.0,South,Debit Card,7.0
ORD102895,2024-01-28,Home & Kitchen,45.61,5,0,228.06,68,4.2,East,Credit Card,3.0
ORD104030,2024-01-31,Clothing,50.05,1,15,42.54,24,5.0,East,Debit Card,4.0
ORD102398,2023-07-04,Toys,25.87,4,10,93.12,49,3.7,Central,UPI,3.0
ORD102207,2024-09-05,Home & Kitchen,92.97,5,0,464.84,54,3.7,East,PayPal,2.0
ORD103905,2024-07-11,Sports,53.2,5,0,265.98,60,5.0,East,Credit Card,3.0
ORD103622,2023-08-30,Sports,49.31,4,0,197.23,40,2.8,East,Credit Card,6.0
ORD103810,2023-06-17,Electronics,284.32,2,0,568.65,45,5.0,North,Credit Card,4.0
ORD102879,2024-12-15,Beauty,25.61,5,10,115.26,28,3.7,South,PayPal,2.0
ORD101511,2023-06-16,Electronics,267.86,1,10,241.08,34,4.7,East,Debit Card,2.0
ORD101882,2023-05-10,Clothing,70.83,1,5,67.29,52,3.1,Central,Cash on Delivery,5.0
ORD100651,2024-04-22,Books,16.85,3,0,50.55,33,5.0,East,PayPal,2.0
ORD102843,2023-12-20,Books,17.28,3,0,51.83,40,2.0,West,Cash on Delivery,7.0
ORD103813,2023-11-20,Electronics,290.92,5,0,1454.61,42,4.0,Central,UPI,2.0
ORD100369,2024-07-18,Electronics,184.71,2,10,332.49,38,4.2,Central,Debit Card,5.0
ORD104385,2024-06-11,Groceries,11.87,1,5,11.28,63,3.5,East,Credit Card,8.0
ORD100118,2023-06-29,Beauty,44.22,1,10,39.8,40,4.4,South,PayPal,6.0
ORD103885,2023-10-30,Toys,23.86,1,10,21.48,31,5.0,West,Cash on Delivery,5.0
ORD103096,2023-05-08,Toys,29.31,5,0,146.55,63,,East,Credit Card,8.0
ORD102216,2023-11-26,Clothing,20.71,3,15,52.81,19,4.1,South,Credit Card,5.0
ORD103612,2024-03-21,Clothing,38.5,1,0,38.5,19,3.8,South,PayPal,
ORD101613,2024-05-21,Home & Kitchen,71.75,2,10,129.15,55,2.7,East,Credit Card,2.0
ORD104073,2024-11-19,Books,24.15,4,15,82.1,63,5.0,West,Credit Card,5.0
ORD100962,2024-09-06,Electronics,222.5,3,20,533.99,33,3.1,East,Cash on Delivery,
ORD102510,2023-05-26,Clothing,93.27,1,15,79.28,25,2.3,North,Cash on Delivery,4.0
ORD103617,2023-10-27,Electronics,181.53,4,20,580.91,64,3.5,West,Credit Card,4.0
ORD102880,2023-01-30,Electronics,296.18,2,0,592.36,62,3.1,East,Cash on Delivery,8.0
ORD103513,2023-04-14,Sports,88.14,1,10,79.32,63,4.4,South,Cash on Delivery,4.0
ORD103094,2024-10-27,Books,19.9,2,0,39.8,69,2.6,East,Cash on Delivery,5.0
ORD102415,2023-12-22,Beauty,24.74,4,5,94.0,62,4.4,East,UPI,4.0
ORD104701,2023-02-11,Clothing,50.74,2,0,101.49,62,,North,Cash on Delivery,6.0
ORD104280,2023-12-17,Clothing,27.66,5,20,110.62,66,4.9,East,PayPal,8.0
ORD102185,2023-07-31,Clothing,13.17,2,10,23.71,59,5.0,East,Credit Card,5.0
ORD104362,2023-12-30,Electronics,262.86,3,30,552.01,30,2.5,West,Cash on Delivery,5.0
ORD102567,2024-04-07,Clothing,34.94,4,5,1881.1969261443846,61,5.0,West,Cash on Delivery,6.0
ORD102037,2023-01-30,Toys,24.25,5,10,109.12,42,3.3,East,Cash on Delivery,3.0
ORD104305,2024-07-17,Beauty,,5,20,143.99,31,1.8,West,Credit Card,5.0
ORD100772,2023-01-04,Sports,72.9,4,30,204.12,34,3.9,West,PayPal,5.0
ORD101284,2023-10-07,Home & Kitchen,72.04,1,5,68.44,49,4.2,North,Cash on Delivery,6.0
ORD104649,2023-07-12,Books,13.01,3,5,37.09,61,5.0,South,Credit Card,4.0
ORD104785,2023-09-20,Toys,27.85,1,10,25.06,53,4.0,North,Credit Card,4.0
ORD104621,2024-12-28,Electronics,209.49,2,15,356.14,56,4.1,Central,UPI,4.0
ORD101414,2024-03-03,Clothing,26.32,3,15,67.12,26,4.8,East,Credit Card,8.0
ORD101234,2024-04-10,Electronics,409.54,2,0,819.09,18,2.9,North,PayPal,5.0
ORD103477,2024-01-24,Clothing,46.14,2,0,92.27,53,2.8,East,Credit Card,6.0
ORD100435,2023-04-01,Home & Kitchen,60.72,1,5,57.68,58,3.0,East,Credit Card,7.0
ORD101674,2024-06-08,Beauty,21.56,2,0,43.12,38,3.3,West,PayPal,5.0
ORD100365,2024-01-15,Electronics,224.88,4,0,899.52,59,4.2,South,Debit Card,7.0
ORD104905,2024-04-13,Electronics,257.5,5,5,1223.15,67,4.6,West,Cash on Delivery,6.0
ORD100231,2024-09-18,Clothing,49.71,2,10,89.47,20,4.9,West,Debit Card,2.0
ORD104311,2024-09-18,Clothing,40.26,2,5,76.5,44,4.4,North,PayPal,1.0
ORD100147,2023-06-21,Beauty,47.85,2,20,76.57,33,4.6,Central,Credit Card,4.0
ORD104443,2023-11-27,Books,16.88,5,10,75.94,63,5.0,North,PayPal,
ORD100407,2023-04-16,Electronics,298.07,5,30,1043.23,65,3.8,North,Debit Card,3.0
ORD102090,2024-10-10,Clothing,16.54,3,20,39.7,50,4.5,Central,PayPal,2.0
ORD100086,2023-03-13,Clothing,69.37,1,0,69.37,52,4.5,South,Credit Card,7.0
ORD100844,2023-01-05,Home & Kitchen,74.45,1,15,63.28,27,5.0,North,Credit Card,3.0
ORD101031,2023-05-07,Electronics,109.71,1,20,87.77,36,4.8,East,UPI,5.0
ORD102683,2024-08-15,Sports,83.62,5,20,334.48,26,4.3,East,Credit Card,6.0
ORD104608,2024-09-29,Clothing,49.12,5,0,245.59,33,4.0,South,UPI,8.0
ORD102778,2023-10-12,Electronics,205.97,5,0,1029.84,23,3.9,West,Debit Card,5.0
ORD103295,2024-08-04,Sports,54.69,4,15,185.94,64,4.0,East,PayPal,6.0
ORD102906,2024-04-01,Clothing,45.12,2,20,72.19,67,3.0,North,PayPal,5.0
ORD100855,2024-09-12,Clothing,34.18,1,15,29.05,38,3.0,South,Credit Card,8.0
ORD100078,2024-02-17,Electronics,283.42,3,10,765.24,69,4.1,South,UPI,6.0
ORD102247,2023-05-09,Books,26.01,1,10,23.41,19,5.0,West,Credit Card,3.0
ORD104615,2023-11-12,Toys,34.72,4,5,131.94,60,4.5,Central,Debit Card,2.0
ORD103729,2024-04-12,Home & Kitchen,64.83,5,0,324.14,27,4.0,North,UPI,4.0
ORD104087,2024-11-10,Groceries,14.4,5,5,68.39,45,4.3,East,Cash on Delivery,4.0
ORD102968,2024-06-10,Home & Kitchen,68.39,2,5,129.93,67,5.0,Central,Credit Card,5.0
ORD102279,2024-05-06,Sports,51.45,3,0,154.34,46,4.0,Central,Debit Card,6.0
ORD102649,2023-08-30,Clothing,43.63,3,5,124.33,22,4.6,East,PayPal,4.0
ORD104201,2024-06-30,Sports,41.41,1,0,41.41,59,3.0,West,UPI,6.0
ORD103946,2023-01-18,Sports,,4,0,262.25,51,2.7,East,Credit Card,7.0
ORD103496,2023-03-17,Books,14.49,5,0,72.47,47,3.9,Central,UPI,6.0
ORD102176,2023-03-18,Electronics,248.75,3,25,559.69,45,5.0,North,UPI,3.0
ORD100424,2023-11-01,Electronics,299.16,4,0,1196.65,50,3.9,East,Credit Card,5.0
ORD100392,2023-09-26,Books,10.68,1,0,10.68,44,3.5,East,Debit Card,8.0
ORD104774,2023-07-17,Sports,26.32,3,10,71.07,54,3.6,East,Credit Card,4.0
ORD103483,2023-06-18,Clothing,28.71,1,0,28.71,19,3.3,North,PayPal,9.0
ORD100104,2024-08-05,Electronics,139.42,1,15,118.51,22,3.6,West,Credit Card,6.0
ORD103032,2024-02-16,Home & Kitchen,66.37,1,30,46.46,29,4.5,South,Credit Card,4.0
ORD102622,2023-03-17,Home & Kitchen,102.02,4,30,285.67,24,4.5,East,UPI,6.0
ORD103200,2024-11-04,Beauty,10.22,1,15,8.69,43,4.2,Central,PayPal,7.0
ORD103895,2024-11-10,Beauty,38.67,3,0,116.02,41,4.7,South,PayPal,4.0
ORD101948,2023-01-02,Books,9.11,3,0,27.33,45,3.9,South,Credit Card,6.0
ORD101459,2024-01-13,Clothing,18.55,3,30,38.95,22,4.2,East,Credit Card,3.0
ORD103323,2024-04-12,Electronics,324.18,5,10,1458.81,36,3.6,West,Debit Card,1.0
ORD102860,2023-05-22,Sports,15.81,4,15,53.75,40,3.7,West,Credit Card,7.0
ORD102759,2023-11-10,Electronics,151.8,5,25,569.23,48,4.7,North,Debit Card,2.0
ORD104838,2024-09-13,Electronics,207.55,5,0,1037.73,58,2.5,West,Debit Card,4.0
ORD101587,2023-02-27,Books,9.01,4,10,32.45,50,4.8,North,Credit Card,8.0
ORD103732,2023-10-21,Beauty,37.66,5,10,169.48,20,5.0,North,Debit Card,7.0
ORD101731,2024-10-22,Electronics,324.73,4,10,1169.02,67,4.5,Central,Credit Card,4.0
ORD104813,2024-02-11,Books,18.27,2,0,36.54,67,5.0,West,Debit Card,8.0
ORD103786,2023-05-10,Home & Kitchen,75.84,3,10,204.76,55,4.2,North,Debit Card,4.0
ORD103754,2023-01-28,Toys,38.45,2,20,61.53,44,4.9,South,Debit Card,7.0
ORD101791,2024-10-06,Electronics,295.09,5,15,1254.14,36,4.5,East,PayPal,3.0
ORD102355,2023-09-26,Groceries,9.07,4,20,29.03,68,4.2,East,UPI,6.0
ORD101940,2023-05-01,Electronics,139.68,5,30,488.88,69,3.3,East,UPI,6.0
ORD100702,2023-05-03,Toys,39.26,1,0,39.26,62,2.5,South,UPI,2.0
ORD102442,2023-01-07,Books,28.95,1,15,24.6,62,4.2,Central,UPI,6.0
ORD104460,2023-03-16,Clothing,27.08,3,10,73.13,36,5.0,North,UPI,7.0
ORD100496,2023-03-28,Sports,40.39,2,0,80.79,65,5.0,North,Credit Card,5.0
ORD100464,2023-01-05,Clothing,50.46,4,0,201.84,66,4.9,West,Cash on Delivery,5.0
ORD103101,2023-04-06,Electronics,99.69,4,20,319.02,32,3.4,North,Debit Card,3.0
ORD104377,2023-07-12,Clothing,62.72,5,30,219.52,37,3.3,East,Cash on Delivery,3.0
ORD100172,2024-07-18,Clothing,60.16,5,15,255.67,57,3.6,Central,Credit Card,7.0
ORD104456,2024-03-08,Clothing,61.62,1,15,52.38,53,,West,Debit Card,2.0
ORD104845,2024-07-13,Books,9.82,3,20,23.57,48,,North,Credit Card,6.0
ORD102540,2023-07-31,Clothing,39.55,1,0,39.55,42,4.5,East,Credit Card,8.0
ORD104809,2024-08-12,Clothing,40.67,3,0,122.02,57,3.6,North,Credit Card,9.0
ORD103010,2023-09-27,Electronics,146.27,5,0,731.36,33,3.9,Central,UPI,4.0
ORD102260,2023-01-18,Home & Kitchen,98.84,1,0,98.84,69,2.6,East,Credit Card,2.0
ORD102112,2024-10-30,Sports,59.82,1,20,47.85,34,2.7,West,Debit Card,9.0
ORD100900,2023-01-04,Electronics,285.73,3,30,600.03,41,4.7,South,Debit Card,4.0
ORD101446,2024-11-16,Electronics,253.99,5,10,1142.94,44,1.9,East,PayPal,2.0
ORD104950,2023-08-30,Clothing,50.28,4,0,201.11,33,2.2,Central,Debit Card,3.0
ORD100741,2024-07-11,Books,14.02,1,0,14.02,56,3.4,West,Credit Card,2.0
ORD102293,2024-07-01,Groceries,23.24,3,20,55.78,44,4.7,Central,Credit Card,3.0
ORD102452,2023-03-11,Clothing,5.05,5,20,20.21,18,3.9,North,UPI,4.0
ORD102805,2024-12-09,Sports,38.79,5,15,164.86,50,4.9,West,Debit Card,2.0
ORD104128,2024-02-05,Electronics,371.11,1,20,296.89,55,4.1,Central,PayPal,1.0
ORD101206,2024-01-12,Clothing,30.54,1,15,25.96,33,4.3,Central,PayPal,7.0
ORD100509,2023-06-23,Beauty,,3,10,59.37,60,4.7,South,Credit Card,5.0
ORD104196,2024-02-09,Clothing,65.62,1,25,49.22,39,5.0,South,Credit Card,2.0
ORD102672,2024-09-14,Beauty,38.71,3,0,116.13,22,3.0,North,Cash on Delivery,8.0
ORD102859,2023-11-23,Beauty,48.25,3,5,137.51,41,4.2,North,Cash on Delivery,6.0
ORD103400,2024-08-18,Beauty,36.95,3,15,94.22,52,3.7,East,Debit Card,4.0
ORD101549,2023-01-04,Sports,103.0,5,0,514.98,29,5.0,Central,PayPal,7.0
ORD103333,2024-09-12,Sports,61.35,5,0,306.73,35,5.0,South,PayPal,4.0
ORD102202,2023-01-29,Clothing,46.59,2,30,65.23,22,5.0,West,Debit Card,5.0
ORD102566,2024-08-08,Sports,64.93,2,5,123.36,63,3.5,South,Debit Card,4.0
ORD102732,2024-11-11,Home & Kitchen,28.52,1,5,27.09,26,5.0,South,UPI,1.0
ORD102044,2023-07-23,Clothing,37.04,3,0,111.11,69,4.3,East,Credit Card,6.0
ORD100767,2023-12-17,Beauty,50.0,4,0,199.98,47,3.3,Central,UPI,3.0
ORD104922,2024-02-10,Clothing,47.29,5,0,236.46,29,4.2,North,PayPal,7.0
ORD103811,2023-11-22,Toys,19.68,5,5,93.5,41,4.9,South,Credit Card,7.0
ORD100421,2024-05-22,Electronics,344.36,2,5,654.29,39,4.7,West,PayPal,5.0
ORD100123,2023-12-11,Groceries,11.09,1,0,11.09,19,2.2,South,Cash on Delivery,4.0
ORD104204,2023-08-05,Home & Kitchen,115.99,3,15,295.76,29,4.7,East,PayPal,7.0
ORD102680,2023-03-27,Sports,94.02,3,0,282.07,26,3.9,South,PayPal,8.0
ORD100819,2024-12-31,Clothing,55.15,2,10,99.28,62,3.7,East,PayPal,6.0
ORD101403,2023-08-24,Books,26.84,5,10,120.79,50,4.5,East,Credit Card,5.0
ORD101382,2023-09-11,Sports,53.05,4,30,148.54,55,3.4,South,Credit Card,9.0
ORD102148,2024-09-11,Clothing,72.41,5,0,362.05,48,3.9,West,PayPal,6.0
ORD101575,2023-08-21,Home & Kitchen,75.01,4,0,300.03,20,2.9,East,UPI,7.0
ORD101638,2023-05-14,Sports,78.11,3,10,210.91,23,5.0,West,Debit Card,6.0
ORD101795,2023-05-28,Home & Kitchen,95.25,3,0,285.75,58,3.8,East,Credit Card,5.0
ORD104864,2024-10-04,Electronics,330.51,4,0,1322.03,22,2.3,Central,UPI,3.0
ORD100399,2023-08-15,Home & Kitchen,59.76,4,0,239.02,55,3.1,North,PayPal,4.0
ORD102310,2023-07-25,Home & Kitchen,106.18,4,5,403.49,28,3.1,Central,Debit Card,2.0
ORD100882,2023-11-25,Groceries,8.21,3,10,22.17,40,3.5,North,UPI,6.0
ORD100642,2024-09-16,Groceries,16.76,5,15,71.22,65,4.8,East,Credit Card,4.0
ORD104626,2023-01-03,Clothing,53.25,3,0,159.76,32,4.7,Central,Credit Card,5.0
ORD101352,2023-12-29,Clothing,53.16,1,20,42.53,27,4.4,Central,UPI,7.0
ORD104346,2023-02-06,Clothing,33.5,2,0,66.99,22,3.2,South,PayPal,7.0
ORD104595,2023-02-01,Clothing,19.92,1,0,19.92,52,4.4,South,Credit Card,5.0
ORD102130,2024-06-08,Clothing,53.36,3,0,160.07,53,,South,Debit Card,8.0
ORD100982,2024-02-04,Beauty,31.73,1,0,31.73,43,3.2,West,Credit Card,7.0
ORD100456,2023-04-19,Electronics,202.71,2,25,304.06,32,4.5,North,UPI,3.0
ORD103601,2024-03-22,Electronics,238.9,5,10,1075.06,41,4.1,Central,Debit Card,8.0
ORD101079,2024-09-03,Electronics,292.31,3,0,876.92,58,3.3,East,Credit Card,5.0
ORD101950,2024-10-31,Toys,12.93,1,0,12.93,67,4.7,East,Credit Card,5.0
ORD104358,2024-05-04,Electronics,373.16,3,0,1119.47,58,5.0,East,UPI,5.0
ORD100689,2024-07-26,Clothing,48.06,5,5,228.26,36,4.6,East,Debit Card,6.0
ORD102429,2023-07-17,Clothing,15.37,5,0,76.84,67,4.2,South,Credit Card,4.0
ORD100641,2024-10-31,Electronics,237.78,1,10,214.01,51,4.3,Central,Cash on Delivery,2.0
ORD102392,2024-03-27,Home & Kitchen,74.21,4,15,252.31,31,3.2,West,Credit Card,8.0
ORD101953,2023-12-06,Sports,36.18,2,5,68.74,55,3.7,Central,PayPal,2.0
ORD102803,2023-02-16,Clothing,80.43,5,15,341.81,36,4.9,Central,PayPal,7.0
ORD103298,2024-01-29,Sports,53.24,1,0,53.24,24,4.7,North,Credit Card,7.0
ORD103503,2023-05-28,Electronics,342.49,1,30,239.74,65,2.8,Central,PayPal,7.0
ORD102710,2023-02-18,Home & Kitchen,64.9,2,10,116.82,58,2.4,South,Debit Card,7.0
ORD103404,2023-10-14,Home & Kitchen,90.45,2,30,126.62,36,2.8,South,Cash on Delivery,2.0
ORD104815,2023-08-06,Electronics,230.93,5,0,1154.67,39,5.0,West,Credit Card,5.0
ORD102990,2023-11-30,Clothing,,5,0,287.58,64,4.3,South,Credit Card,3.0
ORD101884,2024-03-27,Toys,17.63,5,15,74.93,24,4.9,North,Credit Card,3.0
ORD100389,2023-04-23,Electronics,257.97,4,0,1031.88,25,4.1,East,Credit Card,2.0
ORD102494,2023-11-03,Books,7.63,4,5,29.0,66,3.0,West,Credit Card,1.0
ORD103181,2023-05-23,Clothing,39.88,4,5,151.56,56,4.2,South,Debit Card,4.0
ORD104727,2024-10-09,Clothing,49.99,4,10,179.98,24,1.5,Central,Credit Card,4.0
ORD100845,2023-01-04,Sports,47.94,3,10,129.43,18,5.0,East,Debit Card,5.0
ORD100542,2023-05-23,Beauty,35.16,5,15,149.45,52,3.7,South,Credit Card,3.0
ORD100091,2024-08-11,Toys,9.47,1,25,7.1,42,4.7,North,Debit Card,
ORD103966,2024-07-28,Clothing,38.84,2,25,58.26,53,4.6,South,Credit Card,5.0
ORD101979,2024-08-03,Groceries,9.12,4,20,29.18,47,5.0,Central,PayPal,8.0
ORD104807,2024-10-14,Beauty,39.96,3,0,119.87,56,5.0,West,PayPal,3.0
ORD104726,2023-03-13,Electronics,300.06,4,25,900.18,59,4.5,Central,Credit Card,7.0
ORD103252,2023-04-25,Beauty,56.35,4,0,225.38,22,5.0,Central,UPI,1.0
ORD102529,2024-02-26,Electronics,189.11,5,30,661.88,69,5.0,Central,Debit Card,8.0
ORD101676,2023-04-20,Books,0.88,1,20,0.71,53,5.0,East,Credit Card,3.0
ORD101048,2024-05-03,Electronics,204.99,4,5,778.97,19,4.4,South,PayPal,5.0
ORD101960,2024-09-05,Home & Kitchen,110.9,5,0,554.51,24,4.5,Central,Cash on Delivery,2.0
ORD102530,2024-10-31,Electronics,315.37,2,15,536.13,21,3.4,North,PayPal,6.0
ORD104688,2023-01-06,Electronics,128.57,1,0,128.57,57,5.0,Central,Debit Card,6.0
ORD100237,2023-11-12,Home & Kitchen,83.75,5,10,376.88,63,3.7,East,Cash on Delivery,6.0
ORD103026,2023-03-24,Clothing,37.44,5,0,187.18,26,4.1,Central,Credit Card,7.0
ORD103558,2023-05-03,Beauty,45.28,5,15,192.42,68,4.7,South,Credit Card,1.0
ORD101133,2024-07-11,Home & Kitchen,42.82,1,0,42.82,18,3.8,South,Credit Card,9.0
ORD101805,2023-02-03,Electronics,284.8,4,5,1082.25,66,3.3,West,Credit Card,8.0
ORD104477,2023-09-27,Electronics,222.53,4,0,890.11,61,3.5,East,PayPal,9.0
ORD100163,2023-10-25,Clothing,7.61,4,0,30.45,23,3.9,East,UPI,6.0
ORD103861,2024-04-15,Sports,61.13,4,15,207.85,43,3.6,Central,Credit Card,6.0
ORD104757,2023-04-08,Toys,22.3,4,20,71.35,61,4.4,West,Credit Card,
ORD103411,2024-12-22,Electronics,266.58,1,15,226.59,59,3.4,North,Cash on Delivery,5.0
ORD104714,2023-01-21,Beauty,28.53,5,25,107.01,54,5.0,Central,Debit Card,5.0
ORD103265,2024-04-14,Home & Kitchen,96.27,3,15,245.48,23,3.4,West,Debit Card,4.0
ORD103707,2024-07-06,Clothing,31.26,3,25,70.33,26,3.1,North,Credit Card,7.0
ORD104016,2023-07-17,Sports,26.27,5,0,131.34,67,,Central,Credit Card,7.0
ORD101811,2024-04-21,Beauty,28.18,2,0,56.35,49,,Central,PayPal,5.0
ORD103173,2023-09-09,Books,26.72,4,0,106.9,43,3.7,Central,UPI,6.0
ORD103213,2024-12-06,Sports,62.11,3,5,177.0,60,3.4,East,Cash on Delivery,9.0
ORD101428,2023-07-15,Electronics,136.11,4,20,435.55,68,3.9,North,Debit Card,
ORD103686,2023-03-19,Sports,46.73,2,25,70.09,26,4.0,Central,Credit Card,3.0
ORD102856,2024-02-20,Books,17.62,5,25,66.09,64,4.0,North,Debit Card,8.0
ORD103464,2023-09-21,Sports,55.67,3,5,158.67,45,3.0,North,Cash on Delivery,7.0
ORD104505,2023-10-04,Home & Kitchen,66.74,2,0,133.48,35,3.6,East,PayPal,8.0
ORD104696,2023-02-25,Electronics,275.79,1,10,248.21,25,3.2,South,PayPal,5.0
ORD102877,2024-11-15,Sports,51.33,5,25,192.5,22,,Central,Cash on Delivery,5.0
ORD101452,2023-02-07,Groceries,15.69,5,10,70.61,43,3.3,North,Credit Card,6.0
ORD100593,2024-12-17,Groceries,9.08,4,10,32.67,49,4.7,North,Cash on Delivery,3.0
ORD102725,2024-03-28,Home & Kitchen,115.07,4,15,391.25,62,3.4,East,UPI,5.0
ORD100041,2024-07-08,Home & Kitchen,84.13,3,30,176.67,67,4.1,South,PayPal,6.0
ORD100560,2024-01-28,Books,22.49,1,15,19.11,56,4.3,North,Credit Card,7.0
ORD102995,2024-04-06,Clothing,42.46,5,5,201.68,63,4.3,West,Credit Card,2.0
ORD103103,2023-11-17,Toys,5.09,4,0,20.35,24,3.1,North,Cash on Delivery,6.0
ORD100243,2024-04-20,Beauty,29.15,5,5,1961.2388165933323,58,3.9,East,Debit Card,5.0
ORD101339,2023-10-26,Clothing,26.16,4,0,104.66,57,,West,Debit Card,5.0
ORD102836,2024-12-06,Sports,81.42,5,0,407.11,60,3.5,East,PayPal,4.0
ORD103021,2023-04-06,Clothing,33.85,1,0,33.85,32,4.2,Central,Credit Card,3.0
ORD103872,2024-09-24,Groceries,12.04,2,20,19.26,30,2.7,North,Debit Card,5.0
ORD101442,2024-11-14,Electronics,356.28,1,5,338.47,59,3.2,West,UPI,2.0
ORD100261,2023-05-05,Toys,27.0,5,20,107.99,49,4.6,South,UPI,3.0
ORD102819,2024-06-01,Clothing,15.95,4,30,44.65,47,3.1,North,Debit Card,4.0
ORD101689,2023-03-10,Home & Kitchen,113.23,1,15,96.25,20,3.5,South,Credit Card,6.0
ORD101725,2024-07-26,Toys,33.5,4,0,134.01,40,3.8,Central,Credit Card,5.0
ORD101203,2024-07-10,Sports,62.02,2,30,86.83,52,4.6,South,PayPal,5.0
ORD100834,2024-09-16,Clothing,54.99,5,0,274.96,48,2.9,East,PayPal,8.0
ORD101866,2023-03-23,Home & Kitchen,67.3,2,30,94.22,35,4.0,South,UPI,4.0
ORD102496,2024-08-08,Electronics,118.63,4,0,474.52,22,3.7,West,PayPal,5.0
ORD102010,2023-12-30,Books,28.57,5,20,114.27,56,4.7,North,Cash on Delivery,5.0
ORD100340,2024-04-09,Beauty,28.27,4,0,113.08,25,5.0,East,Credit Card,6.0
ORD103049,2024-06-01,Home & Kitchen,45.85,2,5,87.11,24,4.1,West,Credit Card,8.0
ORD101601,2024-06-23,Sports,71.97,3,0,3058.875218714478,20,2.6,South,Debit Card,5.0
ORD103064,2024-05-31,Groceries,7.87,3,15,20.07,64,4.1,West,Credit Card,4.0
ORD104741,2023-12-04,Clothing,59.68,4,20,190.98,43,2.4,West,Credit Card,4.0
ORD100480,2023-07-30,Books,10.46,3,10,28.24,49,5.0,Central,Debit Card,8.0
ORD102882,2024-02-16,Beauty,27.8,1,0,27.8,23,3.3,West,PayPal,7.0
ORD103605,2023-04-09,Groceries,18.85,4,5,71.63,42,4.6,East,PayPal,9.0
ORD103977,2024-12-22,Home & Kitchen,46.45,5,15,197.4,38,3.6,Central,UPI,2.0
ORD104842,2023-03-13,Toys,20.83,2,0,41.65,54,3.4,South,UPI,7.0
ORD104685,2024-06-16,Home & Kitchen,71.33,3,0,213.98,62,1.0,West,Credit Card,5.0
ORD104832,2023-10-12,Clothing,9.27,1,0,9.27,69,4.4,West,PayPal,4.0
ORD104069,2023-03-15,Toys,14.53,5,20,58.12,34,5.0,South,Credit Card,6.0
ORD101766,2024-01-04,Home & Kitchen,72.41,1,15,61.55,29,4.8,West,Credit Card,5.0
ORD104518,2024-06-03,Electronics,241.2,3,0,723.59,44,3.5,Central,Credit Card,2.0
ORD102453,2023-12-10,Groceries,17.17,1,0,17.17,22,5.0,North,PayPal,3.0
ORD103339,2024-09-26,Electronics,322.71,3,20,774.5,40,3.8,Central,Cash on Delivery,5.0
ORD103889,2024-08-25,Electronics,255.31,1,5,242.54,66,4.0,East,PayPal,4.0
ORD104095,2024-02-04,Clothing,18.52,3,15,47.21,33,4.2,South,PayPal,7.0
ORD104724,2023-08-01,Sports,65.39,1,20,52.31,69,5.0,East,Debit Card,3.0
ORD103752,2024-12-03,Home & Kitchen,53.1,4,30,148.68,57,4.5,North,PayPal,6.0
ORD101271,2023-03-21,Groceries,18.15,1,0,18.15,43,4.1,South,UPI,6.0
ORD104569,2023-05-30,Sports,86.9,3,15,221.6,61,4.4,South,Credit Card,4.0
ORD104546,2024-03-07,Clothing,51.17,1,0,51.17,51,2.9,South,Credit Card,1.0
ORD103790,2023-03-23,Sports,77.26,2,5,146.8,33,4.6,Central,UPI,7.0
ORD104184,2023-02-10,Clothing,44.68,4,0,178.71,35,5.0,Central,PayPal,1.0
ORD100347,2024-11-15,Electronics,195.63,3,20,469.51,23,4.5,East,UPI,7.0
ORD103957,2024-06-20,Sports,45.78,4,5,173.95,33,2.0,North,Credit Card,5.0
ORD104670,2023-03-12,Home & Kitchen,72.7,1,0,72.7,19,3.3,East,UPI,4.0
ORD102562,2024-05-02,Clothing,12.49,3,5,35.59,28,3.8,East,Debit Card,2.0
ORD104635,2024-07-12,Sports,42.86,2,5,81.43,28,4.6,East,Debit Card,1.0
ORD101423,2024-05-08,Groceries,12.08,2,0,24.15,59,3.4,East,Credit Card,7.0
ORD100656,2024-07-14,Electronics,290.32,4,30,812.91,20,,South,Cash on Delivery,6.0
ORD102102,2023-05-06,Groceries,13.9,3,0,41.71,31,3.3,East,Credit Card,8.0
ORD100632,2023-11-14,Electronics,253.69,1,30,177.58,62,3.1,North,Cash on Delivery,4.0
ORD102951,2024-01-07,Books,21.34,3,0,64.03,41,3.3,Central,Credit Card,9.0
ORD102493,2024-03-22,Clothing,48.58,3,0,145.74,48,3.4,North,Credit Card,2.0
ORD102665,2024-01-28,Sports,33.1,2,25,49.66,25,5.0,West,Debit Card,3.0
ORD104127,2023-03-08,Books,11.81,1,10,10.63,69,4.6,North,Credit Card,5.0
ORD104304,2024-05-03,Toys,28.65,5,20,114.62,40,3.6,West,Debit Card,1.0
ORD104623,2023-02-27,Toys,29.93,4,0,119.72,63,3.5,West,Debit Card,7.0
ORD103159,2024-09-30,Beauty,29.33,5,5,139.32,23,4.7,West,PayPal,2.0
ORD103667,2023-05-13,Home & Kitchen,74.94,2,0,149.87,18,4.6,North,Debit Card,3.0
ORD102500,2024-05-26,Electronics,288.55,1,10,259.7,52,3.1,North,Credit Card,4.0
ORD101465,2023-03-23,Electronics,244.34,5,10,1099.52,46,4.6,West,Cash on Delivery,5.0
ORD103151,2023-06-14,Home & Kitchen,99.54,3,5,283.68,32,3.7,North,Credit Card,6.0
ORD100115,2024-02-20,Home & Kitchen,59.86,3,0,179.57,39,4.5,East,Credit Card,6.0
ORD101821,2024-07-13,Books,15.57,5,30,54.49,33,5.0,South,Credit Card,5.0
ORD101494,2023-10-27,Clothing,52.66,4,15,179.06,43,5.0,North,Credit Card,5.0
ORD102401,2024-02-19,Clothing,17.05,1,10,15.34,28,5.0,South,Credit Card,4.0
ORD101232,2024-12-10,Books,31.74,5,20,126.97,63,4.0,Central,UPI,5.0
ORD102661,2024-07-20,Groceries,14.32,3,5,40.81,61,2.7,East,UPI,4.0
ORD102817,2024-09-25,Toys,35.79,5,25,134.2,31,4.0,North,Credit Card,6.0
ORD103438,2024-11-14,Sports,33.77,5,10,151.99,67,4.1,West,PayPal,7.0
ORD104618,2024-04-07,Clothing,36.52,3,5,104.09,50,4.4,West,PayPal,2.0
ORD101153,2024-10-26,Electronics,251.38,5,20,1005.52,56,5.0,North,Credit Card,4.0
ORD104816,2024-09-29,Toys,23.73,2,20,37.97,55,3.8,South,Credit Card,7.0
ORD100057,2023-04-23,Clothing,,3,15,59.32,31,3.0,Central,Credit Card,7.0
ORD103463,2023-02-07,Clothing,52.77,3,20,126.64,47,4.1,East,Debit Card,5.0
ORD104332,2024-09-21,Clothing,25.85,5,10,116.34,40,4.9,East,UPI,6.0
ORD104995,2023-06-04,Beauty,49.97,4,0,199.9,39,3.6,East,Credit Card,7.0
ORD101735,2024-08-06,Electronics,136.56,1,0,136.56,43,4.0,North,Cash on Delivery,5.0
ORD102823,2024-12-14,Electronics,260.47,2,10,468.84,57,4.4,North,Credit Card,6.0
ORD102196,2023-08-01,Home & Kitchen,50.39,4,5,191.5,68,4.9,West,Credit Card,4.0
ORD103623,2023-11-19,Clothing,52.75,5,5,250.54,43,3.9,South,PayPal,2.0
ORD102475,2023-11-06,Home & Kitchen,92.38,4,0,369.51,63,4.3,South,PayPal,3.0
ORD102564,2023-11-18,Groceries,22.92,3,15,58.44,43,3.2,East,Cash on Delivery,8.0
ORD103764,2023-10-29,Home & Kitchen,110.43,2,0,220.85,60,3.8,Central,Credit Card,1.0
ORD102608,2024-01-20,Home & Kitchen,95.94,4,10,345.39,66,4.2,West,Debit Card,7.0
ORD103728,2023-09-07,Home & Kitchen,86.67,5,10,390.01,46,3.4,East,PayPal,6.0
ORD100707,2024-02-23,Electronics,315.28,5,0,1576.42,58,3.7,South,Debit Card,7.0
ORD104324,2024-12-10,Books,18.92,5,30,66.23,27,5.0,South,Credit Card,4.0
ORD101093,2023-10-14,Electronics,338.27,4,0,1353.08,37,3.6,East,Cash on Delivery,8.0
ORD103632,2023-01-28,Sports,58.71,4,15,199.61,19,4.4,North,UPI,3.0
ORD101376,2024-12-04,Electronics,223.93,2,20,358.28,58,5.0,South,Debit Card,10.0
ORD104963,2023-06-21,Toys,40.88,1,5,38.83,61,1.6,South,PayPal,8.0
ORD100072,2023-12-05,Beauty,37.49,3,0,112.47,47,3.5,North,UPI,4.0
ORD101922,2024-08-26,Books,22.51,2,0,45.03,57,3.6,South,Credit Card,10.0
ORD103238,2024-10-07,Toys,35.74,1,10,32.17,37,4.8,South,Credit Card,3.0
ORD101764,2024-02-25,Sports,45.66,5,10,205.47,61,3.7,Central,PayPal,4.0
ORD100743,2023-07-17,Clothing,68.96,4,30,193.1,67,5.0,North,PayPal,5.0
ORD102937,2024-06-11,Electronics,411.77,3,10,1111.77,31,3.0,North,Debit Card,5.0
ORD101005,2024-11-04,Books,22.39,2,20,35.82,31,3.0,East,PayPal,2.0
ORD102668,2023-02-26,Electronics,250.03,5,0,1250.15,39,4.6,South,PayPal,1.0
ORD101190,2023-10-31,Electronics,254.36,5,5,1208.2,39,2.7,North,Credit Card,2.0
ORD104874,2023-05-20,Books,9.96,1,0,9.96,41,4.5,West,Debit Card,3.0
ORD102601,2023-06-06,Clothing,19.08,5,10,85.84,20,2.5,West,PayPal,10.0
ORD101125,2024-09-08,Books,11.78,2,0,23.56,68,2.1,West,UPI,7.0
ORD101241,2024-07-22,Electronics,219.16,2,5,416.41,51,5.0,East,Credit Card,3.0
ORD102908,2023-04-04,Clothing,44.2,5,0,221.01,61,4.7,South,Debit Card,3.0
ORD104172,2024-01-06,Home & Kitchen,89.63,3,5,255.44,36,5.0,North,Credit Card,7.0
ORD104876,2023-10-29,Electronics,286.94,1,10,258.24,37,4.8,West,PayPal,3.0
ORD100998,2024-12-04,Clothing,32.29,1,5,30.68,65,4.6,South,Cash on Delivery,5.0
ORD103454,2024-08-21,Home & Kitchen,89.76,5,15,381.5,51,5.0,West,Credit Card,5.0
ORD102684,2024-01-05,Electronics,234.0,4,0,936.0,24,4.4,Central,Debit Card,3.0
ORD101577,2024-08-07,Books,10.2,1,5,9.69,62,3.7,Central,Credit Card,6.0
ORD104839,2024-11-11,Toys,9.8,5,0,49.02,57,3.9,Central,Debit Card,5.0
ORD101826,2023-03-18,Electronics,334.36,1,0,334.36,62,2.6,Central,PayPal,4.0
ORD103920,2024-11-16,Clothing,40.23,1,10,36.21,23,5.0,East,Debit Card,10.0
ORD102099,2023-06-30,Clothing,77.13,2,0,154.26,45,4.2,South,Debit Card,1.0
ORD103606,2023-08-28,Groceries,16.44,4,5,62.48,29,5.0,Central,Credit Card,4.0
ORD100440,2024-12-12,Groceries,13.51,5,0,67.57,35,4.3,North,UPI,6.0
ORD102586,2023-09-28,Beauty,38.07,5,0,190.33,43,3.1,North,Debit Card,6.0
ORD101100,2023-12-17,Clothing,40.22,3,10,108.6,25,3.1,Central,UPI,3.0
ORD104089,2024-12-18,Home & Kitchen,92.94,4,25,278.82,55,4.7,West,UPI,2.0
ORD103121,2024-12-31,Clothing,32.3,2,0,64.6,27,2.7,Central,PayPal,7.0
ORD100649,2024-09-12,Electronics,374.87,3,5,1068.37,19,4.1,West,PayPal,8.0
ORD101546,2024-05-17,Clothing,52.26,1,15,44.42,31,4.8,East,PayPal,5.0
ORD103806,2023-03-17,Sports,69.11,4,0,276.45,23,4.0,Central,PayPal,2.0
ORD103630,2023-12-06,Clothing,60.7,1,0,60.7,61,5.0,North,UPI,4.0
ORD104189,2024-10-19,Home & Kitchen,90.58,3,0,271.75,60,2.6,East,UPI,4.0
ORD104651,2024-12-21,Sports,73.64,2,0,147.29,39,,Central,PayPal,5.0
ORD103814,2023-10-07,Sports,44.0,1,5,41.8,44,3.5,East,UPI,6.0
ORD100630,2024-06-22,Home & Kitchen,39.53,5,15,168.01,47,5.0,South,UPI,7.0
ORD100672,2024-04-10,Sports,58.56,1,30,40.99,50,3.4,East,Debit Card,7.0
ORD101249,2024-12-15,Electronics,144.26,4,15,490.48,42,2.2,North,Credit Card,2.0
ORD100482,2023-07-03,Electronics,171.39,3,0,514.16,59,3.6,South,Credit Card,7.0
ORD101584,2024-04-09,Books,12.57,3,15,32.04,67,4.1,Central,Debit Card,5.0
ORD103137,2023-12-15,Sports,65.68,3,5,187.18,25,4.7,West,Credit Card,4.0
ORD104674,2024-08-31,Clothing,40.26,1,0,40.26,32,4.3,West,Debit Card,4.0
ORD103100,2023-09-25,Books,7.62,4,5,28.96,19,2.9,East,Cash on Delivery,
ORD101462,2023-02-04,Sports,35.82,5,10,161.18,53,4.2,East,Debit Card,8.0
ORD104006,2023-07-03,Groceries,8.47,3,5,24.14,65,2.7,East,Debit Card,1.0
ORD103694,2023-10-16,Electronics,277.43,3,5,790.69,55,4.9,East,Credit Card,2.0
ORD100393,2024-03-14,Books,14.45,4,5,54.91,54,4.9,Central,Credit Card,3.0
ORD102578,2024-12-09,Clothing,46.21,2,20,73.94,36,5.0,North,Debit Card,5.0
ORD104034,2023-11-08,Home & Kitchen,74.08,1,15,62.97,20,3.5,Central,UPI,1.0
ORD100049,2024-07-22,Clothing,44.36,4,10,159.68,23,3.1,South,Debit Card,2.0
ORD104333,2024-10-15,Groceries,7.55,4,0,30.19,29,4.2,North,PayPal,9.0
ORD103119,2024-09-25,Electronics,90.67,1,5,86.14,27,3.2,North,UPI,5.0
ORD100858,2024-05-04,Sports,57.85,4,30,161.99,55,2.9,South,Credit Card,7.0
ORD101072,2024-07-07,Clothing,69.66,5,15,296.06,27,4.5,North,PayPal,6.0
ORD100719,2024-03-14,Clothing,58.27,3,5,2352.80657801084,21,5.0,East,Cash on Delivery,7.0
ORD104790,2023-05-25,Clothing,53.74,2,20,85.99,60,3.7,East,Debit Card,4.0
ORD102631,2024-05-12,Electronics,63.39,4,0,253.56,69,3.7,Central,PayPal,6.0
ORD104923,2024-05-11,Home & Kitchen,82.6,5,15,351.04,40,2.8,Central,PayPal,
ORD101660,2024-03-28,Home & Kitchen,126.08,1,30,88.26,36,4.5,West,Credit Card,6.0
ORD101656,2024-09-11,Toys,14.96,3,15,38.14,51,3.3,South,Cash on Delivery,7.0
ORD102425,2024-02-15,Clothing,73.57,5,15,312.69,43,3.0,East,Credit Card,1.0
ORD103996,2023-01-19,Home & Kitchen,94.03,1,5,89.33,26,4.4,North,Debit Card,5.0
ORD104272,2024-11-13,Home & Kitchen,57.81,1,25,43.36,25,3.3,South,Debit Card,4.0
ORD104767,2023-01-07,Sports,51.24,3,15,130.67,55,4.6,Central,Cash on Delivery,4.0
ORD103375,2024-01-05,Home & Kitchen,115.01,3,10,310.54,57,4.6,East,Cash on Delivery,4.0
ORD104521,2024-05-25,Groceries,6.55,1,15,5.57,32,3.4,West,Debit Card,5.0
ORD103371,2023-06-24,Clothing,22.07,5,25,82.78,46,4.2,North,Debit Card,4.0
ORD104800,2024-03-23,Home & Kitchen,58.38,5,30,204.32,47,3.4,North,UPI,2.0
ORD104168,2024-01-06,Electronics,180.72,1,0,180.72,69,4.4,West,Debit Card,14.0
ORD102606,2024-01-25,Electronics,424.19,5,5,2014.88,61,2.8,Central,Credit Card,4.0
ORD101385,2023-06-21,Electronics,128.52,2,5,244.18,26,3.9,West,UPI,6.0
ORD103909,2024-10-24,Electronics,439.66,2,0,879.32,58,4.4,South,Debit Card,7.0
ORD101399,2023-08-07,Electronics,185.26,4,5,704.0,28,4.0,West,PayPal,3.0
ORD101195,2024-04-08,Home & Kitchen,47.16,3,0,141.48,46,4.4,North,PayPal,5.0
ORD101408,2023-01-02,Books,15.96,3,15,40.7,57,,East,Credit Card,2.0
ORD103898,2023-08-10,Books,16.1,3,0,48.3,63,5.0,South,Credit Card,2.0
ORD101798,2023-12-17,Books,16.09,1,20,12.87,51,3.2,South,Debit Card,4.0
ORD101475,2023-08-09,Electronics,112.96,1,15,96.02,30,4.3,South,Credit Card,6.0
ORD103282,2024-12-09,Home & Kitchen,75.71,4,0,302.83,44,5.0,West,PayPal,4.0
ORD100035,2023-02-16,Books,26.64,4,10,95.89,67,2.8,South,Credit Card,7.0
ORD103611,2024-05-13,Clothing,50.36,2,10,90.66,51,4.4,North,PayPal,1.0
ORD102345,2023-07-08,Clothing,44.38,5,0,221.9,33,3.9,East,Credit Card,
ORD104930,2023-01-11,Beauty,50.09,4,5,190.35,31,4.7,North,Credit Card,5.0
ORD102359,2023-06-02,Clothing,64.94,5,10,292.24,58,3.1,Central,PayPal,3.0
ORD102206,2023-04-09,Electronics,217.66,5,0,1088.31,43,3.5,East,Debit Card,7.0
ORD104944,2023-01-27,Electronics,217.56,4,10,783.23,42,4.7,South,Credit Card,6.0
ORD101286,2024-10-25,Groceries,19.34,3,25,43.51,19,4.3,Central,Credit Card,3.0
ORD100349,2023-05-01,Clothing,36.46,4,0,145.83,61,3.6,North,PayPal,7.0
ORD102137,2023-01-17,Sports,103.7,1,0,103.7,64,3.6,South,Credit Card,4.0
ORD102691,2024-03-19,Sports,90.81,5,25,340.55,24,3.7,South,Credit Card,6.0
ORD103040,2023-10-16,Groceries,13.82,3,0,41.47,54,3.6,East,PayPal,4.0
ORD103189,2024-09-01,Toys,34.54,3,30,72.53,39,3.4,East,Debit Card,8.0
ORD101681,2023-01-10,Electronics,106.34,2,0,212.69,46,3.4,South,Credit Card,6.0
ORD104099,2023-09-03,Clothing,26.97,1,5,25.62,34,4.6,Central,PayPal,6.0
ORD101443,2023-11-13,Books,15.82,5,0,79.1,58,2.9,South,Debit Card,6.0
ORD103309,2024-11-20,Beauty,17.04,5,0,85.2,60,,North,PayPal,
ORD101671,2024-02-19,Sports,46.24,4,15,157.22,59,3.2,North,Credit Card,5.0
ORD103013,2024-06-22,Clothing,33.11,3,5,94.36,28,4.3,South,UPI,5.0
ORD101179,2023-01-19,Electronics,213.86,2,15,363.56,52,2.7,West,PayPal,3.0
ORD102798,2024-06-01,Clothing,33.6,2,0,67.2,46,4.0,North,Debit Card,
ORD101692,2024-04-25,Books,14.0,3,5,39.9,31,5.0,Central,UPI,4.0
ORD103950,2023-10-03,Clothing,58.04,5,10,261.17,19,3.5,East,Debit Card,3.0
ORD100372,2023-10-27,Electronics,294.04,4,20,940.93,33,4.3,North,Credit Card,5.0
ORD103683,2024-02-21,Sports,55.1,4,30,154.27,69,3.6,West,PayPal,6.0
ORD101916,2023-07-26,Books,18.76,3,0,56.28,65,1.6,East,Credit Card,6.0
ORD101357,2023-04-09,Home & Kitchen,122.22,2,0,244.44,42,4.0,South,PayPal,7.0
ORD101825,2024-10-21,Books,21.28,1,20,17.02,62,3.4,East,Cash on Delivery,5.0
ORD100786,2023-01-24,Sports,56.66,3,10,152.99,55,3.9,South,Cash on Delivery,4.0
ORD100469,2024-11-13,Electronics,152.36,5,10,685.6,21,3.9,East,Credit Card,6.0
ORD100140,2024-12-19,Sports,67.11,1,30,46.98,60,4.9,North,Credit Card,3.0
ORD100788,2024-02-03,Electronics,367.02,4,15,1247.87,45,4.3,East,UPI,8.0
ORD100323,2024-10-31,Groceries,12.85,1,0,12.85,21,5.0,Central,Credit Card,5.0
ORD100050,2024-07-09,Books,18.5,4,15,62.89,39,4.0,North,UPI,6.0
ORD100714,2024-11-03,Electronics,261.55,2,15,444.63,46,5.0,Central,UPI,2.0
ORD104533,2024-07-03,Electronics,273.78,5,5,1300.45,24,4.2,East,Cash on Delivery,8.0
ORD102840,2023-11-17,Clothing,61.29,5,20,245.15,57,3.9,South,Cash on Delivery,4.0
ORD102446,2024-07-19,Books,1.42,2,0,2.84,59,3.9,Central,Cash on Delivery,4.0
ORD104862,2024-10-13,Toys,16.08,4,0,64.3,18,5.0,South,Credit Card,3.0
ORD104463,2024-04-24,Clothing,45.86,3,30,96.31,36,3.6,South,Credit Card,4.0
ORD104641,2023-01-24,Sports,63.42,4,10,228.32,62,3.2,North,PayPal,6.0
ORD103076,2023-03-21,Groceries,,1,0,13.96,63,3.9,East,UPI,6.0
ORD102666,2023-06-25,Clothing,64.26,3,5,183.13,28,3.7,West,Debit Card,7.0
ORD100406,2023-11-14,Groceries,15.9,3,10,42.92,51,4.4,West,UPI,6.0
ORD103427,2024-10-07,Beauty,38.1,4,0,152.38,27,5.0,Central,Credit Card,6.0
ORD101004,2023-04-04,Sports,71.1,3,25,159.97,69,4.1,West,PayPal,
ORD103066,2024-08-29,Sports,48.26,1,15,41.02,29,2.8,North,PayPal,6.0
ORD100890,2023-03-15,Electronics,219.2,1,10,197.28,69,3.2,West,Debit Card,6.0
ORD102411,2023-02-06,Home & Kitchen,75.56,1,10,68.01,65,4.1,South,Cash on Delivery,5.0
ORD102545,2023-10-18,Groceries,15.79,2,0,31.59,26,3.8,Central,UPI,2.0
ORD103504,2023-01-13,Electronics,215.13,3,25,484.04,52,4.4,Central,PayPal,
ORD102390,2023-11-29,Clothing,49.11,1,0,49.11,54,4.9,North,Credit Card,8.0
ORD104017,2023-04-22,Sports,78.69,2,30,110.17,34,3.9,North,PayPal,
ORD100042,2024-05-27,Clothing,39.31,3,30,82.56,21,3.9,West,Debit Card,8.0
ORD102830,2024-11-05,Beauty,27.7,4,5,105.25,19,3.6,East,Credit Card,6.0
ORD104883,2023-04-28,Electronics,257.47,1,10,231.72,32,4.1,North,Debit Card,2.0
ORD100303,2024-10-17,Books,16.39,2,5,31.15,57,4.9,North,UPI,4.0
ORD104558,2024-07-02,Books,30.71,4,5,116.7,45,5.0,South,PayPal,5.0
ORD103820,2023-04-03,Clothing,71.22,1,0,71.22,37,5.0,Central,Debit Card,2.0
ORD100664,2024-03-12,Books,21.08,2,15,35.84,23,3.1,Central,Cash on Delivery,7.0
ORD101177,2023-05-21,Books,20.89,2,0,41.77,62,4.0,South,PayPal,5.0
ORD102676,2024-12-04,Electronics,89.24,3,20,214.19,19,5.0,South,UPI,8.0
ORD101947,2024-11-01,Home & Kitchen,119.66,5,15,508.54,57,1.0,East,Credit Card,8.0
ORD102501,2023-03-14,Sports,72.66,3,20,174.37,19,4.2,Central,PayPal,2.0
ORD101473,2023-06-01,Electronics,130.72,1,5,124.19,22,5.0,Central,Cash on Delivery,6.0
ORD103553,2024-06-05,Clothing,55.53,3,5,158.26,35,3.9,Central,PayPal,5.0
ORD103785,2024-02-09,Books,23.76,2,0,47.52,42,3.7,Central,PayPal,6.0
ORD102132,2024-01-15,Clothing,36.11,2,10,65.0,27,3.6,East,Credit Card,5.0
ORD101026,2023-02-26,Electronics,247.26,2,20,395.61,64,3.2,East,UPI,6.0
ORD102989,2023-11-09,Beauty,30.62,3,5,87.26,64,5.0,Central,UPI,
ORD100961,2023-10-26,Beauty,22.84,4,0,91.35,26,4.8,East,Debit Card,5.0
ORD102889,2023-05-23,Groceries,24.27,1,0,24.27,45,4.3,Central,UPI,5.0
ORD103275,2024-11-05,Electronics,95.26,5,0,476.28,18,4.0,Central,UPI,6.0
ORD102009,2024-04-07,Clothing,79.18,2,0,158.36,33,3.2,North,Credit Card,7.0
ORD102149,2024-09-16,Home & Kitchen,39.85,1,15,33.88,60,4.2,West,Debit Card,5.0
ORD104679,2023-02-20,Clothing,38.36,4,0,153.43,41,,Central,Credit Card,5.0
ORD102338,2023-02-01,Electronics,312.02,4,15,1060.87,64,3.4,North,UPI,8.0
ORD103965,2024-09-14,Toys,25.49,2,5,48.44,23,4.2,Central,PayPal,7.0
ORD100304,2024-02-01,Electronics,370.16,5,0,1850.8,42,4.4,Central,Debit Card,6.0
ORD101440,2024-07-23,Electronics,208.01,1,5,197.61,61,3.3,South,PayPal,
ORD101496,2024-02-07,Electronics,414.81,4,0,1659.23,46,4.0,Central,UPI,4.0
ORD102652,2024-12-23,Home & Kitchen,72.82,5,20,291.29,25,5.0,East,Credit Card,3.0
ORD102875,2024-01-13,Sports,,4,30,145.32,19,3.6,Central,UPI,9.0
ORD100916,2024-02-01,Sports,57.95,3,15,147.78,19,4.5,West,UPI,7.0
ORD104224,2024-07-25,Home & Kitchen,121.66,5,30,425.8,26,3.4,East,UPI,5.0
ORD103794,2024-10-13,Electronics,360.33,1,10,324.29,21,,East,Cash on Delivery,7.0
ORD102772,2023-05-29,Beauty,34.14,2,25,51.21,62,3.7,East,PayPal,3.0
ORD101624,2024-02-09,Groceries,8.84,5,20,35.35,51,4.2,South,Debit Card,5.0
ORD103911,2024-12-10,Beauty,40.57,3,10,109.53,35,4.8,South,Credit Card,6.0
ORD100821,2024-05-01,Home & Kitchen,50.61,1,20,40.49,32,3.5,South,Cash on Delivery,2.0
ORD103366,2024-03-29,Beauty,59.33,3,15,151.3,69,4.1,South,PayPal,3.0
ORD101354,2023-06-10,Books,18.23,3,0,54.68,23,3.5,West,Credit Card,6.0
ORD104542,2024-11-08,Electronics,,2,0,520.52,27,4.7,East,Debit Card,7.0
ORD100850,2024-12-17,Electronics,344.26,3,20,826.23,20,3.9,Central,PayPal,7.0
ORD101000,2024-08-13,Home & Kitchen,92.73,3,0,278.19,32,4.2,North,PayPal,3.0
ORD104387,2023-02-13,Clothing,27.68,5,0,138.39,29,3.6,West,Credit Card,7.0
ORD100018,2024-09-05,Books,30.43,5,15,129.32,34,3.9,Central,UPI,6.0
ORD101637,2024-03-30,Toys,14.76,3,20,35.44,37,3.8,West,Credit Card,9.0
ORD101667,2024-05-10,Home & Kitchen,19.69,2,30,27.56,48,5.0,Central,Credit Card,6.0
ORD100493,2024-03-16,Books,18.72,5,15,79.56,43,4.8,West,UPI,6.0
ORD101347,2024-05-27,Sports,63.95,2,0,127.9,35,3.3,North,Credit Card,3.0
ORD103018,2024-03-13,Electronics,,1,0,323.3,42,3.0,Central,Debit Card,4.0
ORD103800,2024-11-05,Electronics,272.49,5,20,1089.98,68,4.0,North,PayPal,2.0
ORD103321,2023-04-29,Toys,18.12,4,25,54.35,39,4.1,West,Credit Card,8.0
ORD104216,2023-12-24,Sports,48.24,4,5,183.3,24,5.0,Central,Credit Card,5.0
ORD103551,2024-01-17,Books,22.54,3,20,54.09,56,3.9,North,PayPal,5.0
ORD100687,2024-03-09,Toys,39.92,2,25,59.87,62,3.4,North,Debit Card,2.0
ORD103804,2023-01-17,Sports,65.11,3,10,175.79,67,5.0,East,Credit Card,8.0
ORD101608,2023-06-22,Toys,31.06,2,10,55.9,60,5.0,South,Credit Card,5.0
ORD104590,2024-05-22,Home & Kitchen,96.09,4,0,384.37,26,4.4,Central,UPI,4.0
ORD103470,2023-06-13,Clothing,5.04,1,10,4.54,68,4.6,Central,Debit Card,5.0
ORD101009,2024-01-16,Clothing,36.1,1,0,36.1,67,4.1,West,UPI,10.0
ORD102408,2023-12-06,Sports,77.02,2,0,154.03,36,2.4,East,PayPal,1.0
ORD101092,2024-09-08,Beauty,14.62,2,0,29.25,36,4.4,West,PayPal,3.0
ORD101327,2023-03-03,Clothing,35.81,3,20,85.93,22,3.8,South,Credit Card,4.0
ORD101677,2023-11-03,Groceries,12.65,5,0,63.23,58,4.1,North,Debit Card,8.0
ORD101999,2023-07-25,Beauty,43.99,1,0,43.99,55,3.3,South,Debit Card,4.0
ORD101310,2024-01-19,Books,22.83,1,15,19.41,45,3.8,Central,Debit Card,4.0
ORD104698,2023-08-08,Sports,4.24,5,15,18.03,68,5.0,Central,PayPal,3.0
ORD101987,2023-06-04,Electronics,283.71,2,15,482.31,64,4.2,North,Debit Card,7.0
ORD103721,2024-03-01,Electronics,251.52,4,10,905.46,28,3.0,Central,PayPal,5.0
ORD100344,2024-10-23,Electronics,270.19,2,0,540.39,28,2.5,East,UPI,6.0
ORD104228,2023-09-12,Beauty,49.9,4,5,189.63,47,4.1,East,Cash on Delivery,5.0
ORD100986,2024-03-26,Sports,47.43,3,30,99.6,47,3.9,East,PayPal,3.0
ORD103926,2024-01-02,Electronics,129.66,1,15,110.21,42,4.1,East,Credit Card,9.0
ORD103880,2024-09-24,Sports,48.22,5,5,229.07,40,4.0,East,Credit Card,
ORD104356,2024-12-06,Clothing,57.83,4,20,185.06,56,3.6,South,Credit Card,3.0
ORD104081,2023-07-28,Books,20.91,5,30,73.2,31,4.3,South,PayPal,5.0
ORD103154,2023-02-20,Clothing,40.92,3,15,104.36,29,4.4,North,Debit Card,4.0
ORD104635,2024-07-12,Sports,42.86,2,5,81.43,28,4.6,East,Debit Card,1.0
ORD101142,2024-11-11,Beauty,28.06,1,0,28.06,40,2.0,West,PayPal,5.0
ORD102358,2024-04-02,Electronics,503.65,2,0,1007.29,45,4.2,South,Credit Card,8.0
ORD101198,2024-08-09,Electronics,196.04,5,5,931.21,49,5.0,West,Credit Card,7.0
ORD100085,2024-05-26,Home & Kitchen,85.16,2,0,170.31,42,5.0,Central,PayPal,4.0
ORD101518,2023-12-28,Electronics,375.23,3,15,956.85,43,2.2,South,Credit Card,7.0
ORD100516,2024-10-06,Groceries,26.14,1,5,24.83,64,5.0,East,Debit Card,2.0
ORD101381,2023-07-27,Toys,39.43,2,10,70.98,36,5.0,East,UPI,5.0
ORD102716,2023-11-13,Clothing,54.44,2,0,108.88,44,3.3,West,Credit Card,1.0
ORD104672,2023-06-03,Sports,32.85,1,0,32.85,65,5.0,West,Credit Card,6.0
ORD101014,2024-01-15,Toys,36.47,5,20,145.88,24,4.2,Central,Debit Card,6.0
ORD100128,2024-02-25,Clothing,27.46,2,10,49.43,42,2.9,South,Debit Card,5.0
ORD101364,2024-02-10,Groceries,16.16,1,0,16.16,42,4.8,Central,Credit Card,9.0
ORD104888,2023-09-04,Electronics,92.94,5,0,464.69,53,4.2,East,PayPal,2.0
ORD104055,2023-10-04,Clothing,34.62,5,10,155.8,39,4.3,Central,Credit Card,4.0
ORD103626,2024-07-17,Clothing,80.82,4,0,323.27,23,3.5,North,Credit Card,4.0
ORD100891,2024-06-02,Sports,36.4,1,30,25.48,23,4.0,West,Credit Card,5.0
ORD102793,2024-01-27,Sports,51.99,4,15,176.78,39,3.8,West,Credit Card,8.0
ORD104251,2023-10-09,Clothing,47.97,4,0,191.88,57,5.0,West,Debit Card,5.0
ORD101359,2023-09-25,Electronics,239.63,5,0,1198.13,50,3.6,North,UPI,4.0
ORD100307,2024-02-10,Sports,56.52,2,15,96.08,28,4.2,West,PayPal,5.0
ORD101661,2024-03-22,Clothing,45.93,3,0,137.8,51,4.0,East,Credit Card,5.0
ORD102431,2024-01-17,Sports,25.66,5,15,109.06,58,5.0,West,Credit Card,2.0
ORD104011,2024-10-09,Electronics,220.46,1,15,187.39,43,2.9,West,UPI,6.0
ORD101317,2024-03-07,Clothing,33.21,2,10,59.77,65,5.0,East,Cash on Delivery,3.0
ORD104347,2023-04-21,Home & Kitchen,68.95,5,15,293.03,21,2.5,East,Credit Card,6.0
ORD102474,2023-03-18,Books,21.63,1,5,20.55,67,2.2,Central,PayPal,4.0
ORD102542,2024-11-30,Clothing,52.19,3,0,156.56,31,5.0,East,Credit Card,5.0
ORD101246,2024-09-20,Clothing,62.38,1,5,59.26,47,4.4,West,Credit Card,4.0
ORD101208,2023-07-28,Home & Kitchen,67.64,4,30,189.38,36,3.4,South,Debit Card,4.0
ORD100216,2023-02-27,Home & Kitchen,,3,10,166.62,53,4.7,West,Credit Card,6.0
ORD104336,2024-07-07,Electronics,295.56,1,0,295.56,33,4.6,North,Credit Card,1.0
ORD104666,2023-08-13,Sports,91.92,4,0,367.69,29,5.0,East,Credit Card,7.0
ORD101239,2023-01-30,Home & Kitchen,118.02,3,10,318.65,46,3.7,North,PayPal,3.0
ORD102289,2023-11-01,Sports,80.07,3,10,216.2,59,2.2,East,Cash on Delivery,6.0
ORD102740,2023-05-16,Electronics,251.75,5,5,1195.8,33,2.5,Central,UPI,8.0
ORD100275,2023-12-19,Clothing,29.93,2,0,59.86,23,3.3,Central,Credit Card,3.0
ORD100489,2024-03-18,Books,9.41,4,10,33.86,21,4.2,South,Credit Card,4.0
ORD101035,2024-06-26,Beauty,37.92,2,10,68.26,49,4.3,North,UPI,2.0
ORD101229,2023-07-30,Beauty,53.22,3,15,135.71,18,4.3,Central,Credit Card,5.0
ORD104630,2023-04-19,Home & Kitchen,79.68,5,10,358.56,53,4.8,West,Cash on Delivery,2.0
ORD101008,2024-06-20,Sports,74.17,4,25,222.51,61,4.1,South,Debit Card,5.0
ORD104777,2024-06-30,Sports,48.36,2,0,96.72,49,5.0,North,UPI,4.0
ORD104427,2023-12-19,Toys,29.41,3,10,79.41,33,4.1,West,Debit Card,3.0
ORD103247,2023-03-07,Groceries,11.24,4,10,40.46,53,5.0,North,Credit Card,3.0
ORD102532,2024-11-07,Electronics,233.56,2,0,467.11,26,5.0,South,UPI,5.0
ORD104211,2024-06-03,Toys,40.32,1,10,36.29,29,3.1,East,UPI,5.0
ORD101058,2023-11-07,Sports,89.06,1,0,89.06,52,4.6,North,Credit Card,5.0
ORD102166,2023-08-20,Beauty,27.51,2,5,52.26,23,1.7,Central,Cash on Delivery,7.0
ORD104140,2024-06-14,Electronics,228.74,2,0,457.49,37,4.1,West,Debit Card,2.0
ORD103441,2023-01-18,Books,22.29,4,0,89.17,28,4.4,Central,Debit Card,6.0
ORD100281,2023-12-22,Electronics,248.8,1,0,248.8,20,4.1,Central,PayPal,7.0
ORD104441,2023-09-17,Home & Kitchen,92.35,4,10,332.46,69,4.9,East,Debit Card,3.0
ORD101316,2024-06-02,Home & Kitchen,121.9,3,15,310.85,55,4.2,South,Debit Card,6.0
ORD104684,2024-01-13,Electronics,127.73,3,5,364.03,64,4.8,Central,Debit Card,5.0
ORD100968,2024-11-03,Clothing,42.17,2,0,84.33,54,3.6,East,Credit Card,5.0
ORD103990,2024-07-05,Clothing,52.32,5,5,248.53,33,4.6,East,UPI,5.0
ORD103997,2024-09-10,Home & Kitchen,62.26,5,10,280.17,50,3.8,East,Credit Card,5.0
ORD103231,2023-06-05,Toys,38.1,3,0,114.29,64,2.7,Central,Debit Card,4.0
ORD103589,2024-10-27,Sports,74.88,4,5,284.56,59,4.0,North,PayPal,
ORD100619,2023-04-13,Clothing,62.17,1,25,46.63,30,4.7,Central,Debit Card,4.0
ORD104390,2023-05-13,Sports,26.84,2,5,51.0,53,4.9,Central,PayPal,6.0
ORD101742,2023-11-30,Home & Kitchen,,1,0,59.41,54,4.1,North,PayPal,4.0
ORD101390,2023-08-12,Electronics,208.29,5,0,1041.45,30,5.0,North,Credit Card,8.0
ORD104866,2023-12-09,Electronics,120.99,4,20,387.16,42,3.1,South,Credit Card,7.0
ORD101847,2024-02-01,Toys,40.09,4,30,112.24,59,5.0,West,PayPal,8.0
ORD101579,2024-03-15,Home & Kitchen,96.33,1,5,91.52,43,3.4,North,Cash on Delivery,4.0
ORD101655,2023-06-19,Electronics,278.23,2,20,445.17,60,3.2,North,Credit Card,6.0
ORD102352,2024-06-06,Beauty,46.68,2,10,84.02,28,3.8,South,UPI,1.0
ORD102212,2024-03-18,Books,14.82,5,0,74.12,29,5.0,East,PayPal,6.0
ORD102020,2023-08-10,Electronics,80.6,1,25,60.45,28,2.6,East,PayPal,5.0
ORD101117,2024-03-04,Electronics,188.59,1,10,169.73,30,4.9,South,Credit Card,5.0
ORD101956,2024-01-22,Electronics,232.87,2,0,465.74,36,4.3,East,Debit Card,5.0
ORD101307,2023-06-23,Sports,56.06,1,15,47.65,30,5.0,West,UPI,4.0
ORD102003,2023-12-01,Home & Kitchen,97.8,1,5,92.91,68,3.9,North,PayPal,2.0
ORD104500,2024-05-21,Beauty,34.17,4,10,123.02,58,3.8,South,UPI,4.0
ORD100575,2023-10-01,Toys,27.96,2,10,50.33,25,3.1,West,UPI,
ORD102360,2024-04-19,Home & Kitchen,64.48,3,10,174.08,45,3.5,West,PayPal,3.0
ORD104245,2023-07-24,Electronics,361.72,1,0,361.72,55,4.8,South,Credit Card,4.0
ORD104481,2023-08-06,Groceries,21.7,1,0,21.7,62,2.3,Central,Debit Card,5.0
ORD101706,2024-12-19,Electronics,266.21,5,25,998.3,19,4.4,South,Debit Card,6.0
ORD103815,2023-02-22,Home & Kitchen,33.58,4,25,100.75,50,4.3,East,Credit Card,4.0
ORD103540,2024-06-21,Home & Kitchen,99.5,3,5,283.59,40,5.0,West,PayPal,8.0
ORD101280,2024-06-24,Electronics,234.71,4,5,891.91,36,5.0,South,PayPal,
ORD100861,2024-11-09,Clothing,34.25,4,10,123.32,41,4.5,South,Credit Card,8.0
ORD104187,2023-06-06,Toys,27.04,3,10,73.01,22,5.0,South,Credit Card,7.0
ORD101801,2023-12-09,Sports,32.27,4,5,122.62,30,3.4,West,Credit Card,6.0
ORD101628,2023-10-11,Beauty,54.49,2,5,103.54,49,3.7,South,Cash on Delivery,4.0
ORD101993,2024-04-12,Electronics,213.9,1,20,171.12,39,5.0,Central,Credit Card,5.0
ORD102639,2024-09-14,Toys,0.83,4,5,3.15,34,4.3,North,Debit Card,4.0
ORD100269,2024-03-07,Groceries,20.86,4,15,70.93,45,4.9,South,Debit Card,9.0
ORD100629,2023-09-25,Groceries,14.25,4,20,45.6,66,4.5,South,Debit Card,3.0
ORD103081,2024-08-22,Clothing,52.24,5,5,248.12,43,3.8,East,Debit Card,4.0
ORD102334,2024-02-09,Clothing,53.62,2,20,85.8,64,3.3,West,PayPal,4.0
ORD102966,2023-06-25,Beauty,24.39,2,30,34.14,36,5.0,Central,Debit Card,3.0
ORD100300,2023-09-23,Groceries,11.44,1,20,9.15,38,4.2,Central,Credit Card,7.0
ORD100459,2023-03-19,Toys,27.1,2,10,48.78,23,5.0,West,Cash on Delivery,4.0
ORD101447,2024-12-02,Electronics,345.48,1,15,293.66,36,3.7,Central,Credit Card,4.0
ORD101472,2023-11-25,Home & Kitchen,127.22,2,0,254.44,54,5.0,Central,Credit Card,5.0
ORD102046,2023-11-28,Groceries,12.01,1,0,12.01,50,4.2,East,Credit Card,4.0
ORD104271,2024-01-24,Books,7.06,4,5,26.82,41,4.5,Central,Credit Card,6.0
ORD103837,2024-03-14,Clothing,36.99,5,0,184.96,67,4.7,North,UPI,3.0
ORD102113,2024-10-27,Home & Kitchen,47.52,3,0,142.56,37,4.7,East,Credit Card,1.0
ORD100027,2024-08-24,Toys,26.07,2,15,44.32,39,3.7,South,Credit Card,4.0
ORD104628,2024-07-11,Toys,27.05,4,30,75.73,21,4.3,East,Credit Card,6.0
ORD104567,2024-05-29,Groceries,21.05,5,25,78.92,22,3.1,West,Cash on Delivery,4.0
ORD100837,2023-05-25,Toys,20.79,1,0,20.79,28,3.7,Central,PayPal,3.0
ORD104373,2024-08-21,Clothing,74.61,4,0,298.43,55,4.0,West,Credit Card,6.0
ORD103433,2023-09-04,Clothing,21.39,4,15,72.73,46,3.6,North,Credit Card,6.0
ORD102008,2024-07-29,Beauty,28.7,4,15,97.58,53,3.4,North,Cash on Delivery,4.0
ORD104957,2023-09-30,Beauty,12.51,4,0,50.03,60,1.4,North,PayPal,4.0
ORD100503,2024-09-26,Beauty,40.72,1,0,40.72,27,,South,Cash on Delivery,2.0
ORD103954,2024-03-09,Sports,76.51,2,0,153.01,32,5.0,Central,Debit Card,7.0
ORD104348,2024-07-14,Electronics,430.7,5,0,2153.52,28,3.6,South,Credit Card,6.0
ORD100380,2023-01-04,Electronics,333.03,2,20,532.85,21,3.3,East,Debit Card,6.0
ORD101851,2023-07-05,Electronics,173.24,4,0,692.95,69,4.8,Central,Credit Card,9.0
ORD101525,2023-02-04,Groceries,4.54,2,0,9.09,18,3.9,North,Credit Card,2.0
ORD102365,2023-03-04,Electronics,235.35,2,30,329.49,46,3.1,Central,UPI,7.0
ORD104722,2024-11-21,Home & Kitchen,114.89,5,0,574.43,20,3.4,North,Debit Card,5.0
ORD103052,2024-07-03,Clothing,43.06,1,15,36.6,46,3.6,West,Credit Card,2.0
ORD102884,2023-09-17,Clothing,30.9,4,20,98.88,49,3.0,North,PayPal,4.0
ORD102340,2023-11-06,Toys,5.12,4,5,19.47,29,3.9,South,Credit Card,6.0
ORD100374,2024-10-09,Electronics,181.1,1,0,181.1,44,3.4,East,Credit Card,3.0
ORD103326,2023-04-28,Sports,86.33,2,10,155.4,41,4.1,South,Cash on Delivery,4.0
ORD102381,2023-11-25,Books,15.24,4,10,54.86,53,4.6,North,Credit Card,5.0
ORD104353,2023-10-30,Home & Kitchen,110.07,4,15,374.24,65,4.2,North,UPI,5.0
ORD100939,2024-01-07,Books,16.73,1,15,14.22,36,4.5,North,Credit Card,2.0
ORD104654,2023-03-31,Beauty,36.95,4,10,133.02,33,3.7,East,Credit Card,7.0
ORD104207,2024-11-15,Books,22.97,3,15,58.58,19,4.1,West,Credit Card,9.0
ORD102799,2023-10-18,Electronics,173.89,1,15,147.8,37,5.0,Central,Cash on Delivery,6.0
ORD102147,2024-11-15,Electronics,261.12,3,30,548.35,18,3.6,North,PayPal,6.0
ORD103891,2024-11-07,Sports,30.01,2,5,57.02,60,5.0,Central,Debit Card,2.0
ORD104585,2024-03-22,Beauty,48.35,1,10,43.51,60,2.4,South,PayPal,1.0
ORD104259,2023-01-19,Clothing,40.53,4,0,162.12,47,4.3,West,PayPal,3.0
ORD102068,2023-08-30,Books,18.68,3,0,56.05,39,4.2,East,Credit Card,2.0
ORD100529,2024-11-04,Clothing,59.46,1,15,50.54,39,3.9,East,Debit Card,6.0
ORD103803,2023-01-16,Electronics,205.9,4,0,823.6,52,4.5,South,Credit Card,4.0
ORD100636,2023-06-22,Toys,44.11,1,10,39.7,45,5.0,East,UPI,5.0
ORD101269,2023-02-05,Sports,57.62,1,10,51.86,33,,South,UPI,6.0
ORD100185,2023-11-23,Sports,79.66,4,15,270.84,21,5.0,Central,PayPal,3.0
ORD103892,2023-11-15,Clothing,56.97,4,5,216.48,22,4.8,North,Debit Card,4.0
ORD103244,2024-06-16,Sports,27.45,4,0,109.81,31,4.5,Central,PayPal,4.0
ORD104523,2024-12-22,Home & Kitchen,41.8,3,0,125.39,39,4.0,West,Debit Card,3.0
ORD101797,2023-05-16,Books,21.01,2,10,37.81,59,4.2,North,PayPal,6.0
ORD102979,2023-12-14,Groceries,15.92,1,30,11.14,42,,North,Credit Card,4.0
ORD101441,2024-01-10,Electronics,254.83,3,0,764.5,32,4.1,Central,PayPal,4.0
ORD104093,2023-11-22,Beauty,47.96,1,15,40.76,61,3.8,West,Debit Card,4.0
ORD104924,2023-08-30,Beauty,41.57,5,0,207.85,63,4.1,South,Cash on Delivery,5.0
ORD101535,2023-01-23,Clothing,64.43,1,5,61.21,43,4.3,South,PayPal,4.0
ORD103711,2024-12-31,Beauty,52.44,4,15,178.3,30,3.9,South,PayPal,7.0
ORD103188,2023-02-13,Beauty,31.6,2,0,63.19,62,5.0,West,UPI,4.0
ORD101273,2024-05-08,Beauty,43.64,2,0,87.27,69,2.9,West,UPI,3.0
ORD102467,2024-05-11,Clothing,49.29,3,10,133.08,60,4.3,South,Debit Card,8.0
ORD100607,2024-01-11,Sports,42.57,2,5,80.88,53,4.3,West,Debit Card,5.0
ORD103455,2024-09-24,Sports,73.48,1,5,69.81,52,4.6,West,Credit Card,4.0
ORD101712,2024-10-05,Home & Kitchen,59.76,1,0,59.76,27,4.8,West,Debit Card,4.0
ORD102199,2023-05-03,Beauty,29.42,1,20,23.54,66,3.0,East,Credit Card,9.0
ORD100955,2024-03-22,Beauty,40.89,2,10,73.6,25,4.1,South,PayPal,5.0
ORD102579,2024-02-20,Sports,72.77,1,10,65.49,37,,North,Credit Card,5.0
ORD104609,2023-11-15,Electronics,235.46,4,0,941.83,42,4.1,Central,PayPal,9.0
ORD104469,2024-07-01,Books,15.09,1,20,12.07,40,5.0,East,Credit Card,3.0
ORD104315,2023-07-21,Electronics,191.32,3,20,459.18,57,3.9,West,Credit Card,4.0
ORD103758,2023-02-28,Home & Kitchen,123.19,2,20,197.1,38,3.7,East,PayPal,7.0
ORD100403,2024-12-11,Groceries,14.44,5,0,72.22,28,3.7,East,Debit Card,5.0
ORD102071,2024-04-18,Toys,30.59,1,10,27.53,41,4.7,East,Credit Card,5.0
ORD104804,2024-05-20,Books,19.81,2,0,39.63,27,3.6,East,Debit Card,4.0
ORD101977,2023-09-08,Clothing,18.5,1,5,17.57,55,3.9,East,Credit Card,5.0
ORD100158,2024-01-05,Electronics,194.81,1,0,194.81,31,3.2,East,Debit Card,6.0
ORD101748,2024-08-11,Electronics,341.95,1,10,307.76,43,,South,Credit Card,7.0
ORD102909,2023-09-12,Beauty,30.98,1,0,30.98,50,4.5,South,UPI,6.0
ORD103604,2024-11-06,Home & Kitchen,107.03,5,15,454.86,27,2.8,South,Debit Card,5.0
ORD100902,2023-06-10,Home & Kitchen,49.2,5,0,246.0,38,2.8,Central,Debit Card,5.0
ORD100352,2023-08-07,Beauty,26.49,2,0,52.98,21,5.0,East,Credit Card,3.0
ORD101230,2024-08-23,Groceries,10.95,4,0,43.81,47,4.2,South,PayPal,7.0
ORD104717,2024-12-24,Sports,70.24,5,0,351.18,63,3.4,North,Debit Card,8.0
ORD102140,2024-05-27,Electronics,308.74,5,0,1543.72,53,3.1,East,Credit Card,2.0
ORD100444,2024-01-07,Clothing,14.51,5,15,61.65,45,4.0,North,Debit Card,2.0
ORD104998,2024-05-11,Sports,45.93,4,25,137.78,47,3.0,West,PayPal,6.0
ORD100754,2024-02-10,Electronics,370.65,2,30,518.91,56,3.8,West,Debit Card,7.0
ORD101737,2023-03-14,Toys,18.79,1,0,18.79,37,4.4,West,Credit Card,6.0
ORD102971,2023-02-07,Electronics,362.31,3,5,1032.6,39,2.6,Central,Credit Card,7.0
ORD100486,2023-09-02,Electronics,334.89,3,0,1004.67,30,3.9,South,UPI,5.0
ORD102920,2023-08-27,Clothing,32.17,2,25,48.26,61,3.4,West,Credit Card,3.0
ORD100311,2024-05-06,Toys,31.02,5,5,147.36,58,4.3,North,Debit Card,4.0
ORD100548,2024-01-13,Toys,24.47,4,0,97.88,61,3.8,East,Credit Card,5.0
ORD100661,2024-06-21,Groceries,24.08,2,0,48.16,44,4.1,Central,Credit Card,4.0
ORD104810,2023-05-29,Clothing,46.31,4,20,148.18,61,3.3,East,Debit Card,2.0
ORD101989,2024-11-06,Books,14.04,4,20,44.92,52,3.7,East,Credit Card,4.0
ORD100306,2023-08-09,Clothing,40.8,3,15,104.04,41,5.0,East,Debit Card,3.0
ORD102335,2024-01-29,Beauty,54.81,4,0,219.23,61,5.0,Central,UPI,
ORD100694,2023-03-07,Sports,24.61,3,25,55.37,59,2.1,Central,Debit Card,4.0
ORD102356,2023-10-28,Home & Kitchen,32.41,3,0,97.24,59,3.4,East,PayPal,4.0
ORD101927,2023-04-02,Electronics,85.6,2,10,154.08,27,3.6,East,UPI,7.0
ORD100684,2023-05-04,Electronics,271.73,4,15,923.9,23,,West,Credit Card,4.0
ORD100749,2023-04-26,Home & Kitchen,89.2,5,30,312.2,53,5.0,West,PayPal,6.0
ORD103559,2023-12-08,Toys,9.8,1,5,9.31,36,5.0,North,UPI,5.0
ORD103312,2024-11-10,Sports,56.8,2,15,96.56,24,4.1,South,Credit Card,5.0
ORD101266,2023-02-10,Home & Kitchen,88.36,2,10,159.04,36,3.3,East,PayPal,7.0
ORD103351,2024-11-17,Toys,20.26,3,15,51.66,44,2.6,Central,Credit Card,3.0
ORD103599,2024-03-30,Electronics,348.54,5,0,1742.72,29,3.8,Central,Cash on Delivery,5.0
ORD104467,2024-11-25,Electronics,306.69,3,20,736.05,29,3.6,South,Credit Card,6.0
ORD104062,2024-04-07,Electronics,330.04,5,5,1567.68,49,4.8,Central,Credit Card,6.0
ORD103083,2023-06-25,Sports,61.44,2,10,110.6,62,5.0,Central,Credit Card,8.0
ORD103061,2023-08-14,Clothing,49.32,3,30,103.58,26,2.3,North,Cash on Delivery,5.0
ORD103025,2024-04-03,Toys,36.3,1,10,32.67,42,4.7,East,Debit Card,8.0
ORD100970,2023-08-07,Home & Kitchen,103.54,3,5,295.09,23,5.0,East,Debit Card,5.0
ORD100013,2024-07-10,Electronics,159.24,1,5,151.28,37,3.8,South,Cash on Delivery,8.0
ORD100873,2023-04-02,Electronics,307.82,3,0,923.45,37,3.0,Central,UPI,5.0
ORD100808,2023-10-13,Books,12.99,4,10,46.77,33,4.3,West,Debit Card,6.0
ORD103198,2024-12-16,Toys,,1,10,18.01,61,3.2,Central,Credit Card,7.0
ORD100514,2024-12-02,Clothing,38.2,5,0,190.98,47,4.0,East,Credit Card,5.0
ORD104517,2023-02-12,Electronics,310.84,1,20,248.67,59,4.0,Central,UPI,9.0
ORD100409,2023-01-11,Books,15.98,2,0,31.95,29,4.8,North,Credit Card,7.0
ORD104153,2024-12-14,Home & Kitchen,49.21,4,25,147.64,47,3.2,North,Credit Card,10.0
ORD104386,2023-07-10,Home & Kitchen,125.38,1,20,100.31,68,3.5,South,Debit Card,
ORD100207,2024-12-09,Clothing,51.79,2,5,98.4,30,4.7,North,PayPal,9.0
ORD103289,2023-05-16,Home & Kitchen,77.24,3,5,220.13,45,4.1,South,PayPal,6.0
ORD100458,2024-09-06,Clothing,61.68,5,25,231.29,36,4.5,West,UPI,5.0
ORD103541,2024-02-29,Electronics,260.37,3,0,781.12,64,3.2,East,Credit Card,4.0
ORD102430,2023-04-07,Beauty,46.05,2,15,78.28,67,3.8,West,Credit Card,9.0
ORD104650,2023-10-18,Books,20.12,3,10,54.32,18,3.7,Central,UPI,6.0
ORD100110,2023-07-22,Toys,13.83,2,5,26.27,36,3.0,South,UPI,7.0
ORD103819,2024-10-14,Books,15.81,3,0,47.43,29,3.6,Central,PayPal,7.0
ORD101107,2024-10-25,Clothing,48.66,5,0,243.3,22,,Central,UPI,1.0
ORD101883,2024-09-10,Home & Kitchen,140.62,5,10,632.81,41,4.6,North,PayPal,6.0
ORD101713,2024-06-20,Electronics,284.6,3,25,640.35,33,4.3,North,Debit Card,3.0
ORD104036,2024-05-16,Electronics,416.55,2,25,624.83,44,2.8,Central,UPI,8.0
ORD103467,2023-07-08,Clothing,67.54,2,5,128.33,48,4.6,Central,UPI,3.0
ORD100552,2024-08-28,Sports,43.48,3,15,110.88,48,3.1,East,Debit Card,3.0
ORD101439,2024-11-29,Electronics,325.58,4,25,976.75,43,3.9,East,Debit Card,5.0
ORD102270,2023-08-23,Sports,62.13,5,15,264.04,22,4.8,South,Cash on Delivery,7.0
ORD103144,2024-07-12,Sports,88.06,4,0,352.25,59,5.0,North,Cash on Delivery,6.0
ORD102821,2024-08-29,Sports,38.88,3,5,110.81,46,4.8,West,Credit Card,7.0
ORD104830,2023-09-12,Electronics,341.47,5,30,1195.16,52,4.2,South,PayPal,4.0
ORD101925,2023-04-07,Clothing,33.28,1,15,28.29,26,2.2,East,Credit Card,5.0
ORD100634,2023-05-14,Sports,86.83,3,5,247.47,33,5.0,West,Debit Card,6.0
ORD104854,2023-02-10,Home & Kitchen,77.45,4,20,247.85,31,4.7,South,Credit Card,3.0
ORD100316,2024-06-17,Clothing,15.95,5,0,79.75,34,3.9,Central,Debit Card,6.0
ORD104260,2023-06-15,Electronics,267.81,2,20,428.5,61,1.6,South,PayPal,5.0
ORD104747,2023-07-03,Electronics,354.01,5,5,1681.55,39,4.2,West,Cash on Delivery,7.0
ORD101328,2024-05-08,Groceries,5.37,5,25,20.12,64,5.0,East,PayPal,7.0
ORD100427,2024-08-10,Books,5.11,2,0,10.21,45,5.0,South,PayPal,4.0
ORD103442,2023-11-29,Electronics,345.28,1,20,276.23,53,5.0,West,PayPal,7.0
ORD100105,2024-07-29,Electronics,268.75,4,15,913.76,57,5.0,East,Credit Card,4.0
ORD103041,2023-08-01,Books,3.69,5,20,14.74,39,2.8,West,Debit Card,6.0
ORD100142,2023-07-22,Books,14.38,3,0,43.13,68,3.7,North,PayPal,3.0
ORD102169,2024-12-16,Clothing,38.4,2,0,76.8,57,4.6,West,Cash on Delivery,8.0
ORD103396,2023-11-28,Electronics,204.21,3,15,520.73,37,2.3,North,PayPal,4.0
ORD100089,2024-08-31,Home & Kitchen,158.52,3,10,428.02,66,,Central,Debit Card,7.0
ORD102918,2024-09-12,Electronics,338.62,3,15,863.48,28,4.3,Central,Credit Card,3.0
ORD103237,2024-12-27,Sports,65.79,5,0,328.94,68,3.1,West,Debit Card,3.0
ORD102241,2024-04-29,Clothing,34.26,5,15,145.58,22,3.8,North,Credit Card,6.0
ORD103174,2024-12-28,Home & Kitchen,68.5,2,0,136.99,27,2.7,South,Debit Card,6.0
ORD103480,2024-08-07,Home & Kitchen,45.4,5,0,227.0,29,4.9,South,Credit Card,2.0
ORD102163,2024-10-29,Electronics,475.23,3,15,1211.83,57,4.0,North,PayPal,7.0
ORD102636,2023-09-03,Electronics,341.26,4,15,1160.29,18,4.7,North,PayPal,7.0
ORD101949,2023-08-24,Electronics,455.81,2,5,866.05,44,3.1,Central,Credit Card,4.0
ORD101768,2023-02-19,Beauty,57.96,1,30,40.57,62,3.4,Central,Credit Card,4.0
ORD103349,2024-07-24,Beauty,27.82,3,25,62.59,40,4.7,West,Cash on Delivery,2.0
ORD102272,2023-08-06,Electronics,244.8,4,15,832.32,32,5.0,Central,Debit Card,3.0
ORD100001,2024-07-19,Sports,34.48,4,5,131.02,47,5.0,South,Credit Card,4.0
ORD104602,2023-08-17,Books,17.46,4,20,55.88,69,3.3,Central,PayPal,7.0
ORD102468,2023-01-20,Electronics,193.17,1,15,164.19,32,5.0,East,Debit Card,5.0
ORD101951,2024-03-20,Groceries,4.35,2,20,6.96,39,4.9,West,PayPal,1.0
ORD100935,2024-11-18,Books,13.78,3,30,28.94,42,4.2,East,PayPal,2.0
ORD104340,2023-02-07,Sports,65.53,5,10,294.87,63,,West,Cash on Delivery,5.0
ORD102720,2024-04-03,Electronics,108.3,3,20,259.92,24,4.2,North,Credit Card,8.0
ORD103543,2024-07-20,Groceries,9.02,2,0,18.04,53,3.2,South,Credit Card,1.0
ORD101109,2023-02-02,Clothing,44.15,1,15,37.52,53,2.8,Central,Debit Card,5.0
ORD103659,2023-12-27,Groceries,23.71,1,5,22.53,28,2.3,West,PayPal,8.0
ORD100591,2024-10-21,Toys,33.63,2,30,47.09,30,3.7,Central,PayPal,6.0
ORD101695,2024-05-13,Home & Kitchen,123.54,2,5,234.72,67,5.0,East,PayPal,2.0
ORD103518,2024-05-10,Beauty,29.77,3,10,80.38,47,2.8,West,Debit Card,6.0
ORD102936,2024-07-15,Beauty,30.63,1,25,22.97,53,,South,Credit Card,6.0
ORD104247,2023-05-22,Home & Kitchen,73.26,5,15,311.35,19,3.6,South,PayPal,6.0
ORD103479,2024-07-23,Sports,99.11,2,5,188.31,56,4.8,Central,Credit Card,5.0
ORD101576,2024-02-05,Sports,75.12,5,10,338.04,69,4.0,East,PayPal,4.0
ORD104032,2023-07-16,Sports,52.82,5,20,211.27,52,2.9,North,UPI,5.0
ORD100213,2023-11-25,Electronics,302.03,2,5,573.86,53,5.0,Central,Credit Card,5.0
ORD100778,2023-07-18,Clothing,46.57,1,20,37.26,61,3.8,South,PayPal,3.0
ORD101415,2024-07-26,Clothing,55.49,1,20,44.4,27,4.0,East,UPI,3.0
ORD103832,2024-08-13,Home & Kitchen,82.89,2,20,132.62,37,5.0,West,UPI,6.0
ORD102043,2024-07-01,Home & Kitchen,90.85,4,0,363.38,57,4.9,West,PayPal,3.0
ORD102848,2023-07-24,Sports,23.43,1,5,22.26,23,4.4,West,Cash on Delivery,8.0
ORD104582,2023-05-01,Beauty,35.85,2,5,68.12,49,4.0,Central,Debit Card,8.0
ORD103575,2024-05-16,Home & Kitchen,69.33,3,25,155.99,43,5.0,South,UPI,5.0
ORD103886,2023-03-02,Clothing,38.24,2,10,68.83,33,2.4,North,Debit Card,5.0
ORD101567,2024-03-17,Sports,38.67,3,0,116.02,36,4.7,West,Credit Card,6.0
ORD100165,2024-08-18,Beauty,46.77,2,0,93.55,42,4.4,South,Credit Card,5.0
ORD104762,2023-03-13,Books,19.18,4,0,76.74,59,3.6,Central,PayPal,7.0
ORD103655,2023-12-19,Electronics,189.43,5,10,852.45,57,3.9,East,Credit Card,4.0
ORD104976,2024-02-24,Home & Kitchen,102.14,4,10,367.71,32,4.4,West,Credit Card,5.0
ORD101343,2024-02-25,Books,22.0,3,0,66.01,47,5.0,South,PayPal,2.0
ORD102013,2024-11-04,Electronics,87.05,3,30,182.81,48,3.3,West,PayPal,5.0
ORD100273,2024-12-01,Electronics,146.31,1,5,138.99,26,4.3,West,Debit Card,5.0
ORD100071,2023-05-19,Books,22.39,3,0,67.16,32,5.0,West,UPI,4.0
ORD103964,2023-05-27,Books,26.41,1,10,23.77,27,2.5,South,Credit Card,5.0
ORD101087,2024-12-24,Home & Kitchen,69.0,3,30,144.91,45,4.1,South,Debit Card,2.0
ORD100394,2024-06-10,Groceries,10.25,3,0,30.75,51,2.8,North,Credit Card,6.0
ORD100583,2023-02-07,Beauty,32.36,2,0,64.71,18,5.0,West,UPI,5.0
ORD101367,2023-11-28,Clothing,67.0,3,0,200.99,68,4.2,Central,Credit Card,4.0
ORD104315,2023-07-21,Electronics,191.32,3,20,459.18,57,3.9,West,Credit Card,4.0
ORD104689,2024-06-13,Sports,63.83,3,20,153.19,54,4.8,South,Debit Card,4.0
ORD102548,2023-12-10,Electronics,295.02,1,20,236.02,64,4.5,Central,Debit Card,7.0
ORD101013,2023-08-18,Groceries,10.93,1,25,8.2,63,5.0,Central,Debit Card,4.0
ORD104947,2024-01-15,Clothing,45.38,4,20,145.21,18,2.9,North,Cash on Delivery,4.0
ORD103003,2024-12-03,Sports,74.06,4,10,266.63,48,4.5,South,UPI,7.0
ORD104837,2023-02-19,Home & Kitchen,76.44,4,0,305.75,27,3.7,West,Debit Card,4.0
ORD104594,2024-03-26,Sports,54.62,2,10,98.31,49,2.5,North,Debit Card,6.0
ORD104525,2023-12-02,Home & Kitchen,84.38,1,15,71.72,21,2.6,Central,UPI,4.0
ORD101763,2024-03-15,Beauty,28.97,2,0,57.93,56,3.9,East,Debit Card,4.0
ORD101875,2023-03-30,Electronics,202.39,1,20,161.91,63,4.0,South,Debit Card,4.0
ORD101259,2024-08-09,Electronics,86.99,4,0,347.97,31,5.0,West,Credit Card,4.0
ORD103344,2024-01-29,Home & Kitchen,88.46,4,0,353.85,46,3.6,East,UPI,8.0
ORD104575,2024-07-12,Home & Kitchen,70.14,1,0,70.14,46,5.0,East,Debit Card,4.0
ORD102253,2024-01-02,Home & Kitchen,97.79,3,10,264.04,29,3.6,North,UPI,5.0
ORD102781,2024-11-15,Clothing,61.73,2,20,98.77,30,4.8,Central,Credit Card,4.0
ORD103665,2023-11-26,Sports,73.05,4,5,277.6,25,3.4,East,Credit Card,4.0
ORD100526,2024-11-05,Clothing,7.42,3,10,20.03,37,1.3,North,Credit Card,1.0
ORD104035,2023-01-24,Electronics,224.86,5,15,955.66,62,5.0,East,Credit Card,8.0
ORD102946,2024-03-06,Beauty,41.94,4,0,167.78,40,3.3,East,Credit Card,7.0
ORD100377,2024-06-29,Home & Kitchen,48.13,1,10,43.32,22,2.6,East,PayPal,6.0
ORD101559,2024-09-17,Beauty,33.52,4,15,113.95,52,3.8,West,PayPal,9.0
ORD103894,2024-03-20,Books,24.14,1,10,21.73,37,2.9,East,Credit Card,6.0
ORD101963,2024-08-21,Groceries,6.14,3,0,18.42,46,2.3,East,Credit Card,2.0
ORD104781,2024-03-08,Electronics,181.74,5,0,908.69,57,5.0,East,Debit Card,4.0
ORD100348,2023-05-13,Beauty,24.35,4,0,97.38,26,3.7,South,UPI,5.0
ORD102434,2023-11-26,Sports,69.35,4,15,235.77,33,1.8,North,PayPal,
ORD102246,2024-02-25,Home & Kitchen,74.89,4,10,269.62,55,4.4,South,PayPal,3.0
ORD104861,2024-08-28,Beauty,28.32,1,15,24.07,40,4.5,East,UPI,7.0
ORD101709,2023-06-05,Electronics,350.73,3,25,789.13,63,,South,Debit Card,8.0
ORD101050,2024-01-07,Toys,27.87,3,20,66.9,45,5.0,Central,Debit Card,5.0
ORD100590,2024-08-08,Toys,35.27,1,15,29.98,48,2.4,North,Credit Card,4.0
ORD100519,2024-03-10,Clothing,63.77,4,0,255.08,32,4.5,South,Credit Card,5.0
ORD103380,2024-08-31,Clothing,60.65,1,0,60.65,49,3.4,South,Cash on Delivery,3.0
ORD104538,2024-09-01,Toys,30.29,2,0,60.58,61,3.3,North,Credit Card,-1.0
ORD104165,2024-05-12,Sports,79.13,3,0,237.4,41,4.0,East,Credit Card,8.0
ORD102477,2023-05-09,Electronics,90.35,4,5,343.32,46,4.5,East,Credit Card,8.0
ORD101083,2024-02-11,Sports,35.98,5,25,134.93,60,3.5,East,UPI,4.0
ORD103661,2023-12-09,Books,25.57,4,0,102.28,59,3.4,North,Debit Card,8.0
ORD104827,2024-01-28,Home & Kitchen,52.19,1,0,52.19,31,3.7,East,Credit Card,7.0
ORD104554,2024-06-02,Electronics,222.77,3,0,668.32,58,5.0,South,Debit Card,5.0
ORD101294,2024-11-26,Books,12.01,3,10,32.44,44,,South,UPI,4.0
ORD101809,2024-12-02,Sports,38.37,5,15,163.09,57,3.5,East,Debit Card,7.0
ORD100791,2023-11-29,Sports,74.96,2,0,149.92,68,5.0,Central,Debit Card,5.0
ORD100792,2024-06-12,Books,24.46,1,0,24.46,21,4.1,North,Credit Card,2.0
ORD104375,2024-03-03,Home & Kitchen,120.56,5,15,512.36,28,5.0,West,UPI,9.0
ORD101855,2024-09-14,Sports,37.78,2,25,56.67,21,4.1,West,UPI,6.0
ORD104806,2023-12-09,Electronics,268.93,4,5,1021.94,63,5.0,East,PayPal,5.0
ORD101980,2024-04-25,Home & Kitchen,89.79,5,5,426.49,26,3.7,West,PayPal,8.0
ORD103233,2023-01-04,Toys,17.8,2,20,28.47,39,3.0,North,PayPal,4.0
ORD103985,2023-09-06,Toys,35.83,2,20,57.32,68,4.2,East,PayPal,1.0
ORD103453,2023-09-12,Electronics,308.52,4,0,1234.08,66,4.0,North,Debit Card,2.0
ORD103328,2023-10-15,Home & Kitchen,84.55,2,10,152.19,61,4.8,East,Credit Card,5.0
ORD101530,2023-03-07,Home & Kitchen,110.88,4,5,421.34,49,3.7,North,Credit Card,5.0
ORD101410,2023-02-14,Home & Kitchen,99.66,4,10,358.79,33,5.0,West,Credit Card,6.0
ORD104338,2024-06-25,Groceries,11.71,4,10,42.15,62,2.2,Central,Credit Card,6.0
ORD104695,2024-09-02,Groceries,15.15,3,10,40.9,18,2.0,West,PayPal,5.0
ORD100083,2024-08-31,Electronics,183.14,1,0,183.14,50,3.5,East,UPI,5.0
ORD100868,2023-11-23,Electronics,297.75,4,5,1131.43,33,4.3,South,Cash on Delivery,5.0
ORD102350,2024-01-29,Electronics,273.73,2,25,410.59,53,2.9,West,Credit Card,4.0
ORD100020,2024-01-01,Electronics,366.9,5,10,1651.07,20,4.0,Central,Debit Card,5.0
ORD103492,2023-09-29,Groceries,13.11,1,0,13.11,59,5.0,East,UPI,
ORD102795,2024-10-31,Books,32.52,4,5,123.56,53,2.9,East,Credit Card,5.0
ORD104617,2024-03-13,Sports,48.07,3,0,144.22,63,3.3,East,Credit Card,5.0
ORD101562,2023-07-01,Electronics,131.91,4,10,474.88,61,4.1,Central,Debit Card,4.0
ORD103093,2023-06-26,Electronics,340.08,3,20,816.18,43,3.8,West,UPI,6.0
ORD103155,2024-09-11,Electronics,275.75,3,15,703.15,43,4.2,West,UPI,6.0
ORD100973,2023-12-13,Home & Kitchen,61.78,4,0,247.12,36,2.7,South,Debit Card,5.0
ORD101710,2023-09-08,Sports,37.5,2,10,67.51,29,3.8,South,Credit Card,2.0
ORD103201,2024-10-29,Electronics,256.11,1,10,230.5,30,4.0,East,PayPal,4.0
ORD104059,2024-03-09,Clothing,39.33,1,15,33.43,28,3.6,East,Cash on Delivery,5.0
ORD104868,2024-11-04,Toys,25.21,5,15,107.14,43,3.2,South,Credit Card,6.0
ORD101098,2023-01-31,Groceries,10.2,2,15,17.34,61,3.9,North,PayPal,5.0
ORD104203,2023-04-06,Electronics,286.57,2,10,515.83,39,3.5,Central,Credit Card,6.0
ORD102844,2023-11-30,Clothing,59.09,5,20,236.36,44,4.3,Central,UPI,9.0
ORD100886,2023-02-08,Books,7.27,4,30,20.37,49,3.9,Central,UPI,5.0
ORD104981,2024-12-02,Toys,20.98,5,30,73.44,27,4.7,East,Debit Card,6.0
ORD103751,2024-08-06,Electronics,204.76,4,10,737.12,42,3.4,Central,Credit Card,3.0
ORD104625,2023-10-09,Groceries,18.94,2,10,34.1,26,5.0,East,Credit Card,4.0
ORD104489,2023-10-10,Electronics,271.72,1,10,244.54,54,3.9,East,PayPal,7.0
ORD104445,2023-11-01,Beauty,46.88,1,15,39.85,63,5.0,Central,Credit Card,7.0
ORD100515,2023-03-18,Sports,103.46,2,20,165.53,65,2.6,South,Debit Card,5.0
ORD104667,2023-04-12,Electronics,139.29,4,10,501.46,20,5.0,North,Debit Card,5.0
ORD100737,2023-09-01,Clothing,48.39,5,5,229.84,65,4.1,North,Credit Card,5.0
ORD101453,2023-06-29,Sports,49.39,3,0,148.16,23,4.2,West,UPI,1.0
ORD104049,2023-11-30,Clothing,21.75,3,30,45.67,59,4.9,East,Debit Card,4.0
ORD104748,2024-09-24,Beauty,34.31,3,20,82.35,51,3.9,South,Credit Card,6.0
ORD102506,2023-12-03,Beauty,18.81,2,10,33.86,37,2.5,North,Credit Card,3.0
ORD102994,2024-07-17,Toys,32.74,3,5,93.3,21,3.9,West,Credit Card,4.0
ORD102126,2023-08-13,Toys,13.96,2,20,22.33,60,2.2,South,PayPal,2.0
ORD102926,2024-03-26,Groceries,13.94,2,30,19.51,31,4.9,Central,UPI,3.0
ORD104794,2023-10-17,Sports,103.63,1,0,103.63,31,4.4,North,Credit Card,5.0
ORD100906,2023-10-28,Home & Kitchen,62.66,5,5,297.65,52,4.3,West,Debit Card,6.0
ORD103720,2024-04-11,Home & Kitchen,120.11,5,10,540.5,20,3.3,East,Credit Card,5.0
ORD101030,2023-12-23,Electronics,332.69,4,15,1131.16,59,5.0,West,PayPal,6.0
ORD102507,2024-03-28,Sports,42.25,3,0,126.75,23,,West,Cash on Delivery,7.0
ORD102428,2024-07-05,Sports,64.49,1,0,64.49,27,4.9,West,Credit Card,4.0
ORD100947,2023-04-09,Beauty,34.44,4,30,96.43,22,4.1,Central,Credit Card,4.0
ORD103879,2023-02-01,Home & Kitchen,67.65,1,20,54.12,62,5.0,West,Credit Card,
ORD100762,2024-11-24,Electronics,373.68,1,0,373.68,49,4.1,West,PayPal,7.0
ORD100715,2024-08-07,Beauty,41.45,4,15,140.94,55,2.0,Central,Credit Card,4.0
ORD100284,2023-11-19,Electronics,330.96,5,0,1654.82,21,5.0,Central,Credit Card,7.0
ORD100686,2023-10-25,Sports,85.96,2,20,137.54,26,4.9,West,Credit Card,3.0
ORD100703,2023-05-06,Sports,92.75,2,0,185.51,65,3.9,North,Credit Card,8.0
ORD103341,2023-08-12,Clothing,53.42,4,5,202.99,21,4.9,South,Credit Card,7.0
ORD102353,2023-12-06,Electronics,307.16,5,15,1305.42,43,3.3,South,PayPal,5.0
ORD102257,2024-04-22,Groceries,13.73,4,0,54.91,39,4.4,North,Cash on Delivery,6.0
ORD103621,2023-06-12,Clothing,39.9,3,15,101.75,20,5.0,West,Credit Card,3.0
ORD100473,2023-12-08,Groceries,13.24,3,10,35.76,59,3.6,South,Credit Card,8.0
ORD100021,2023-09-29,Books,28.69,4,20,91.81,37,4.3,West,PayPal,4.0
ORD102752,2024-03-01,Clothing,29.44,1,10,26.5,41,4.3,West,Credit Card,6.0
ORD100885,2024-06-21,Sports,67.73,4,0,270.92,43,4.7,West,Debit Card,4.0
ORD102448,2024-07-22,Sports,83.15,1,5,78.99,22,4.0,South,Credit Card,6.0
ORD100917,2024-07-27,Beauty,38.04,5,25,142.64,69,4.2,West,Credit Card,7.0
ORD103830,2024-10-17,Home & Kitchen,58.79,5,15,249.84,67,,North,Credit Card,9.0
ORD103824,2024-03-10,Books,20.57,2,5,39.09,49,5.0,South,Credit Card,4.0
ORD102239,2024-10-08,Sports,,5,0,256.35,60,4.0,Central,PayPal,5.0
ORD103918,2023-02-14,Toys,25.04,3,10,67.6,67,4.4,South,UPI,6.0
ORD103395,2024-08-04,Beauty,37.21,4,5,141.4,58,3.3,Central,Credit Card,6.0
ORD101265,2023-01-28,Beauty,12.88,4,5,48.94,41,4.1,East,PayPal,7.0
ORD100483,2024-08-05,Books,27.09,3,0,81.26,49,3.1,North,Credit Card,4.0
ORD104381,2023-03-26,Sports,74.05,4,15,251.75,43,5.0,Central,Cash on Delivery,1.0
ORD102963,2023-02-18,Sports,1.34,1,25,1.01,43,4.3,North,Credit Card,7.0
ORD101219,2023-11-18,Home & Kitchen,82.81,5,0,414.05,58,4.0,East,Credit Card,4.0
ORD100277,2024-07-26,Home & Kitchen,83.32,3,20,199.96,50,3.0,Central,Cash on Delivery,3.0
ORD100988,2023-06-30,Electronics,277.53,2,0,555.05,56,5.0,Central,Credit Card,8.0
ORD102084,2023-04-06,Sports,59.63,4,0,238.53,58,4.0,South,Credit Card,6.0
ORD101245,2024-12-21,Sports,81.2,3,0,243.6,37,4.9,Central,PayPal,5.0
ORD102382,2024-11-01,Books,24.03,2,0,48.06,33,3.4,North,PayPal,6.0
ORD100571,2023-11-01,Groceries,11.76,4,20,37.65,46,3.4,North,Credit Card,6.0
ORD101435,2023-03-16,Clothing,16.27,4,30,45.57,54,5.0,South,PayPal,4.0
ORD100993,2023-11-12,Books,14.8,1,5,14.06,66,5.0,West,UPI,3.0
ORD103520,2024-08-26,Groceries,13.78,3,0,41.33,65,5.0,North,PayPal,3.0
ORD103515,2024-12-11,Electronics,208.18,5,0,1040.89,36,3.8,South,PayPal,7.0
ORD100585,2024-11-07,Clothing,36.71,3,0,110.14,68,3.6,East,Credit Card,6.0
ORD103731,2024-09-20,Home & Kitchen,79.87,2,0,2263.13132729547,40,3.9,East,PayPal,4.0
ORD102514,2023-03-17,Electronics,216.07,1,0,216.07,36,4.5,North,Cash on Delivery,5.0
ORD101349,2024-03-11,Clothing,54.52,3,0,163.57,58,2.9,West,PayPal,6.0
ORD101007,2024-01-04,Beauty,12.27,5,15,52.16,21,4.4,South,Debit Card,7.0
ORD100674,2024-03-30,Sports,52.28,2,5,99.33,47,3.9,North,Debit Card,6.0
ORD102412,2024-11-11,Clothing,64.38,4,0,257.53,18,2.8,East,Debit Card,7.0
ORD102903,2024-03-27,Electronics,290.26,3,0,870.79,25,3.9,South,UPI,6.0
ORD100447,2024-11-29,Beauty,27.92,4,10,100.5,59,5.0,South,UPI,5.0
ORD103542,2023-03-04,Beauty,42.98,5,20,171.91,53,3.4,South,UPI,3.0
ORD103831,2023-05-29,Groceries,,2,0,15.52,19,4.4,West,Credit Card,4.0
ORD103921,2024-03-25,Home & Kitchen,64.57,3,0,193.71,42,3.7,West,Cash on Delivery,7.0
ORD100359,2024-07-01,Home & Kitchen,80.75,3,20,193.79,50,3.6,East,PayPal,5.0
ORD102064,2024-03-06,Electronics,271.98,1,0,271.98,25,4.2,West,Cash on Delivery,6.0
ORD104494,2023-08-13,Beauty,35.04,5,5,166.45,48,2.8,North,Credit Card,7.0
ORD103883,2023-11-29,Beauty,30.07,3,10,81.18,35,4.3,North,PayPal,3.0
ORD101690,2024-07-18,Electronics,488.69,1,10,439.82,63,4.2,East,Credit Card,4.0
ORD104370,2024-02-13,Sports,47.79,1,20,38.23,34,2.9,East,Debit Card,3.0
ORD101548,2023-12-28,Clothing,26.95,3,5,76.82,68,4.2,West,Credit Card,7.0
ORD101247,2023-12-06,Toys,23.59,1,0,23.59,69,5.0,West,PayPal,5.0
ORD101985,2024-08-03,Clothing,43.21,5,0,216.03,41,4.0,Central,Debit Card,5.0
ORD100294,2024-02-03,Toys,27.83,3,0,83.49,25,5.0,South,Cash on Delivery,6.0
ORD101547,2024-09-12,Clothing,38.99,4,20,124.76,55,3.5,South,UPI,3.0
ORD102012,2023-04-22,Toys,31.49,2,0,62.99,53,3.1,East,PayPal,4.0
ORD100588,2024-09-03,Books,14.72,3,15,37.52,21,2.5,North,Credit Card,5.0
ORD103329,2024-11-01,Beauty,38.52,3,20,92.44,47,4.5,South,Credit Card,3.0
ORD102403,2024-02-07,Toys,32.51,1,15,27.63,61,2.5,West,Credit Card,3.0
ORD102129,2023-08-23,Clothing,65.58,4,10,236.1,45,2.9,Central,Debit Card,3.0
ORD104432,2024-10-18,Books,7.76,3,0,23.28,57,2.9,West,Credit Card,6.0
ORD103508,2023-02-12,Beauty,43.65,2,20,69.84,22,3.6,Central,Cash on Delivery,6.0
ORD102410,2024-01-23,Electronics,96.13,3,0,288.38,60,4.1,East,UPI,5.0
ORD102719,2023-04-30,Electronics,184.56,5,10,830.53,24,3.4,South,Debit Card,5.0
ORD104599,2024-06-17,Electronics,271.31,2,5,515.5,38,4.6,West,UPI,3.0
ORD100425,2023-05-27,Books,14.23,5,30,49.8,48,5.0,East,Credit Card,1.0
ORD102582,2023-08-01,Home & Kitchen,78.84,3,0,236.53,61,3.7,North,Credit Card,3.0
ORD101054,2023-02-26,Clothing,29.61,1,30,20.73,36,4.3,West,PayPal,9.0
ORD104044,2023-10-30,Clothing,13.97,5,0,69.83,31,4.8,Central,PayPal,6.0
ORD104607,2023-12-22,Books,19.69,3,10,53.15,32,3.8,South,PayPal,4.0
ORD100556,2024-06-22,Books,16.77,3,10,45.28,39,3.8,Central,Credit Card,2.0
ORD104402,2023-10-20,Sports,100.17,5,10,450.75,47,3.3,East,PayPal,5.0
ORD104015,2023-04-14,Home & Kitchen,100.28,2,0,200.56,20,3.2,South,Credit Card,7.0
ORD104760,2024-12-07,Toys,50.31,4,5,191.18,58,4.9,Central,UPI,5.0
ORD102469,2023-06-06,Sports,99.6,3,10,268.92,32,4.2,Central,PayPal,4.0
ORD104758,2023-11-27,Sports,69.57,5,30,243.48,53,3.8,West,PayPal,4.0
ORD100355,2024-12-26,Groceries,16.1,3,15,41.06,54,3.4,South,UPI,2.0
ORD101193,2024-05-28,Books,17.76,1,0,17.76,68,3.9,East,PayPal,5.0
ORD101716,2024-04-17,Sports,110.55,4,30,309.55,52,,West,Credit Card,8.0
ORD103416,2024-03-25,Beauty,3.21,2,0,6.43,26,4.3,West,Cash on Delivery,5.0
ORD102604,2024-07-08,Beauty,57.52,3,15,146.67,55,4.3,Central,Cash on Delivery,5.0
ORD104577,2023-05-27,Groceries,20.81,5,10,93.66,25,2.8,North,PayPal,7.0
ORD102828,2024-04-02,Home & Kitchen,67.62,2,30,94.67,24,3.8,South,Credit Card,3.0
ORD101704,2024-11-03,Beauty,27.97,1,5,26.57,59,4.8,Central,Cash on Delivery,3.0
ORD102863,2024-03-23,Toys,32.1,5,0,160.52,35,5.0,Central,Cash on Delivery,6.0
ORD102618,2024-04-24,Electronics,290.67,5,0,1453.34,25,3.8,West,Credit Card,6.0
ORD102400,2023-01-05,Home & Kitchen,103.5,3,10,279.46,55,2.0,North,Credit Card,3.0
ORD102139,2023-10-20,Clothing,65.62,3,20,157.5,20,4.5,East,Credit Card,5.0
ORD103239,2023-01-29,Clothing,39.86,3,15,101.65,30,2.2,North,UPI,4.0
ORD102383,2023-10-15,Clothing,44.03,1,10,39.63,38,,East,PayPal,
ORD103218,2024-12-21,Electronics,64.14,4,5,243.72,64,3.4,East,Credit Card,7.0
ORD103817,2024-08-09,Sports,51.22,4,25,153.66,29,4.2,West,Cash on Delivery,5.0
ORD101285,2023-02-05,Groceries,17.11,2,20,27.37,27,3.0,Central,Cash on Delivery,2.0
ORD103869,2024-06-04,Sports,54.25,4,10,195.28,66,3.5,Central,UPI,3.0
ORD103914,2024-07-31,Books,8.46,4,0,33.84,50,4.5,East,Credit Card,2.0
ORD104513,2024-10-27,Sports,67.03,4,0,268.11,63,3.3,North,Cash on Delivery,5.0
ORD102087,2024-04-29,Toys,22.76,1,0,22.76,49,5.0,South,PayPal,5.0
ORD101889,2023-11-25,Books,15.06,2,0,30.12,28,4.2,South,Credit Card,6.0
ORD103576,2024-04-17,Sports,57.83,3,15,147.47,44,3.9,East,Credit Card,5.0
ORD101591,2023-09-11,Beauty,47.24,2,0,94.48,45,3.1,West,UPI,5.0
ORD101346,2024-09-17,Sports,66.17,1,15,56.24,48,4.3,South,PayPal,6.0
ORD104475,2023-08-23,Electronics,198.78,2,0,397.55,21,2.5,West,PayPal,6.0
ORD102162,2023-10-22,Home & Kitchen,69.13,5,0,345.63,40,5.0,Central,Credit Card,2.0
ORD102396,2024-11-22,Clothing,58.26,1,30,40.78,50,4.0,Central,PayPal,7.0
ORD103716,2023-09-13,Books,21.67,3,10,58.5,48,4.1,South,Credit Card,6.0
ORD102271,2023-08-21,Clothing,61.88,3,25,139.23,21,3.6,Central,Debit Card,6.0
ORD104535,2024-01-07,Sports,85.19,5,0,425.93,42,3.4,North,Credit Card,6.0
ORD103111,2024-07-11,Sports,43.92,3,15,111.98,41,3.9,East,PayPal,5.0
ORD101137,2023-09-25,Electronics,159.91,3,20,383.78,18,3.9,North,Cash on Delivery,5.0
ORD103972,2023-04-01,Groceries,17.85,3,15,45.53,18,3.4,South,UPI,8.0
ORD100972,2023-12-15,Books,22.8,3,0,68.41,37,3.1,East,Debit Card,8.0
ORD100795,2023-08-04,Groceries,,4,0,57.68,24,3.7,West,Debit Card,6.0
ORD103020,2023-09-13,Home & Kitchen,63.96,1,10,57.56,20,2.7,North,Credit Card,4.0
ORD101711,2023-12-10,Clothing,53.27,1,20,42.62,44,3.4,South,Credit Card,3.0
ORD103387,2024-06-22,Electronics,160.93,1,0,160.93,25,4.4,East,PayPal,3.0
ORD100036,2024-09-19,Beauty,33.72,2,25,50.57,29,3.8,East,PayPal,3.0
ORD100453,2023-01-19,Toys,30.41,3,0,91.22,29,4.1,East,Credit Card,5.0
ORD100913,2024-12-17,Electronics,191.14,5,15,812.36,61,3.9,North,Cash on Delivery,6.0
ORD104130,2023-01-07,Sports,78.53,1,0,78.53,33,2.5,East,Credit Card,3.0
ORD101199,2024-03-29,Home & Kitchen,105.95,3,20,254.27,52,4.4,North,PayPal,4.0
ORD101274,2024-07-11,Beauty,7.51,5,0,37.57,35,4.1,North,Credit Card,9.0
ORD102375,2024-12-24,Books,21.65,2,5,41.13,18,3.0,South,PayPal,5.0
ORD100037,2024-08-27,Clothing,11.55,3,0,34.66,53,3.5,West,Cash on Delivery,8.0
ORD100974,2023-04-19,Books,20.95,5,0,104.77,21,4.8,South,Debit Card,5.0
ORD103195,2023-05-09,Clothing,36.4,5,15,154.69,45,5.0,South,Debit Card,4.0
ORD100983,2024-04-18,Books,14.76,1,10,13.29,65,3.8,North,Credit Card,6.0
ORD104415,2023-11-20,Toys,22.17,5,0,110.87,51,2.5,Central,Credit Card,5.0
ORD104352,2024-02-07,Sports,53.63,5,25,201.11,61,4.5,West,PayPal,5.0
ORD101418,2024-09-21,Sports,56.93,3,0,170.78,22,4.8,Central,Cash on Delivery,5.0
ORD103332,2023-07-01,Clothing,35.15,5,25,131.81,42,3.9,Central,PayPal,7.0
ORD101560,2023-08-01,Groceries,9.58,2,0,19.15,42,4.2,East,PayPal,2.0
ORD100039,2024-04-06,Home & Kitchen,85.62,5,5,406.69,57,4.0,South,PayPal,6.0
ORD101486,2023-04-29,Clothing,57.85,2,15,98.35,21,3.6,North,PayPal,6.0
ORD103959,2023-06-07,Sports,57.46,4,5,218.34,39,4.5,South,PayPal,4.0
ORD100169,2023-01-17,Home & Kitchen,69.02,4,10,248.46,43,3.5,North,Credit Card,4.0
ORD101355,2023-12-30,Electronics,315.69,5,0,1578.43,69,3.7,East,Credit Card,7.0
ORD102785,2023-03-27,Electronics,170.96,3,0,512.88,35,4.4,North,Cash on Delivery,3.0
ORD103705,2024-01-01,Sports,83.38,2,15,141.74,49,4.7,West,Credit Card,
ORD104797,2023-04-01,Electronics,289.47,5,30,1013.13,56,4.4,West,Cash on Delivery,6.0
ORD104083,2024-07-29,Electronics,168.6,2,10,303.49,59,4.9,East,PayPal,4.0
ORD102682,2023-10-12,Electronics,257.46,4,0,1029.84,50,3.6,West,Debit Card,5.0
ORD104752,2024-08-12,Toys,22.56,3,15,57.53,42,3.1,Central,UPI,8.0
ORD104103,2023-01-12,Electronics,260.51,5,0,1302.56,18,3.8,South,Debit Card,5.0
ORD101640,2024-06-11,Clothing,18.68,1,10,16.81,36,5.0,South,Debit Card,5.0
ORD101290,2023-06-20,Clothing,27.63,2,0,55.26,68,4.0,West,Credit Card,2.0
ORD101380,2024-12-17,Sports,73.47,5,25,275.5,41,4.3,Central,PayPal,3.0
ORD101933,2024-11-27,Clothing,65.43,1,0,65.43,21,4.1,Central,UPI,5.0
ORD100579,2023-03-16,Clothing,70.99,4,0,283.97,67,2.7,North,Credit Card,2.0
ORD104263,2024-07-07,Sports,60.16,4,20,192.53,52,5.0,Central,Debit Card,8.0
ORD103160,2023-03-28,Home & Kitchen,70.85,3,15,180.66,25,3.5,Central,Cash on Delivery,9.0
ORD102030,2024-02-11,Beauty,33.11,2,25,49.66,30,5.0,West,PayPal,2.0
ORD100892,2024-01-17,Groceries,15.4,2,0,30.8,22,5.0,South,Debit Card,5.0
ORD104909,2024-04-01,Electronics,239.22,1,0,239.22,68,5.0,East,PayPal,3.0
ORD100780,2024-10-03,Sports,46.61,3,10,125.85,25,3.7,East,Cash on Delivery,3.0
ORD100159,2024-07-27,Clothing,64.28,1,0,64.28,24,4.6,Central,Credit Card,6.0
ORD100002,2024-04-23,Groceries,14.11,3,0,42.33,69,3.6,East,Credit Card,7.0
ORD102263,2024-01-13,Home & Kitchen,69.69,3,10,188.17,37,3.6,East,Credit Card,7.0
ORD103216,2023-01-04,Beauty,30.01,5,10,135.05,51,5.0,West,Credit Card,5.0
ORD102109,2023-07-27,Groceries,8.87,1,0,8.87,30,4.3,Central,Credit Card,4.0
ORD100849,2024-03-18,Clothing,79.44,2,5,150.94,69,3.6,East,UPI,11.0
ORD102737,2023-05-18,Electronics,146.68,3,15,374.04,30,3.4,North,UPI,5.0
ORD102466,2023-08-09,Clothing,41.67,1,0,41.67,46,2.7,West,PayPal,5.0
ORD104713,2023-12-24,Books,10.32,1,15,8.77,51,4.6,West,Debit Card,7.0
ORD104834,2024-12-14,Clothing,38.6,5,5,183.36,21,4.2,South,Cash on Delivery,4.0
ORD101596,2024-04-26,Books,8.25,1,0,8.25,52,4.6,East,Cash on Delivery,2.0
ORD101776,2023-08-31,Home & Kitchen,85.14,5,0,425.72,26,3.7,East,UPI,8.0
ORD101913,2024-07-22,Electronics,149.38,1,15,126.97,41,4.7,West,Credit Card,2.0
ORD101043,2023-09-30,Clothing,77.82,4,0,311.27,21,2.9,East,Credit Card,5.0
ORD104761,2024-09-11,Beauty,52.23,5,20,208.94,29,2.5,West,PayPal,4.0
ORD101544,2023-06-18,Home & Kitchen,46.91,5,30,164.19,45,2.1,North,Credit Card,5.0
ORD102736,2024-02-24,Electronics,233.29,2,5,443.25,47,5.0,West,PayPal,8.0
ORD103779,2023-11-23,Electronics,202.81,2,0,405.62,68,5.0,East,PayPal,1.0
ORD104664,2023-08-17,Groceries,5.65,5,0,28.26,62,3.4,North,Credit Card,5.0
ORD100053,2023-12-08,Groceries,22.08,4,10,79.5,53,3.8,Central,UPI,8.0
ORD101796,2024-12-14,Home & Kitchen,103.28,5,0,516.39,42,5.0,North,Cash on Delivery,4.0
ORD103588,2024-04-20,Clothing,45.0,3,5,128.25,69,3.4,East,UPI,3.0
ORD101911,2024-10-11,Electronics,143.68,1,15,122.13,66,3.6,North,Credit Card,7.0
ORD102306,2023-08-27,Home & Kitchen,85.92,4,30,240.58,69,4.7,South,UPI,5.0
ORD102553,2023-05-22,Electronics,285.96,1,0,285.96,49,4.1,South,Debit Card,6.0
ORD102800,2024-08-02,Books,13.5,5,0,67.48,23,3.9,East,Credit Card,2.0
ORD100936,2023-04-26,Clothing,42.37,5,5,201.27,58,4.4,North,Credit Card,7.0
ORD104169,2024-05-08,Toys,32.37,5,0,161.87,52,3.3,North,Debit Card,6.0
ORD100824,2024-03-31,Books,27.51,3,0,82.54,48,4.4,South,UPI,5.0
ORD104782,2023-09-08,Electronics,257.78,1,10,232.0,18,4.0,West,UPI,7.0
ORD103178,2023-06-07,Beauty,32.73,3,5,93.27,32,4.1,Central,Credit Card,7.0
ORD103401,2024-11-01,Electronics,295.88,3,15,754.5,56,4.5,East,Credit Card,7.0
ORD101389,2024-10-26,Clothing,35.52,4,0,142.07,34,2.8,South,Debit Card,8.0
ORD103564,2024-07-25,Clothing,26.46,3,10,71.44,65,4.8,West,PayPal,7.0
ORD104926,2023-10-19,Groceries,22.16,3,10,59.83,68,4.2,East,PayPal,4.0
ORD100884,2024-08-17,Electronics,254.5,1,5,241.77,26,5.0,East,Credit Card,8.0
ORD103878,2023-05-11,Clothing,63.95,1,0,63.95,45,3.6,South,UPI,7.0
ORD103646,2024-04-14,Beauty,32.73,5,20,130.91,68,3.5,North,UPI,9.0
ORD101607,2024-03-10,Sports,78.77,1,5,74.84,30,4.1,West,Debit Card,5.0
ORD101594,2024-05-28,Electronics,86.03,1,25,64.52,61,3.3,West,Cash on Delivery,7.0
ORD100771,2024-12-22,Books,24.53,3,20,58.86,27,4.0,Central,Credit Card,8.0
ORD102611,2024-11-09,Books,15.77,4,5,59.92,69,3.4,Central,Credit Card,7.0
ORD103929,2024-06-24,Electronics,209.66,5,30,733.81,29,3.7,North,PayPal,4.0
ORD102273,2023-12-04,Home & Kitchen,81.57,3,15,208.0,48,3.2,East,PayPal,2.0
ORD101868,2023-01-23,Electronics,387.39,5,0,1936.96,54,3.8,West,Debit Card,7.0
ORD101085,2024-09-05,Beauty,,1,0,29.14,57,4.6,Central,Debit Card,3.0
ORD100010,2024-01-20,Home & Kitchen,118.86,3,10,320.91,63,5.0,South,Credit Card,5.0
ORD103684,2024-12-14,Electronics,308.9,4,20,988.49,40,3.3,South,PayPal,4.0
ORD101325,2023-05-18,Books,23.55,3,15,60.04,24,3.2,North,Debit Card,6.0
ORD103390,2023-07-04,Groceries,12.18,3,15,31.06,18,3.4,West,Debit Card,8.0
ORD101463,2023-02-07,Clothing,49.73,1,25,37.29,59,3.8,North,Cash on Delivery,8.0
ORD100806,2024-02-03,Electronics,330.71,2,10,595.29,37,3.3,North,Debit Card,4.0
ORD103808,2024-01-15,Clothing,33.61,5,15,142.83,65,4.4,Central,PayPal,5.0
ORD104063,2024-01-12,Groceries,11.0,4,20,35.21,68,5.0,East,Debit Card,5.0
ORD103844,2024-11-04,Clothing,59.68,4,15,202.92,57,3.6,North,UPI,6.0
ORD102108,2023-07-25,Electronics,315.53,2,25,473.3,31,4.0,West,Debit Card,2.0
ORD104279,2024-09-09,Sports,80.9,5,0,404.49,60,4.5,Central,UPI,3.0
ORD100589,2024-09-08,Toys,20.72,2,20,33.15,45,3.6,East,Cash on Delivery,6.0
ORD102234,2024-03-06,Toys,23.45,1,0,23.45,41,4.1,East,UPI,7.0
ORD103211,2023-07-21,Books,14.55,4,0,58.2,58,3.6,East,Credit Card,8.0
ORD100963,2023-06-09,Clothing,56.21,2,0,112.43,26,2.6,North,Credit Card,4.0
ORD103415,2023-10-29,Books,4.78,5,5,22.7,58,4.7,Central,Debit Card,3.0
ORD103826,2023-09-04,Toys,26.46,4,10,95.27,63,3.5,Central,Credit Card,4.0
ORD100398,2023-07-25,Sports,45.28,3,30,95.1,41,4.4,East,Credit Card,3.0
ORD102632,2024-10-29,Electronics,216.43,3,15,551.9,65,5.0,East,Credit Card,4.0
ORD104900,2023-09-10,Books,14.98,4,5,56.92,62,3.9,Central,Credit Card,2.0
ORD102996,2023-08-09,Groceries,11.57,3,15,29.49,31,2.3,West,Credit Card,6.0
ORD100704,2023-04-05,Groceries,10.94,2,0,21.89,30,4.1,West,UPI,7.0
ORD100431,2024-06-24,Electronics,324.75,1,10,4140.503242745834,32,5.0,North,Credit Card,2.0
ORD100292,2024-11-28,Sports,35.52,1,0,35.52,52,3.1,North,Debit Card,9.0
ORD104916,2023-03-18,Electronics,336.84,5,20,1347.36,46,5.0,South,Cash on Delivery,7.0
ORD100145,2024-09-15,Toys,31.44,4,15,106.89,59,2.7,South,Cash on Delivery,6.0
ORD104378,2023-05-02,Sports,99.0,3,20,237.6,30,4.7,Central,PayPal,6.0
ORD102033,2024-05-10,Home & Kitchen,72.21,3,10,194.97,31,3.4,North,Debit Card,5.0
ORD104671,2024-05-19,Books,19.92,3,0,59.77,20,3.5,East,UPI,5.0
ORD101165,2023-03-18,Home & Kitchen,73.66,1,30,51.56,34,3.7,North,Credit Card,3.0
ORD103500,2023-02-14,Home & Kitchen,50.49,4,0,201.94,26,3.6,North,Credit Card,2.0
ORD102050,2023-05-06,Electronics,110.01,5,10,495.03,36,2.4,West,Debit Card,3.0
ORD102624,2024-11-04,Books,8.83,2,5,16.78,40,4.1,North,Credit Card,6.0
ORD104422,2024-07-12,Home & Kitchen,110.46,3,15,281.68,59,5.0,North,Debit Card,6.0
ORD100339,2024-11-27,Electronics,305.41,3,25,687.16,58,2.1,North,UPI,2.0
ORD103955,2024-11-20,Beauty,43.25,3,5,123.27,61,3.0,East,Credit Card,6.0
ORD103745,2024-12-21,Electronics,155.91,5,0,779.57,22,5.0,Central,Credit Card,5.0
ORD102973,2024-12-18,Electronics,222.94,3,0,668.83,38,4.7,East,Debit Card,5.0
ORD100265,2024-02-29,Groceries,20.7,5,20,82.8,69,3.8,East,PayPal,6.0
ORD102424,2023-09-12,Home & Kitchen,107.13,3,5,305.33,63,4.5,South,Debit Card,7.0
ORD101262,2023-11-21,Electronics,252.78,4,10,909.99,31,5.0,East,PayPal,5.0
ORD101771,2023-10-03,Home & Kitchen,63.85,1,15,54.27,29,4.0,Central,Credit Card,7.0
ORD103511,2024-02-27,Sports,82.24,1,0,82.24,52,5.0,South,Debit Card,7.0
ORD100271,2023-01-17,Beauty,43.77,5,30,153.19,60,2.7,South,Credit Card,6.0
ORD100696,2024-06-11,Books,7.31,5,10,32.9,53,4.8,East,Debit Card,6.0
ORD100747,2023-08-18,Beauty,50.64,1,20,40.51,43,4.5,East,Debit Card,10.0
ORD100244,2024-04-04,Clothing,51.16,1,0,51.16,43,3.6,West,Cash on Delivery,6.0
ORD100317,2024-06-15,Books,15.6,4,10,56.15,62,4.4,East,Credit Card,5.0
ORD100476,2024-09-11,Sports,27.45,4,0,109.81,55,3.0,South,PayPal,4.0
ORD102032,2023-03-08,Sports,60.15,4,0,240.6,30,5.0,South,Cash on Delivery,6.0
ORD100957,2024-04-08,Toys,54.99,4,10,197.95,23,5.0,Central,Credit Card,5.0
ORD103021,2023-04-06,Clothing,33.85,1,0,33.85,32,4.2,Central,Credit Card,3.0
ORD100813,2023-07-27,Books,23.42,4,0,93.67,18,4.0,West,Debit Card,2.0
ORD104213,2024-06-05,Sports,49.78,4,10,179.22,61,2.9,South,Credit Card,5.0
ORD101914,2023-08-29,Clothing,38.38,2,5,72.93,54,3.1,North,Credit Card,6.0
ORD104648,2023-08-03,Sports,52.65,4,25,157.95,33,4.7,West,Credit Card,8.0
ORD103487,2024-12-01,Clothing,36.84,5,5,175.01,29,3.6,Central,UPI,6.0
ORD101297,2024-05-10,Beauty,28.86,2,20,46.18,50,4.3,Central,Credit Card,3.0
ORD104624,2023-10-14,Clothing,69.58,1,15,59.14,67,3.1,South,Debit Card,4.0
ORD101804,2023-04-04,Electronics,178.11,2,15,302.79,68,4.5,Central,PayPal,7.0
ORD100758,2023-04-04,Books,19.24,5,30,67.35,44,2.7,North,Debit Card,4.0
ORD100250,2023-05-12,Clothing,22.03,2,5,41.87,60,2.7,South,Credit Card,4.0
ORD102461,2023-06-07,Electronics,149.61,4,0,598.46,63,4.3,North,UPI,5.0
ORD100545,2023-02-09,Groceries,9.22,1,10,8.3,58,3.3,North,Debit Card,6.0
ORD103241,2023-06-02,Sports,79.3,5,15,337.01,18,5.0,North,UPI,4.0
ORD100738,2024-06-23,Clothing,53.75,5,0,268.74,62,4.0,Central,UPI,8.0
ORD100310,2024-05-01,Electronics,250.39,3,0,751.18,20,4.6,North,Debit Card,5.0
ORD103853,2023-09-15,Home & Kitchen,81.57,1,15,69.33,36,3.7,South,Credit Card,7.0
ORD102941,2024-11-15,Beauty,32.98,2,0,65.97,32,4.3,East,Debit Card,2.0
ORD101131,2024-05-04,Groceries,22.33,5,20,89.31,54,4.6,North,Credit Card,5.0
ORD101449,2023-03-17,Clothing,67.16,3,20,161.17,66,3.4,Central,Debit Card,6.0
ORD104969,2024-08-19,Books,4.69,3,0,14.06,42,4.2,West,Debit Card,4.0
ORD100015,2024-07-28,Beauty,35.79,1,0,35.79,36,4.8,Central,Credit Card,8.0
ORD103232,2024-05-09,Sports,75.34,3,15,192.11,32,4.2,South,Cash on Delivery,11.0
ORD102769,2024-12-01,Home & Kitchen,64.19,2,0,128.38,66,3.9,Central,Cash on Delivery,6.0
ORD103468,2024-01-19,Sports,25.78,5,15,109.55,64,3.6,South,Credit Card,7.0
ORD100920,2024-09-29,Toys,25.1,1,30,17.57,58,4.8,Central,UPI,5.0
ORD103029,2024-10-16,Beauty,32.79,2,30,45.9,35,3.6,East,Debit Card,5.0
ORD101372,2023-11-25,Electronics,200.82,3,5,572.33,23,3.9,East,PayPal,9.0
ORD103587,2024-05-18,Clothing,32.39,1,15,27.54,66,4.3,North,UPI,5.0
ORD102544,2024-08-11,Clothing,48.38,5,15,205.6,20,4.1,East,Debit Card,4.0
ORD103598,2023-07-28,Sports,71.93,2,0,143.85,33,3.3,Central,Credit Card,7.0
ORD100038,2023-07-22,Electronics,255.0,2,5,484.5,64,2.9,Central,UPI,4.0
ORD100363,2024-10-15,Electronics,214.75,4,0,858.99,61,3.9,South,PayPal,
ORD104700,2024-10-11,Clothing,43.02,1,15,36.57,30,3.5,South,PayPal,4.0
ORD100182,2023-12-30,Electronics,269.24,2,0,538.48,49,4.9,West,PayPal,1.0
ORD103033,2023-03-22,Clothing,72.89,2,5,138.48,25,3.9,East,PayPal,3.0
ORD102983,2024-08-24,Clothing,32.3,4,5,122.74,52,2.9,South,Debit Card,4.0
ORD101194,2024-01-20,Beauty,31.1,3,5,88.63,62,3.5,East,PayPal,4.0
ORD102852,2023-03-25,Sports,55.52,2,25,83.28,61,4.6,East,UPI,6.0
ORD103839,2024-11-27,Sports,26.31,5,5,124.99,51,4.7,East,PayPal,
ORD101121,2023-03-03,Clothing,56.8,4,30,159.04,62,2.8,South,PayPal,5.0
ORD102235,2024-08-01,Beauty,42.34,4,10,152.42,26,5.0,South,UPI,3.0
ORD102667,2024-12-06,Beauty,23.12,4,15,78.61,31,,Central,PayPal,7.0
ORD103161,2024-10-12,Electronics,134.24,1,5,127.53,68,4.2,East,Credit Card,7.0
ORD103223,2024-07-21,Toys,24.05,5,0,120.25,29,2.0,North,Credit Card,6.0
ORD101182,2024-05-19,Home & Kitchen,136.24,5,10,613.1,58,4.3,North,Credit Card,4.0
ORD104226,2023-11-25,Electronics,338.33,5,10,1522.48,21,3.9,North,Credit Card,4.0
ORD104337,2023-08-28,Sports,51.36,2,0,102.72,27,3.8,South,UPI,2.0
ORD100614,2024-05-16,Home & Kitchen,128.61,5,15,546.59,51,3.7,North,PayPal,
ORD104958,2024-11-02,Electronics,361.37,4,0,1445.49,58,4.7,East,UPI,6.0
ORD101466,2024-04-09,Home & Kitchen,92.28,1,15,78.43,43,3.5,West,Credit Card,4.0
ORD100401,2024-07-22,Groceries,21.86,2,25,32.79,48,4.5,West,Credit Card,3.0
ORD103042,2023-08-28,Books,17.42,5,20,69.69,55,3.0,North,UPI,4.0
ORD100934,2023-11-20,Electronics,266.33,4,0,1065.31,38,4.9,West,Debit Card,6.0
ORD102419,2023-11-03,Home & Kitchen,76.26,3,20,183.01,62,4.7,South,Debit Card,8.0
ORD104179,2023-12-08,Home & Kitchen,102.76,4,0,411.06,18,3.7,West,PayPal,8.0
ORD104559,2024-04-18,Home & Kitchen,104.47,4,0,417.88,67,3.8,North,PayPal,6.0
ORD102641,2023-12-29,Books,22.01,3,25,49.52,48,4.1,Central,PayPal,5.0
ORD104096,2024-01-27,Clothing,50.55,5,10,227.46,34,4.3,East,UPI,4.0
ORD100726,2024-06-11,Sports,62.67,2,0,125.34,66,3.1,West,Debit Card,6.0
ORD100826,2024-05-12,Home & Kitchen,109.64,4,5,416.63,47,5.0,Central,UPI,5.0
ORD101521,2024-06-04,Electronics,261.67,2,0,523.34,32,4.0,North,Credit Card,8.0
ORD104793,2023-07-08,Electronics,370.9,1,0,370.9,28,3.8,South,Credit Card,6.0
ORD102930,2023-05-08,Clothing,8.03,3,0,24.1,61,3.8,Central,Credit Card,
ORD100136,2024-03-16,Home & Kitchen,49.04,2,20,78.46,22,4.2,West,Debit Card,5.0
ORD103590,2023-03-23,Electronics,177.86,2,20,284.57,36,5.0,Central,Cash on Delivery,7.0
ORD100628,2024-01-05,Sports,64.21,3,15,163.74,20,,East,PayPal,6.0
ORD100334,2023-12-03,Sports,20.44,2,10,36.79,24,3.7,Central,Credit Card,7.0
ORD100390,2024-06-29,Electronics,214.12,2,15,364.01,36,,South,Credit Card,4.0
ORD104431,2023-03-06,Sports,27.58,1,15,23.44,60,3.1,West,UPI,5.0
ORD104925,2023-03-08,Electronics,197.81,5,0,989.07,30,2.6,West,PayPal,9.0
ORD103906,2024-06-06,Groceries,21.43,3,15,54.64,62,3.4,East,PayPal,6.0
ORD101817,2023-07-04,Beauty,29.39,3,20,70.53,31,3.5,West,Debit Card,5.0
ORD100400,2024-12-30,Clothing,26.78,1,15,22.76,50,2.6,East,UPI,7.0
ORD100710,2024-05-11,Clothing,54.68,1,15,46.48,21,3.5,Central,Cash on Delivery,3.0
ORD101039,2024-08-27,Clothing,33.07,5,15,140.56,45,3.0,North,Credit Card,6.0
ORD104068,2024-06-23,Books,20.84,3,0,62.51,23,2.1,North,Credit Card,5.0
ORD103359,2024-01-21,Clothing,41.07,3,15,104.72,59,3.7,Central,PayPal,5.0
ORD100046,2023-11-22,Groceries,12.87,5,30,45.03,39,3.0,West,UPI,3.0
ORD101561,2023-07-05,Sports,65.5,3,15,167.02,34,4.3,South,Cash on Delivery,3.0
ORD104848,2023-04-22,Clothing,36.72,2,30,51.41,50,5.0,South,PayPal,5.0
ORD103642,2024-11-10,Electronics,254.35,4,0,1017.41,40,2.5,North,PayPal,7.0
ORD103726,2023-03-21,Home & Kitchen,88.74,4,15,301.72,24,4.7,South,Credit Card,2.0
ORD104892,2023-02-12,Electronics,235.01,2,20,376.01,44,3.4,South,Credit Card,7.0
ORD101112,2023-05-21,Books,18.79,4,5,71.38,51,2.3,East,Credit Card,8.0
ORD102513,2024-07-05,Sports,30.1,5,25,112.88,59,5.0,East,PayPal,7.0
ORD103608,2024-03-27,Clothing,29.47,2,10,53.04,64,5.0,North,UPI,5.0
ORD101223,2024-04-23,Home & Kitchen,113.9,5,0,569.5,39,3.9,Central,Credit Card,5.0
ORD104906,2023-07-28,Groceries,20.6,5,20,82.42,61,5.0,North,Credit Card,3.0
ORD103023,2023-05-26,Sports,58.27,5,30,203.93,19,5.0,Central,Credit Card,5.0
ORD102421,2024-07-08,Electronics,497.26,5,25,1864.72,55,5.0,West,Credit Card,6.0
ORD101508,2024-09-23,Electronics,241.21,3,15,615.09,50,4.6,West,Debit Card,4.0
ORD101750,2024-11-11,Clothing,59.46,2,5,112.97,69,3.6,East,Debit Card,8.0
ORD104886,2024-05-20,Books,18.27,2,0,36.55,62,2.1,North,Cash on Delivery,4.0
ORD104137,2023-07-09,Sports,43.32,3,15,110.47,19,4.0,East,Cash on Delivery,8.0
ORD101799,2024-01-17,Sports,79.6,1,0,79.6,56,3.2,East,PayPal,2.0
ORD100338,2023-05-29,Clothing,43.96,2,0,87.92,34,4.8,East,PayPal,9.0
ORD100215,2023-07-19,Clothing,40.01,4,15,136.02,19,3.7,East,PayPal,7.0
ORD103663,2024-12-04,Books,4.92,1,15,4.18,19,3.3,Central,PayPal,3.0
ORD101341,2023-04-11,Sports,36.28,5,5,172.34,64,4.8,North,PayPal,4.0
ORD100011,2024-12-14,Home & Kitchen,98.84,4,0,395.37,65,4.8,East,UPI,9.0
ORD101520,2024-09-23,Clothing,19.01,5,15,80.79,54,3.2,North,Debit Card,5.0
ORD103640,2024-06-11,Electronics,389.57,5,25,1460.9,59,5.0,West,PayPal,6.0
ORD104743,2023-08-27,Beauty,29.36,2,15,49.92,51,,South,Cash on Delivery,8.0
ORD103848,2024-06-25,Home & Kitchen,112.63,4,0,450.5,50,3.9,North,Debit Card,6.0
ORD103004,2024-05-30,Toys,31.94,3,20,76.65,52,3.5,North,Credit Card,6.0
ORD102864,2023-03-05,Toys,13.75,4,0,54.99,26,2.8,Central,Debit Card,3.0
ORD103115,2023-12-30,Clothing,61.46,5,15,261.2,48,,Central,Credit Card,4.0
ORD104889,2023-12-18,Clothing,40.58,5,20,162.3,48,5.0,East,Debit Card,
ORD102322,2023-09-05,Sports,49.18,1,0,49.18,64,3.8,North,UPI,2.0
ORD102571,2024-11-12,Clothing,35.98,5,20,143.93,34,3.2,South,Cash on Delivery,8.0
ORD102913,2023-06-15,Electronics,106.87,2,15,181.68,60,4.0,Central,PayPal,5.0
ORD100101,2023-05-27,Sports,55.21,3,10,149.07,61,5.0,Central,Credit Card,3.0
ORD103549,2024-04-11,Home & Kitchen,137.41,3,20,329.78,55,3.6,South,Debit Card,6.0
ORD101458,2023-07-12,Electronics,119.06,1,10,107.15,49,5.0,South,UPI,5.0
ORD100171,2023-03-07,Home & Kitchen,93.03,2,0,186.06,35,2.2,South,Debit Card,1.0
ORD100107,2024-05-01,Clothing,53.65,5,10,241.42,35,,East,Debit Card,5.0
ORD104239,2023-06-25,Clothing,34.77,1,10,31.29,32,4.5,West,Cash on Delivery,6.0
ORD103569,2023-06-30,Electronics,226.63,1,30,158.64,63,5.0,Central,UPI,4.0
ORD104121,2024-11-22,Clothing,52.99,3,0,158.98,34,3.4,South,PayPal,1.0
ORD104339,2024-01-03,Toys,20.57,5,0,102.84,29,4.7,Central,UPI,7.0
ORD100024,2024-07-25,Toys,17.88,5,5,84.91,41,5.0,North,PayPal,5.0
ORD103936,2024-01-18,Home & Kitchen,112.26,1,0,112.26,35,4.3,West,Debit Card,9.0
ORD104396,2023-08-04,Groceries,7.35,1,0,7.35,35,4.4,North,Credit Card,6.0
ORD100938,2023-12-04,Electronics,364.77,2,0,729.54,59,3.1,West,Credit Card,5.0
ORD100060,2024-11-05,Books,13.43,3,0,40.28,19,,North,UPI,3.0
ORD101240,2024-01-07,Electronics,159.44,1,0,159.44,64,4.0,Central,Cash on Delivery,6.0
ORD104684,2024-01-13,Electronics,127.73,3,5,364.03,64,4.8,Central,Debit Card,5.0
ORD101040,2024-05-31,Toys,4.6,5,0,23.01,48,3.7,North,Credit Card,7.0
ORD104229,2023-01-11,Books,21.51,2,15,36.56,35,3.9,East,Cash on Delivery,1.0
ORD102760,2023-04-08,Sports,7.27,4,10,26.17,18,3.5,South,PayPal,6.0
ORD102120,2024-07-16,Electronics,181.49,3,0,544.47,19,4.9,South,Debit Card,6.0
ORD101524,2024-03-17,Beauty,41.44,2,0,82.88,52,2.3,South,Credit Card,6.0
ORD103521,2023-08-31,Toys,23.02,4,5,87.48,25,2.9,North,Credit Card,4.0
ORD100153,2023-08-03,Beauty,36.82,2,0,73.65,56,,North,Cash on Delivery,2.0
ORD102248,2023-04-24,Toys,28.05,1,0,28.05,66,4.3,Central,PayPal,7.0
ORD100481,2024-08-29,Clothing,35.91,3,0,107.73,64,,East,PayPal,5.0
ORD104763,2023-06-23,Electronics,172.0,5,25,645.0,24,5.0,North,Credit Card,4.0
ORD104349,2023-09-15,Groceries,7.92,1,10,7.13,69,5.0,West,UPI,4.0
ORD103578,2024-10-06,Electronics,444.09,4,10,1598.71,52,5.0,Central,Debit Card,9.0
ORD104167,2023-05-13,Home & Kitchen,90.37,4,15,307.25,29,3.6,West,PayPal,
ORD103562,2023-11-04,Electronics,388.34,4,20,1242.69,48,,East,UPI,4.0
ORD103315,2024-09-10,Beauty,40.84,2,25,61.25,31,4.0,Central,Debit Card,3.0
ORD101762,2023-01-08,Clothing,36.79,1,10,33.11,18,3.2,South,Debit Card,4.0
ORD103538,2024-01-21,Clothing,40.9,2,0,81.79,41,3.0,South,UPI,3.0
ORD104852,2023-03-19,Groceries,16.24,5,0,81.18,23,5.0,East,Debit Card,8.0
ORD100750,2024-12-03,Groceries,11.67,3,25,26.27,61,5.0,South,UPI,3.0
ORD103619,2023-03-05,Electronics,257.37,1,0,257.37,25,4.0,Central,Debit Card,2.0
ORD101785,2023-06-28,Electronics,377.33,3,0,1132.0,58,5.0,East,Credit Card,7.0
ORD104314,2024-07-03,Home & Kitchen,27.73,1,20,22.18,64,4.5,North,Credit Card,3.0
ORD103383,2024-10-29,Groceries,18.94,1,10,17.05,61,4.6,South,Credit Card,4.0
ORD104180,2024-04-22,Sports,81.52,2,20,130.44,21,4.3,Central,Debit Card,7.0
ORD100405,2024-01-02,Sports,32.56,5,0,162.8,30,,East,UPI,5.0
ORD100757,2023-10-08,Clothing,23.23,4,5,88.29,37,3.7,North,Debit Card,2.0
ORD102711,2023-01-18,Clothing,40.4,5,10,181.8,22,4.0,East,Credit Card,2.0
ORD102670,2024-08-01,Sports,79.2,4,0,316.8,25,4.3,West,Credit Card,4.0
ORD104841,2023-04-01,Clothing,41.15,4,15,139.91,49,4.1,Central,Cash on Delivery,8.0
ORD100097,2024-05-13,Home & Kitchen,66.82,4,10,240.55,61,5.0,South,Debit Card,2.0
ORD101333,2024-08-13,Home & Kitchen,67.22,4,5,255.44,31,5.0,East,Debit Card,7.0
ORD104796,2024-01-04,Sports,35.28,4,5,134.07,53,4.0,East,Debit Card,7.0
ORD102791,2023-04-24,Home & Kitchen,84.53,3,25,190.19,31,4.8,West,Debit Card,6.0
ORD102854,2024-06-13,Toys,24.63,2,10,44.34,25,4.7,Central,Credit Card,5.0
ORD100186,2023-05-02,Clothing,10.79,5,0,53.94,36,3.2,West,PayPal,6.0
ORD104082,2024-07-16,Beauty,28.99,1,15,24.64,28,3.4,East,Debit Card,10.0
ORD102723,2023-10-03,Electronics,164.75,3,10,444.82,58,3.5,Central,PayPal,7.0
ORD103583,2023-08-13,Electronics,251.1,4,10,903.95,29,3.3,East,PayPal,3.0
ORD102058,2023-10-16,Electronics,265.83,3,0,797.48,62,4.2,North,Debit Card,6.0
ORD101319,2023-10-18,Toys,21.61,1,15,18.37,24,5.0,West,PayPal,9.0
ORD104241,2023-07-20,Clothing,,4,15,214.46,32,5.0,South,PayPal,7.0
ORD100148,2024-08-23,Sports,43.22,3,0,129.65,35,4.0,Central,Debit Card,7.0
ORD100028,2024-02-03,Beauty,35.64,3,10,96.23,36,4.4,Central,PayPal,4.0
ORD104182,2023-03-15,Books,17.26,2,5,32.8,19,5.0,North,Cash on Delivery,1.0
ORD104088,2024-12-19,Toys,24.8,5,20,99.22,30,3.6,Central,UPI,2.0
ORD103363,2024-08-22,Sports,80.23,3,20,192.54,29,3.5,North,Debit Card,4.0
ORD100692,2024-11-11,Books,13.0,2,15,22.1,52,4.7,South,Cash on Delivery,9.0
ORD102866,2023-08-19,Home & Kitchen,77.13,1,10,69.42,33,4.5,West,Credit Card,10.0
ORD103776,2024-01-25,Electronics,217.35,2,10,391.23,38,4.5,Central,Credit Card,8.0
ORD101386,2024-02-14,Groceries,8.63,5,0,43.14,34,3.2,East,Debit Card,3.0
ORD101845,2024-03-26,Groceries,11.15,1,20,8.92,46,3.3,East,Credit Card,8.0
ORD104902,2024-03-30,Clothing,44.24,1,10,39.82,42,3.9,Central,PayPal,8.0
ORD100129,2024-04-08,Clothing,43.28,5,0,216.38,38,4.1,North,PayPal,8.0
ORD101599,2024-06-01,Toys,38.41,1,5,36.49,30,2.9,North,PayPal,6.0
ORD103629,2024-08-29,Electronics,126.2,2,25,189.3,68,5.0,North,Credit Card,4.0
ORD104661,2024-02-29,Home & Kitchen,75.96,1,5,72.16,32,5.0,East,Cash on Delivery,2.0
ORD100701,2024-03-26,Groceries,18.09,2,20,28.94,54,4.6,North,PayPal,2.0
ORD104060,2023-04-16,Home & Kitchen,18.34,3,5,52.26,47,2.7,South,Cash on Delivery,4.0
ORD103028,2023-06-14,Groceries,7.63,2,5,14.51,55,3.7,West,Cash on Delivery,3.0
ORD102969,2024-04-11,Electronics,363.5,1,5,345.33,46,,West,PayPal,5.0
ORD104400,2023-10-05,Clothing,36.49,2,10,65.67,69,4.7,West,Credit Card,2.0
ORD101708,2023-06-28,Home & Kitchen,92.29,1,10,83.06,45,4.2,West,Credit Card,3.0
ORD102953,2023-11-16,Electronics,196.78,1,20,157.42,60,3.6,East,Debit Card,5.0
ORD100454,2024-03-12,Home & Kitchen,78.32,1,30,54.83,52,4.6,East,Credit Card,4.0
ORD102868,2024-09-20,Beauty,39.07,2,20,62.51,36,4.6,West,Credit Card,4.0
ORD102040,2023-07-31,Electronics,211.78,2,25,317.67,19,5.0,East,Credit Card,6.0
ORD101772,2023-09-23,Beauty,27.78,1,0,27.78,62,3.9,East,Credit Card,3.0
ORD102315,2023-01-01,Electronics,314.05,2,10,565.28,23,4.1,East,UPI,3.0
ORD100609,2024-09-18,Groceries,13.15,1,10,11.84,38,4.9,Central,Credit Card,6.0
ORD100167,2023-05-03,Electronics,260.32,1,0,260.32,53,4.3,East,Debit Card,7.0
ORD100730,2024-06-16,Home & Kitchen,90.21,4,15,306.7,46,4.2,North,UPI,4.0
ORD104292,2023-12-27,Sports,37.29,1,0,37.29,30,4.5,Central,Cash on Delivery,7.0
ORD103358,2023-05-17,Books,22.44,5,5,106.6,27,5.0,East,Credit Card,6.0
ORD103896,2024-01-25,Beauty,42.8,4,30,119.85,22,5.0,Central,Credit Card,2.0
ORD102074,2024-05-24,Toys,27.34,1,0,27.34,37,4.5,East,PayPal,3.0
ORD104111,2023-12-17,Clothing,31.12,4,25,93.37,25,4.4,East,Credit Card,5.0
ORD103700,2023-04-22,Home & Kitchen,75.39,3,10,203.56,61,5.0,West,Debit Card,3.0
ORD101622,2024-11-06,Toys,41.24,1,0,41.24,53,2.2,North,UPI,5.0
ORD100587,2023-03-14,Home & Kitchen,110.3,4,5,419.15,24,4.5,West,UPI,8.0
ORD101401,2023-06-26,Beauty,27.83,2,0,55.66,69,3.6,South,Credit Card,5.0
ORD103045,2024-10-07,Clothing,15.16,3,15,38.66,62,2.4,Central,Credit Card,4.0
ORD103224,2024-03-20,Beauty,26.62,1,0,26.62,29,3.8,South,UPI,8.0
ORD101700,2023-07-13,Electronics,232.54,5,25,872.01,49,4.6,East,UPI,4.0
ORD103088,2023-06-19,Home & Kitchen,39.59,1,5,37.61,43,4.9,West,Credit Card,5.0
ORD104434,2024-03-03,Sports,36.6,3,10,98.83,34,4.6,North,Credit Card,5.0
ORD102981,2023-02-14,Electronics,216.4,2,0,432.81,35,3.0,Central,Credit Card,10.0
ORD100040,2023-05-01,Home & Kitchen,,4,0,204.16,63,2.7,South,PayPal,5.0
ORD101379,2024-01-31,Home & Kitchen,102.72,1,30,71.9,22,3.2,West,Debit Card,3.0
ORD102089,2023-01-15,Toys,14.97,3,0,44.92,18,4.0,West,UPI,5.0
ORD103924,2024-04-11,Electronics,262.67,2,20,420.26,57,4.7,East,Credit Card,1.0
ORD102175,2024-07-11,Electronics,313.79,1,0,313.79,34,5.0,Central,Debit Card,3.0
ORD103217,2023-11-11,Groceries,24.05,2,20,38.49,36,3.9,Central,PayPal,8.0
ORD102885,2023-04-23,Beauty,20.98,5,0,104.91,47,3.5,East,Credit Card,4.0
ORD100074,2024-05-16,Books,17.43,3,0,52.29,61,5.0,North,PayPal,6.0
ORD103986,2023-08-15,Clothing,66.3,4,10,238.68,22,3.3,Central,Debit Card,1.0
ORD103967,2023-06-26,Sports,57.29,4,25,171.87,28,2.8,West,Credit Card,3.0
ORD102657,2023-07-17,Books,16.94,3,25,38.12,30,4.1,West,PayPal,5.0
ORD103180,2023-06-13,Toys,23.11,2,5,43.91,40,3.4,South,Credit Card,8.0
ORD102076,2023-12-06,Beauty,67.82,3,0,203.45,55,4.4,Central,Debit Card,2.0
ORD100441,2023-08-08,Clothing,53.27,5,10,239.73,60,4.6,South,Debit Card,3.0
ORD104118,2023-06-01,Clothing,63.11,1,10,56.8,23,5.0,Central,UPI,3.0
ORD102051,2023-08-10,Sports,75.95,1,10,68.35,60,5.0,West,PayPal,3.0
ORD102541,2024-12-10,Electronics,105.27,2,10,189.48,51,3.7,North,Debit Card,2.0
ORD103306,2023-07-21,Sports,57.35,4,10,206.45,37,3.4,North,Credit Card,4.0
ORD101301,2023-10-21,Electronics,238.37,1,0,238.37,34,4.5,West,Cash on Delivery,2.0
ORD101781,2023-09-06,Clothing,40.84,3,15,104.14,52,3.4,South,Credit Card,3.0
ORD104863,2024-06-09,Beauty,51.22,5,15,217.7,54,3.6,North,PayPal,2.0
ORD103430,2023-07-02,Groceries,15.19,1,0,15.19,25,4.1,West,PayPal,5.0
ORD101304,2024-03-22,Electronics,251.56,3,5,716.94,32,3.2,East,PayPal,5.0
ORD100236,2024-04-29,Electronics,309.94,5,30,1084.78,26,3.5,South,Debit Card,7.0
ORD102599,2023-10-12,Toys,32.24,1,20,25.79,18,4.4,East,UPI,3.0
ORD100520,2023-09-19,Clothing,26.3,4,10,94.69,49,5.0,North,Credit Card,6.0
ORD102573,2023-10-14,Home & Kitchen,50.72,5,10,228.24,57,4.5,West,Debit Card,4.0
ORD103280,2023-03-05,Groceries,10.83,2,0,21.66,24,,East,Credit Card,9.0
ORD103186,2024-07-13,Electronics,227.83,1,5,216.44,41,5.0,South,Debit Card,4.0
ORD103953,2023-12-06,Clothing,9.04,2,0,18.07,24,5.0,North,Credit Card,5.0
ORD102768,2023-12-16,Toys,29.29,4,10,105.44,41,2.8,North,PayPal,6.0
ORD100735,2024-05-05,Electronics,282.75,5,10,1272.39,34,3.9,North,UPI,6.0
ORD104751,2023-04-20,Home & Kitchen,36.74,1,15,31.23,64,4.9,South,Cash on Delivery,4.0
ORD104979,2024-03-20,Toys,29.18,3,30,61.28,38,3.6,South,Credit Card,7.0
ORD102106,2024-07-13,Toys,24.81,5,15,105.43,42,3.6,West,Credit Card,2.0
ORD102679,2023-10-01,Home & Kitchen,62.44,1,5,59.32,56,3.6,East,Credit Card,5.0
ORD103229,2024-09-02,Clothing,41.61,1,0,41.61,44,4.7,Central,Credit Card,8.0
ORD102761,2023-11-12,Books,28.9,2,0,57.8,50,4.2,East,Credit Card,7.0
ORD100592,2023-06-25,Toys,14.18,1,0,14.18,28,4.7,Central,Credit Card,9.0
ORD101303,2024-10-16,Electronics,255.0,3,15,650.25,64,2.5,East,Credit Card,4.0
ORD101387,2023-08-26,Toys,28.09,3,10,75.84,44,5.0,South,Credit Card,4.0
ORD104742,2023-11-09,Sports,56.17,5,10,252.77,60,2.9,East,UPI,6.0
ORD104571,2023-03-10,Electronics,269.79,5,10,1214.03,32,3.0,South,Credit Card,5.0
ORD104024,2023-11-29,Clothing,49.38,4,15,167.91,49,5.0,South,Debit Card,4.0
ORD101890,2023-05-16,Electronics,224.97,5,0,1124.86,39,3.7,South,Debit Card,3.0
ORD102987,2024-07-25,Electronics,131.35,5,0,656.73,47,4.0,East,Credit Card,4.0
ORD104974,2024-08-08,Clothing,74.11,5,0,370.53,25,4.7,North,PayPal,4.0
ORD103297,2024-10-25,Toys,41.13,1,0,41.13,19,4.7,East,UPI,4.0
ORD100904,2023-12-02,Toys,33.15,2,15,56.35,52,2.7,South,PayPal,7.0
ORD104655,2023-05-25,Beauty,37.84,5,15,160.83,64,3.5,East,UPI,2.0
ORD101279,2024-09-24,Groceries,14.26,2,5,27.09,25,4.9,West,Credit Card,9.0
ORD100933,2024-04-19,Clothing,65.62,1,10,59.05,22,3.0,East,Credit Card,4.0
ORD104949,2023-09-27,Home & Kitchen,55.99,1,20,44.79,60,4.9,East,PayPal,4.0
ORD102308,2023-08-14,Home & Kitchen,93.21,1,0,93.21,66,3.2,East,Cash on Delivery,1.0
ORD101555,2023-04-29,Toys,42.17,2,0,84.35,59,4.1,North,PayPal,2.0
ORD104578,2023-07-21,Electronics,352.7,5,0,1763.49,18,4.9,East,Credit Card,7.0
ORD103190,2023-01-03,Books,22.56,3,25,50.77,39,4.8,North,Credit Card,3.0
ORD104486,2024-02-02,Books,11.18,5,30,39.14,62,3.6,East,Debit Card,6.0
ORD100706,2023-01-06,Electronics,121.77,5,10,547.96,23,2.8,West,Cash on Delivery,2.0
ORD104882,2023-12-31,Groceries,12.73,3,10,34.38,60,3.9,North,PayPal,4.0
ORD103070,2023-11-06,Electronics,191.01,2,0,382.02,54,4.4,Central,Debit Card,3.0
ORD100745,2023-09-24,Books,15.43,3,0,46.29,52,5.0,South,PayPal,5.0
ORD103594,2023-07-01,Groceries,4.46,5,5,21.17,45,4.9,West,Cash on Delivery,2.0
ORD101939,2023-06-01,Clothing,30.43,3,15,77.59,21,3.5,North,UPI,6.0
ORD104444,2024-06-23,Clothing,62.28,1,0,62.28,21,3.1,North,Credit Card,2.0
ORD102862,2024-09-02,Electronics,208.97,4,10,752.3,32,3.9,Central,Credit Card,6.0
ORD104075,2023-01-17,Sports,62.97,4,10,226.69,66,3.1,Central,PayPal,7.0
ORD100513,2024-08-19,Sports,84.2,5,0,420.98,34,5.0,Central,Cash on Delivery,4.0
ORD100081,2023-11-16,Beauty,42.01,5,0,210.06,56,3.0,Central,Credit Card,2.0
ORD104066,2024-09-16,Books,21.17,1,15,18.0,19,4.9,North,Debit Card,5.0
ORD101308,2023-10-31,Groceries,19.29,4,25,57.86,39,4.6,West,UPI,7.0
ORD104593,2024-06-16,Beauty,32.05,3,0,96.16,45,3.8,East,PayPal,2.0
ORD100914,2024-03-08,Clothing,46.65,2,30,65.31,46,2.8,West,Credit Card,6.0
ORD103452,2023-11-27,Home & Kitchen,105.76,1,0,105.76,19,5.0,North,Credit Card,2.0
ORD103695,2024-04-13,Home & Kitchen,91.71,1,0,91.71,66,2.7,North,PayPal,5.0
ORD104853,2023-02-20,Books,13.05,3,0,39.15,57,3.8,East,Cash on Delivery,4.0
ORD103156,2024-07-17,Toys,33.11,5,15,140.71,32,3.5,South,UPI,5.0
ORD102198,2024-02-22,Home & Kitchen,71.8,4,5,272.84,39,2.7,South,Debit Card,8.0
ORD104275,2024-07-19,Clothing,63.82,4,0,255.27,26,3.9,East,PayPal,4.0
ORD100774,2024-09-10,Sports,51.55,3,15,131.45,37,4.3,South,PayPal,7.0
ORD100329,2024-02-10,Sports,69.57,1,0,69.57,35,3.6,Central,UPI,7.0
ORD102054,2024-06-06,Clothing,65.14,2,10,117.26,45,,North,Credit Card,3.0
ORD102001,2023-02-15,Home & Kitchen,65.13,4,20,208.41,19,3.7,West,UPI,5.0
ORD100943,2023-12-13,Clothing,48.05,3,25,108.11,33,4.8,Central,UPI,5.0
ORD100822,2023-04-10,Sports,74.2,5,15,315.34,28,4.1,South,Cash on Delivery,2.0
ORD104572,2023-12-28,Clothing,31.72,3,10,85.65,57,4.4,West,Credit Card,1.0
ORD100909,2023-03-09,Electronics,329.28,3,10,889.04,35,3.9,South,Cash on Delivery,8.0
ORD102516,2024-05-20,Home & Kitchen,103.66,5,0,518.28,28,3.2,North,Debit Card,4.0
ORD100181,2023-04-22,Toys,25.35,5,25,95.06,54,5.0,South,Debit Card,5.0
ORD100164,2023-11-02,Home & Kitchen,63.93,1,0,63.93,62,5.0,West,Debit Card,5.0
ORD101523,2023-04-20,Toys,13.25,3,0,39.76,28,5.0,West,Debit Card,5.0
ORD100451,2024-11-07,Beauty,41.79,2,20,66.86,22,3.8,South,Debit Card,1.0
ORD103983,2024-05-07,Sports,31.11,1,0,31.11,32,3.9,East,Credit Card,4.0
ORD102538,2024-01-24,Toys,33.52,2,20,53.64,65,2.8,West,PayPal,3.0
ORD104147,2024-09-17,Electronics,251.47,1,10,226.32,27,4.1,North,UPI,6.0
ORD104824,2024-01-01,Sports,17.82,2,30,24.95,34,4.2,West,PayPal,7.0
ORD101311,2023-09-12,Electronics,,2,5,379.83,23,5.0,East,PayPal,4.0
ORD103149,2023-03-21,Electronics,477.79,1,20,382.24,43,4.5,Central,PayPal,6.0
ORD101111,2023-06-20,Clothing,45.73,1,15,38.87,35,5.0,West,Credit Card,6.0
ORD104640,2024-09-07,Home & Kitchen,38.34,1,10,34.51,66,3.1,South,Credit Card,7.0
ORD103874,2024-03-29,Clothing,51.8,5,15,220.15,31,3.8,Central,PayPal,4.0
ORD103489,2024-06-03,Home & Kitchen,66.73,5,0,333.67,32,5.0,Central,UPI,4.0
ORD101287,2023-06-21,Electronics,201.35,5,5,956.4,54,,Central,UPI,6.0
ORD104219,2023-04-30,Home & Kitchen,55.02,4,30,154.05,24,3.8,West,UPI,7.0
ORD104692,2024-12-25,Books,24.08,3,0,72.24,30,5.0,North,Debit Card,3.0
ORD103680,2024-06-02,Electronics,296.17,5,0,1480.83,55,4.4,West,PayPal,5.0
ORD104374,2023-08-10,Clothing,54.01,3,5,153.92,46,4.7,North,Credit Card,1.0
ORD104210,2023-04-21,Electronics,344.75,5,0,1723.74,63,4.9,Central,Cash on Delivery,6.0
ORD103300,2024-04-10,Home & Kitchen,99.01,4,15,336.64,61,4.3,West,Credit Card,10.0
ORD103310,2024-01-11,Home & Kitchen,125.76,5,10,565.92,26,4.1,North,Debit Card,7.0
ORD104601,2024-11-24,Clothing,38.53,4,15,130.99,57,3.6,West,PayPal,4.0
ORD103125,2024-10-12,Books,21.91,4,0,87.62,55,4.1,West,UPI,9.0
ORD100327,2023-01-28,Electronics,133.43,4,25,400.3,21,3.3,West,Debit Card,7.0
ORD101790,2024-03-03,Electronics,286.79,5,15,1218.87,37,3.5,Central,Credit Card,9.0
ORD102490,2023-09-08,Electronics,121.46,5,0,607.31,32,3.9,North,Credit Card,7.0
ORD102006,2023-11-14,Home & Kitchen,27.53,5,15,116.99,23,3.4,North,UPI,9.0
ORD102007,2023-04-22,Electronics,126.15,2,0,252.3,43,2.4,Central,UPI,4.0
ORD101858,2024-01-19,Home & Kitchen,65.79,1,20,52.63,64,2.3,South,UPI,3.0
ORD104732,2024-07-11,Electronics,293.34,3,5,836.02,23,5.0,Central,Credit Card,6.0
ORD100312,2023-03-28,Sports,24.57,3,20,58.98,26,3.8,Central,Credit Card,
ORD100832,2023-11-28,Electronics,228.67,4,10,823.22,62,3.2,East,Credit Card,7.0
ORD103079,2023-11-24,Beauty,41.58,3,10,112.26,22,5.0,Central,Credit Card,5.0
ORD104765,2023-04-21,Electronics,217.75,2,5,413.73,48,4.1,South,PayPal,6.0
ORD103462,2024-09-25,Home & Kitchen,42.61,3,0,127.84,45,5.0,North,Debit Card,4.0
ORD101201,2023-12-16,Clothing,13.72,3,10,37.05,61,4.4,South,PayPal,6.0
ORD104435,2024-11-10,Sports,59.85,2,0,119.7,57,3.9,West,Credit Card,5.0
ORD103547,2024-10-06,Electronics,190.21,5,20,760.86,56,2.0,Central,Cash on Delivery,2.0
ORD104072,2024-09-01,Sports,43.1,1,0,43.1,63,3.0,West,Credit Card,5.0
ORD102134,2023-11-18,Sports,41.4,3,0,124.19,66,4.2,West,UPI,3.0
ORD103451,2023-02-10,Home & Kitchen,89.78,2,10,161.61,20,5.0,West,PayPal,5.0
ORD102209,2023-04-12,Clothing,41.36,1,10,37.23,21,5.0,South,Debit Card,4.0
ORD101901,2024-01-24,Beauty,17.57,1,15,14.93,36,3.5,West,Debit Card,6.0
ORD104050,2023-08-25,Toys,25.71,4,20,82.27,43,3.2,West,Credit Card,7.0
ORD101481,2023-01-02,Home & Kitchen,113.92,5,15,484.15,53,4.3,East,Credit Card,7.0
ORD100777,2023-03-28,Books,22.36,1,0,22.36,67,3.9,East,Credit Card,4.0
ORD100799,2023-11-20,Electronics,313.63,3,20,752.71,58,2.9,East,Credit Card,
ORD103714,2024-06-14,Clothing,68.28,5,15,290.2,49,3.2,Central,Credit Card,3.0
ORD103942,2024-11-09,Beauty,31.11,2,0,62.22,37,2.7,North,PayPal,6.0
ORD100054,2023-12-30,Clothing,55.2,4,0,220.82,50,5.0,Central,PayPal,7.0
ORD102972,2024-03-13,Groceries,17.59,2,5,33.43,58,4.0,North,Credit Card,5.0
ORD103335,2023-06-16,Electronics,46.92,5,30,164.2,39,3.9,North,PayPal,5.0
ORD101920,2023-10-15,Clothing,45.1,5,0,225.51,66,,North,Cash on Delivery,3.0
ORD103715,2023-07-29,Electronics,169.37,4,0,677.48,29,4.4,South,UPI,6.0
ORD104693,2024-09-22,Home & Kitchen,62.31,4,10,224.32,36,5.0,Central,PayPal,5.0
ORD100946,2024-12-12,Sports,65.31,5,5,310.21,58,4.3,South,Credit Card,3.0
ORD101701,2023-05-11,Beauty,30.04,3,10,81.12,64,4.4,Central,Cash on Delivery,6.0
ORD103293,2023-07-31,Electronics,287.24,2,25,430.86,43,5.0,South,Credit Card,8.0
ORD102161,2023-06-28,Toys,15.23,1,0,15.23,35,5.0,South,Credit Card,7.0
ORD101136,2024-06-13,Beauty,28.76,1,20,23.01,62,3.7,East,PayPal,4.0
ORD100987,2023-08-20,Beauty,41.94,4,0,167.75,58,3.4,West,Credit Card,6.0
ORD102549,2023-04-04,Groceries,18.35,2,0,36.69,65,3.6,North,Credit Card,4.0
ORD100193,2023-09-22,Groceries,11.07,4,0,44.28,25,5.0,North,UPI,4.0
ORD103057,2023-04-18,Clothing,23.41,3,30,49.17,49,3.8,South,Debit Card,2.0
ORD103246,2024-07-15,Electronics,338.32,5,15,1437.87,67,2.6,South,Credit Card,5.0
ORD101394,2023-06-07,Groceries,12.2,5,0,61.0,67,4.6,North,UPI,2.0
ORD102637,2024-06-27,Electronics,319.61,5,0,1598.03,58,4.9,South,Credit Card,4.0
ORD100768,2023-04-13,Groceries,8.72,4,15,29.65,65,2.9,South,UPI,4.0
ORD104750,2023-01-30,Books,25.08,2,0,50.17,68,3.6,South,Credit Card,8.0
ORD103090,2023-09-08,Home & Kitchen,69.51,3,5,198.1,48,2.4,East,Debit Card,2.0
ORD103495,2024-01-24,Clothing,48.78,3,25,109.75,25,3.7,East,PayPal,7.0
ORD103215,2023-07-13,Electronics,348.08,1,20,278.46,48,2.9,North,Credit Card,1.0
ORD100285,2024-11-16,Sports,65.34,2,5,124.14,45,2.8,South,Credit Card,2.0
ORD104988,2024-11-12,Electronics,390.47,1,0,390.47,38,5.0,East,UPI,9.0
ORD104801,2024-03-12,Sports,24.02,1,10,21.62,57,4.2,South,PayPal,6.0
ORD102332,2023-07-16,Sports,80.04,5,5,380.21,58,3.9,West,UPI,5.0
ORD102717,2024-05-19,Electronics,298.21,3,5,849.9,66,4.7,West,PayPal,4.0
ORD102079,2023-04-02,Electronics,174.52,2,10,314.13,59,3.5,Central,PayPal,6.0
ORD103389,2024-05-10,Electronics,348.82,3,0,1046.46,34,3.4,Central,PayPal,7.0
ORD100722,2024-09-09,Beauty,18.05,5,20,72.19,47,2.9,Central,Credit Card,6.0
ORD100951,2023-08-11,Books,26.43,3,20,63.42,24,4.7,North,Credit Card,3.0
ORD104410,2023-03-30,Beauty,3.54,5,0,17.71,29,3.1,West,Credit Card,5.0
ORD102262,2023-01-24,Groceries,23.09,4,0,92.37,58,3.6,West,Credit Card,6.0
ORD100989,2024-07-29,Home & Kitchen,40.88,2,25,61.33,46,2.5,North,Credit Card,6.0
ORD103212,2023-09-08,Groceries,7.43,4,30,20.8,65,3.9,West,UPI,3.0
ORD101759,2024-02-29,Clothing,35.92,2,20,57.48,37,4.1,North,Credit Card,7.0
ORD104148,2024-09-22,Toys,12.82,5,5,60.89,23,3.7,Central,PayPal,4.0
ORD101724,2024-01-26,Electronics,200.62,1,15,170.53,65,4.3,East,Credit Card,7.0
ORD100341,2023-08-01,Home & Kitchen,48.97,1,10,44.08,24,4.1,West,Debit Card,2.0
ORD103701,2023-06-18,Home & Kitchen,80.84,2,20,129.35,46,5.0,Central,UPI,4.0
ORD100688,2023-11-22,Electronics,210.54,3,0,631.62,31,4.0,West,PayPal,5.0
ORD103432,2023-06-01,Clothing,23.82,5,20,95.3,39,3.0,North,Credit Card,7.0
ORD100966,2024-03-15,Books,16.65,4,5,63.27,69,3.6,West,Credit Card,4.0
ORD104775,2023-02-02,Beauty,37.57,1,0,37.57,58,5.0,North,Debit Card,6.0
ORD102203,2023-09-03,Clothing,46.57,1,20,37.26,29,4.1,South,PayPal,4.0
ORD102713,2024-01-16,Toys,21.01,2,5,39.91,60,4.7,Central,Debit Card,7.0
ORD103572,2024-05-18,Electronics,100.36,4,0,401.43,60,4.5,North,Cash on Delivery,3.0
ORD101990,2024-01-24,Home & Kitchen,81.18,5,15,345.0,61,2.7,Central,Credit Card,4.0
ORD104120,2024-06-14,Beauty,50.3,4,10,181.09,28,4.4,East,PayPal,5.0
ORD104361,2024-07-27,Toys,28.46,3,0,85.37,40,4.3,Central,Cash on Delivery,9.0
ORD104791,2024-12-25,Clothing,26.31,2,15,44.72,45,4.8,North,Cash on Delivery,6.0
ORD103600,2023-11-22,Books,10.38,2,5,19.73,37,2.8,North,Credit Card,3.0
ORD104612,2024-07-28,Sports,54.14,3,25,121.81,18,3.8,Central,PayPal,2.0
ORD101962,2023-04-15,Clothing,29.81,3,0,89.42,66,3.2,East,UPI,3.0
ORD104166,2023-12-04,Beauty,21.75,1,0,21.75,64,3.6,North,PayPal,3.0
ORD100385,2023-03-31,Clothing,36.95,1,15,31.41,66,2.8,South,Credit Card,2.0
ORD104414,2023-12-25,Beauty,53.54,4,5,203.44,37,3.7,Central,Credit Card,5.0
ORD104614,2024-02-14,Beauty,23.11,1,0,23.11,38,4.0,North,Credit Card,8.0
ORD100536,2023-11-30,Books,25.84,5,5,122.76,22,,Central,Credit Card,9.0
ORD104712,2024-10-10,Sports,119.29,3,5,339.96,53,4.3,East,PayPal,4.0
ORD103507,2024-08-16,Toys,27.9,1,5,26.5,39,3.6,West,Credit Card,4.0
ORD100201,2024-10-26,Books,22.98,5,5,109.17,58,3.7,South,UPI,2.0
ORD101332,2023-11-07,Home & Kitchen,95.57,3,25,215.04,23,2.9,West,Debit Card,6.0
ORD103502,2023-08-15,Books,11.33,3,15,28.88,34,4.1,South,PayPal,9.0
ORD102708,2024-06-17,Electronics,202.24,5,5,960.62,49,5.0,North,Credit Card,8.0
ORD104021,2023-02-04,Home & Kitchen,52.57,1,0,52.57,29,4.5,North,Debit Card,4.0
ORD101854,2023-03-19,Toys,37.05,2,0,74.09,35,2.5,South,PayPal,9.0
ORD104960,2023-10-07,Home & Kitchen,85.92,2,10,154.66,39,3.2,West,Debit Card,4.0
ORD102872,2024-08-21,Electronics,144.93,3,30,304.36,19,4.7,North,UPI,4.0
ORD103030,2024-06-19,Clothing,33.98,5,0,169.88,29,5.0,North,Debit Card,5.0
ORD101205,2024-10-22,Electronics,202.84,5,15,862.07,23,2.6,West,PayPal,8.0
ORD101645,2023-08-04,Clothing,41.72,3,0,125.16,46,5.0,South,PayPal,5.0
ORD103417,2024-10-02,Beauty,33.39,3,25,75.12,51,3.6,Central,UPI,6.0
ORD103476,2024-02-05,Beauty,13.97,1,15,11.88,41,3.2,East,Cash on Delivery,6.0
ORD102861,2024-11-11,Electronics,232.0,4,25,696.0,35,3.7,Central,Cash on Delivery,3.0
ORD101792,2023-09-09,Electronics,130.37,4,30,365.05,69,4.7,Central,PayPal,8.0
ORD103797,2023-02-17,Sports,42.49,5,0,212.45,19,4.6,Central,Debit Card,7.0
ORD103368,2023-11-06,Electronics,312.96,2,10,563.33,26,3.4,West,Cash on Delivery,6.0
ORD103367,2023-07-30,Sports,60.14,2,20,96.22,61,4.5,North,PayPal,
ORD103533,2024-12-24,Electronics,267.75,2,10,481.96,66,4.2,Central,UPI,1.0
ORD104437,2024-11-23,Books,19.15,5,15,81.4,21,3.9,North,PayPal,4.0
ORD103449,2023-12-29,Sports,71.63,1,20,57.31,41,4.1,East,Debit Card,2.0
ORD100603,2023-04-09,Beauty,42.15,4,0,168.59,48,4.3,Central,UPI,6.0
ORD103056,2024-08-09,Clothing,33.17,3,15,84.6,34,3.8,South,PayPal,3.0
ORD104404,2023-07-10,Home & Kitchen,87.8,2,15,149.26,23,5.0,Central,Debit Card,5.0
ORD100126,2023-02-27,Books,15.33,2,20,24.52,48,4.1,East,Credit Card,1.0
ORD103876,2024-05-22,Clothing,35.49,4,10,127.77,40,2.8,Central,UPI,4.0
ORD102935,2023-06-17,Electronics,186.61,3,0,559.82,57,5.0,West,PayPal,5.0
ORD103531,2023-02-22,Home & Kitchen,38.5,4,15,130.91,59,3.9,West,UPI,3.0
ORD102730,2024-12-03,Beauty,15.0,5,20,60.01,55,4.5,North,Cash on Delivery,3.0
ORD100827,2024-10-17,Toys,32.68,2,0,65.35,68,5.0,South,Debit Card,2.0
ORD101639,2023-07-19,Beauty,41.24,3,0,123.71,50,4.1,West,Debit Card,7.0
ORD100984,2024-03-05,Sports,50.77,4,0,203.06,48,5.0,Central,UPI,4.0
ORD103281,2024-07-05,Groceries,16.57,4,30,46.41,66,3.2,Central,PayPal,4.0
ORD103049,2024-06-01,Home & Kitchen,45.85,2,5,87.11,24,4.1,West,Credit Card,8.0
ORD102188,2023-12-04,Toys,45.89,1,0,45.89,69,3.2,North,Credit Card,4.0
ORD104893,2023-02-05,Sports,42.5,5,15,180.63,49,3.8,East,Debit Card,6.0
ORD102443,2023-06-05,Groceries,25.62,2,10,46.11,49,4.3,West,PayPal,7.0
ORD100362,2023-06-13,Clothing,35.14,3,0,105.41,62,4.5,East,Debit Card,8.0
ORD102349,2024-01-04,Beauty,28.3,3,0,84.89,61,2.8,West,Credit Card,4.0
ORD100345,2023-07-07,Books,,1,0,13.03,27,,East,Credit Card,5.0
ORD100814,2024-07-22,Clothing,34.17,5,20,136.67,62,3.0,Central,PayPal,6.0
ORD103205,2024-05-10,Home & Kitchen,84.26,5,0,421.31,62,3.9,West,UPI,5.0
ORD103906,2024-06-06,Groceries,21.43,3,15,774.0688308195586,62,3.4,East,PayPal,6.0
ORD104844,2024-07-03,Clothing,57.14,4,25,171.42,57,5.0,North,Credit Card,5.0
ORD103325,2024-07-26,Electronics,271.72,5,10,1222.72,34,2.6,East,PayPal,5.0
ORD104106,2023-03-17,Toys,19.71,2,0,39.42,57,4.5,East,Credit Card,7.0
ORD102116,2024-12-03,Electronics,165.08,1,0,165.08,53,4.6,Central,Credit Card,4.0
ORD101834,2023-10-27,Toys,30.43,1,0,30.43,54,5.0,West,UPI,6.0
ORD100793,2024-08-26,Home & Kitchen,12.07,4,0,48.3,21,3.9,South,Credit Card,2.0
ORD104996,2024-06-29,Clothing,50.97,3,30,107.03,37,4.4,South,Credit Card,5.0
ORD102674,2024-11-11,Electronics,370.15,3,0,1110.44,68,4.3,North,Credit Card,8.0
ORD100094,2024-10-18,Clothing,48.79,2,10,87.83,32,3.7,Central,Debit Card,4.0
ORD103756,2024-04-10,Sports,51.77,4,0,207.09,43,3.4,West,Credit Card,6.0
ORD102891,2024-02-20,Clothing,41.12,2,10,74.02,23,4.7,North,PayPal,3.0
ORD102371,2024-08-24,Clothing,50.09,3,15,1809.371725334444,63,3.3,North,UPI,6.0
ORD104933,2024-08-27,Electronics,,5,0,976.41,37,4.6,South,Credit Card,2.0
ORD104476,2024-11-17,Beauty,14.14,2,5,26.86,64,3.4,South,Debit Card,3.0
ORD103228,2024-06-23,Toys,33.06,5,30,115.7,40,5.0,West,PayPal,8.0
ORD102853,2023-03-07,Sports,60.83,4,15,206.81,30,2.3,Central,Credit Card,5.0
ORD102912,2023-12-11,Clothing,25.16,5,5,119.49,68,2.6,West,Debit Card,5.0
ORD101865,2023-10-23,Electronics,104.07,5,15,442.31,57,,North,Debit Card,7.0
ORD101857,2024-03-03,Clothing,48.21,5,0,241.03,58,5.0,South,Cash on Delivery,4.0
ORD102645,2023-01-05,Beauty,35.09,2,5,66.67,59,4.4,Central,Credit Card,3.0
ORD102243,2023-03-23,Clothing,38.46,3,0,115.39,44,4.1,Central,Credit Card,5.0
ORD102336,2023-11-29,Electronics,391.68,5,0,1958.42,36,3.9,North,Cash on Delivery,9.0
ORD100950,2023-03-10,Sports,65.44,5,30,229.05,39,2.2,West,Debit Card,5.0
ORD103068,2023-04-19,Electronics,416.07,5,25,1560.25,36,3.9,Central,Credit Card,5.0
ORD101120,2023-01-11,Sports,77.86,1,5,73.97,65,3.3,East,UPI,8.0
ORD102597,2024-06-12,Sports,65.21,3,0,195.62,44,3.8,East,Credit Card,5.0
ORD102204,2023-11-29,Electronics,214.75,3,25,483.19,54,5.0,East,Credit Card,3.0
ORD100419,2024-01-06,Sports,91.64,2,10,164.96,66,4.0,West,Credit Card,2.0
ORD100922,2023-11-23,Sports,64.87,1,30,45.41,67,4.6,South,Cash on Delivery,1.0
ORD101254,2024-04-20,Home & Kitchen,59.95,4,25,179.86,42,2.6,North,PayPal,5.0
ORD100477,2023-01-14,Sports,56.63,2,15,96.27,30,3.6,West,Credit Card,7.0
ORD102035,2024-09-10,Electronics,389.11,4,20,1245.16,45,4.2,West,Credit Card,6.0
ORD101202,2024-12-20,Books,18.02,5,5,85.6,36,5.0,Central,Cash on Delivery,4.0
ORD102626,2024-12-16,Home & Kitchen,57.35,3,0,172.04,23,4.3,South,Credit Card,5.0
ORD104867,2023-08-24,Beauty,42.27,2,25,63.4,58,3.2,North,Credit Card,6.0
ORD101970,2024-08-28,Toys,29.57,4,10,106.43,53,3.8,North,PayPal,4.0
ORD103110,2024-01-30,Electronics,160.91,1,20,128.72,39,3.8,Central,PayPal,5.0
ORD104018,2023-05-17,Electronics,253.44,3,0,760.32,19,4.2,North,Credit Card,5.0
ORD102151,2023-08-24,Beauty,32.72,1,5,31.08,48,2.7,West,Cash on Delivery,7.0
ORD103687,2024-11-18,Clothing,49.27,4,10,177.36,37,4.2,East,Debit Card,5.0
ORD101997,2024-12-27,Home & Kitchen,51.43,2,20,82.29,26,4.7,North,Debit Card,4.0
ORD104033,2023-07-24,Electronics,297.0,3,0,891.01,64,3.7,Central,Credit Card,8.0
ORD103054,2024-07-29,Sports,59.66,2,5,113.36,42,,West,UPI,2.0
ORD101248,2023-08-26,Clothing,48.34,1,20,38.68,25,4.3,Central,UPI,7.0
ORD102192,2023-07-29,Sports,56.23,2,5,106.83,26,3.2,Central,Cash on Delivery,4.0
ORD102712,2024-11-18,Groceries,6.64,3,0,19.93,44,5.0,South,Credit Card,8.0
ORD100992,2023-05-24,Toys,34.16,4,0,136.62,40,5.0,East,PayPal,4.0
ORD102190,2023-09-23,Home & Kitchen,106.14,1,25,79.6,66,3.9,South,Credit Card,3.0
ORD103762,2024-02-25,Electronics,266.02,3,15,678.35,65,2.4,North,PayPal,2.0
ORD103597,2024-02-10,Books,29.0,4,25,86.99,65,3.2,West,Debit Card,8.0
ORD101318,2023-11-25,Sports,82.0,4,5,311.62,67,3.5,North,Debit Card,7.0
ORD101863,2023-09-29,Groceries,13.08,4,0,52.33,49,4.3,Central,Credit Card,8.0
ORD102343,2024-06-23,Home & Kitchen,70.56,3,10,190.5,22,5.0,South,Credit Card,3.0
ORD102449,2023-05-06,Sports,79.41,1,0,79.41,37,3.6,South,PayPal,9.0
ORD102136,2024-02-03,Clothing,40.47,1,10,36.42,54,3.4,South,Credit Card,8.0
ORD101065,2023-10-11,Beauty,10.99,2,15,18.68,23,5.0,Central,Debit Card,7.0
ORD102464,2023-12-06,Clothing,16.18,4,15,55.01,45,4.6,North,Debit Card,6.0
ORD104227,2024-03-24,Clothing,65.78,1,15,55.91,30,4.2,East,PayPal,2.0
ORD102621,2023-10-14,Clothing,44.28,4,0,177.12,48,2.2,North,Credit Card,2.0
ORD100077,2023-06-15,Toys,20.7,2,15,35.19,60,5.0,North,Debit Card,7.0
ORD102898,2024-08-05,Sports,67.62,1,5,64.24,64,3.6,Central,Cash on Delivery,8.0
ORD101314,2024-10-21,Home & Kitchen,119.21,5,0,596.07,25,5.0,East,Credit Card,2.0
ORD104416,2023-12-11,Clothing,41.26,3,30,86.65,52,4.8,West,Credit Card,3.0
ORD100872,2023-03-25,Toys,17.52,3,20,42.04,19,4.5,North,Credit Card,7.0
ORD103850,2024-06-20,Beauty,32.01,1,15,27.21,39,2.2,Central,Debit Card,8.0
ORD104836,2023-04-11,Sports,44.51,2,15,75.66,48,3.5,Central,PayPal,5.0
ORD102965,2024-03-09,Beauty,30.81,1,15,26.19,21,3.6,South,Credit Card,4.0
ORD103391,2024-01-18,Books,4.54,5,0,22.72,46,3.3,South,UPI,4.0
ORD102560,2024-02-27,Electronics,93.13,1,0,93.13,57,3.5,South,PayPal,2.0
ORD104946,2023-09-28,Sports,60.51,4,10,217.85,33,4.6,South,Credit Card,
ORD102635,2023-01-20,Home & Kitchen,75.37,3,0,226.1,29,5.0,Central,Credit Card,4.0
ORD103530,2023-10-06,Clothing,27.22,5,15,115.71,19,3.7,East,PayPal,4.0
ORD100375,2023-03-11,Electronics,271.6,3,0,814.8,37,4.7,West,Credit Card,2.0
ORD101908,2023-01-27,Toys,18.98,2,10,34.17,20,3.8,Central,UPI,8.0
ORD104376,2023-08-20,Electronics,306.46,5,0,1532.28,52,3.0,Central,Cash on Delivery,8.0
ORD104423,2023-11-29,Home & Kitchen,128.06,4,10,461.02,61,2.6,South,Credit Card,6.0
ORD104027,2023-11-19,Electronics,129.94,3,15,331.34,60,4.0,West,Credit Card,2.0
ORD101604,2023-04-01,Toys,17.27,2,10,31.09,50,4.0,North,PayPal,5.0
ORD101118,2024-06-12,Clothing,42.28,1,20,33.82,26,4.4,South,Credit Card,7.0
ORD103677,2024-07-16,Clothing,20.91,1,0,20.91,45,3.1,Central,Debit Card,4.0
ORD103490,2023-03-20,Electronics,139.36,2,0,278.72,62,5.0,Central,Credit Card,6.0
ORD104913,2024-03-19,Books,12.12,5,15,51.51,43,4.5,East,PayPal,8.0
ORD102958,2024-01-10,Electronics,348.96,5,5,1657.56,31,3.2,West,Debit Card,8.0
ORD101994,2024-07-05,Clothing,24.45,5,30,85.56,38,4.4,North,Credit Card,4.0
ORD100106,2024-07-24,Books,17.06,3,0,51.18,38,4.1,North,Credit Card,4.0
ORD104399,2024-04-29,Groceries,17.62,4,25,52.86,59,4.3,North,Cash on Delivery,4.0
ORD102376,2024-09-16,Clothing,61.42,2,0,122.83,39,4.3,West,Credit Card,4.0
ORD101342,2023-03-29,Sports,27.19,4,0,108.77,65,2.8,Central,Debit Card,9.0
ORD100320,2023-08-23,Clothing,44.31,3,5,126.3,25,4.5,Central,Credit Card,3.0
ORD101619,2024-12-25,Home & Kitchen,125.19,2,20,200.3,38,4.6,West,Credit Card,3.0
ORD103713,2023-06-13,Books,26.89,4,10,96.79,67,4.0,West,UPI,3.0
ORD102060,2024-10-15,Groceries,17.09,3,15,43.57,60,4.1,North,PayPal,7.0
ORD102219,2023-05-21,Electronics,234.68,4,0,938.71,50,4.4,Central,Credit Card,6.0
ORD101673,2024-07-08,Clothing,29.3,1,10,26.37,48,3.8,Central,Credit Card,5.0
ORD100260,2024-08-03,Sports,55.95,5,20,223.81,62,3.5,West,UPI,5.0
ORD104461,2023-09-05,Electronics,296.3,2,30,414.83,39,3.6,West,Cash on Delivery,6.0
ORD102039,2023-11-25,Clothing,28.83,1,15,24.5,66,3.1,West,UPI,10.0
ORD100901,2023-01-31,Beauty,21.53,2,15,36.6,51,3.6,Central,Debit Card,5.0
ORD103744,2023-06-26,Electronics,287.61,3,0,862.84,59,3.4,East,Debit Card,2.0
ORD102026,2024-03-24,Sports,63.45,3,0,190.35,66,3.5,West,UPI,3.0
ORD104234,2023-07-09,Electronics,314.05,2,15,533.88,28,4.4,West,Debit Card,5.0
ORD101917,2023-12-25,Electronics,422.76,2,0,845.51,47,2.3,Central,Credit Card,5.0
ORD101828,2024-03-24,Toys,31.62,5,10,142.27,28,3.3,North,Credit Card,6.0
ORD101573,2024-08-17,Electronics,403.86,5,20,1615.45,30,5.0,South,Debit Card,6.0
ORD104438,2023-09-09,Electronics,170.89,2,10,307.6,36,3.3,East,Credit Card,3.0
ORD104208,2023-06-15,Books,13.0,4,10,46.79,20,4.0,East,UPI,4.0
ORD100224,2024-06-11,Electronics,232.86,5,0,1164.29,55,4.6,East,PayPal,6.0
ORD100723,2023-03-29,Sports,65.81,3,15,167.82,55,4.1,West,Credit Card,5.0
ORD104530,2023-01-23,Electronics,212.43,4,20,679.77,36,4.1,Central,Credit Card,3.0
ORD101141,2023-09-05,Electronics,315.05,1,10,283.54,52,3.3,Central,UPI,7.0
ORD102762,2023-09-24,Electronics,383.65,3,0,1150.94,46,2.9,South,UPI,3.0
ORD100846,2023-04-25,Beauty,54.41,2,0,108.82,44,3.9,South,UPI,7.0
ORD102551,2023-08-23,Home & Kitchen,24.64,4,10,88.7,55,4.6,East,PayPal,
ORD102928,2023-05-16,Groceries,14.73,3,25,33.14,30,3.3,South,PayPal,5.0
ORD100117,2023-04-13,Toys,42.16,4,15,143.33,57,2.3,North,PayPal,2.0
ORD100645,2023-08-29,Sports,13.96,1,0,13.96,62,3.7,West,UPI,5.0
ORD100003,2023-11-17,Beauty,23.52,4,5,89.38,42,4.1,West,Debit Card,5.0
ORD104170,2023-09-30,Clothing,23.34,3,0,70.02,37,4.3,North,UPI,5.0
ORD100467,2024-03-11,Clothing,42.09,3,0,126.27,48,4.6,North,PayPal,5.0
ORD100005,2024-09-19,Electronics,26.01,5,0,130.04,53,3.8,West,UPI,4.0
ORD100919,2024-04-10,Toys,26.4,2,30,36.96,61,3.1,North,Credit Card,3.0
ORD102595,2023-05-02,Books,,4,15,52.9,45,4.5,West,UPI,4.0
ORD101063,2024-05-30,Electronics,252.42,1,0,252.42,27,3.9,South,Debit Card,8.0
ORD102590,2023-02-21,Home & Kitchen,39.44,4,25,118.33,49,2.7,West,PayPal,5.0
ORD100242,2023-03-11,Electronics,383.91,3,5,1094.14,38,3.0,South,UPI,6.0
ORD101160,2024-03-02,Electronics,107.1,1,0,107.1,62,3.2,West,Credit Card,4.0
ORD102870,2023-07-26,Electronics,207.35,1,20,165.88,27,4.9,Central,PayPal,4.0
ORD103735,2023-05-30,Electronics,127.26,1,15,108.17,35,1.6,North,Debit Card,8.0
ORD102397,2023-07-31,Home & Kitchen,45.42,3,0,136.25,68,4.1,South,Debit Card,6.0
ORD103517,2024-10-22,Beauty,23.68,3,0,71.03,28,5.0,West,UPI,
ORD103421,2024-07-29,Electronics,,1,0,263.12,63,5.0,Central,Debit Card,5.0
ORD102563,2023-10-26,Electronics,171.48,5,10,771.65,60,5.0,Central,PayPal,6.0
ORD101605,2024-10-12,Electronics,299.43,4,0,1197.71,62,4.4,South,Credit Card,5.0
ORD104877,2023-11-16,Groceries,10.67,3,15,27.21,32,3.7,Central,Credit Card,7.0
ORD102324,2024-06-29,Home & Kitchen,94.79,1,0,94.79,53,4.7,East,Credit Card,1.0
ORD102709,2024-10-01,Electronics,359.25,1,20,287.4,22,3.1,North,UPI,4.0
ORD104442,2024-05-14,Books,10.46,5,10,47.08,28,,Central,Cash on Delivery,5.0
ORD101312,2024-07-23,Books,10.54,4,15,35.82,42,3.4,Central,Credit Card,7.0
ORD103448,2024-03-18,Clothing,24.06,5,15,102.25,26,4.0,Central,PayPal,7.0
ORD103812,2024-05-08,Groceries,13.73,1,15,11.67,21,3.4,North,PayPal,2.0
ORD104702,2024-02-02,Electronics,93.4,5,15,396.96,20,4.4,Central,Credit Card,3.0
ORD102362,2024-12-04,Clothing,56.46,4,5,214.55,25,4.0,Central,Credit Card,4.0
ORD101975,2023-02-06,Sports,45.59,4,15,155.01,45,5.0,East,Credit Card,6.0
ORD103514,2023-07-12,Electronics,,2,20,317.76,51,4.9,North,Credit Card,3.0
ORD101761,2023-10-27,Toys,17.47,5,5,83.0,51,5.0,East,Debit Card,6.0
ORD102739,2023-09-09,Books,24.32,1,15,20.67,49,2.3,Central,PayPal,2.0
ORD104706,2023-12-10,Books,17.88,3,30,37.54,34,3.9,Central,Credit Card,4.0
ORD102472,2023-10-31,Clothing,48.11,5,0,240.53,46,4.5,South,Cash on Delivery,6.0
ORD104007,2024-04-20,Electronics,268.97,4,10,968.28,59,3.8,Central,Cash on Delivery,2.0
ORD101493,2023-09-01,Clothing,50.53,5,20,202.11,60,4.2,South,PayPal,7.0
ORD104206,2024-10-24,Electronics,213.96,3,20,513.51,59,4.3,East,PayPal,5.0
ORD102158,2024-08-17,Books,25.15,1,10,22.63,27,2.9,North,Credit Card,5.0
ORD101169,2024-11-01,Books,18.53,4,0,74.14,45,4.4,South,PayPal,7.0
ORD104561,2023-11-04,Electronics,115.32,4,25,345.96,20,4.8,South,Debit Card,3.0
ORD100232,2023-01-15,Books,16.58,2,0,33.16,44,4.6,North,Debit Card,7.0
ORD100066,2024-10-23,Electronics,180.61,4,15,614.07,61,4.6,West,UPI,4.0
ORD101603,2023-08-20,Clothing,41.61,1,10,37.45,59,4.7,South,Credit Card,5.0
ORD103283,2023-03-13,Toys,32.34,3,20,77.62,45,5.0,East,Debit Card,5.0
ORD103596,2023-09-05,Electronics,282.51,2,15,480.27,19,4.1,West,Credit Card,5.0
ORD100125,2024-02-18,Home & Kitchen,55.88,4,15,189.98,27,4.7,South,Credit Card,6.0
ORD101296,2023-07-12,Sports,49.43,1,0,49.43,30,2.3,West,PayPal,6.0
ORD101976,2024-11-12,Books,19.26,5,5,91.48,59,2.4,South,UPI,2.0
ORD104562,2023-01-16,Clothing,22.61,1,0,22.61,39,5.0,West,Debit Card,5.0
ORD104526,2023-01-14,Books,24.77,3,30,52.01,53,2.8,East,Cash on Delivery,4.0
ORD102075,2023-10-26,Electronics,223.03,3,15,568.72,65,3.0,North,UPI,4.0
ORD103086,2023-05-13,Books,11.29,4,0,45.16,60,3.5,Central,UPI,5.0
ORD104870,2023-05-20,Clothing,54.71,4,5,207.89,45,4.2,South,Credit Card,4.0
ORD103345,2024-07-09,Toys,30.36,1,0,30.36,41,2.3,Central,UPI,9.0
ORD104509,2024-12-07,Home & Kitchen,72.22,3,0,216.67,49,,Central,Credit Card,2.0
ORD102797,2024-02-19,Clothing,42.63,2,30,59.69,58,4.3,North,Credit Card,1.0
ORD100918,2023-07-06,Electronics,256.85,5,10,1155.84,45,3.4,North,Credit Card,
ORD101646,2023-09-09,Electronics,281.85,2,10,507.34,61,4.2,Central,PayPal,5.0
ORD100364,2023-03-26,Home & Kitchen,59.0,5,0,295.01,57,,Central,Cash on Delivery,5.0
ORD103287,2023-05-27,Beauty,37.71,1,0,37.71,50,5.0,Central,PayPal,4.0
ORD102125,2023-07-06,Sports,57.91,5,0,289.53,61,4.0,Central,PayPal,1.0
ORD104123,2023-07-14,Home & Kitchen,102.05,1,15,86.75,51,3.2,East,Credit Card,5.0
ORD100525,2023-08-15,Electronics,250.97,4,10,903.5,20,4.7,West,Credit Card,4.0
ORD100055,2023-02-02,Sports,74.42,5,0,372.12,61,3.2,South,Credit Card,4.0
ORD100638,2024-08-02,Beauty,38.89,4,10,140.0,61,5.0,South,PayPal,5.0
ORD100302,2023-01-08,Electronics,322.81,1,0,322.81,49,2.7,East,Debit Card,3.0
ORD102766,2023-09-27,Clothing,41.55,5,25,155.8,40,4.2,South,Credit Card,4.0
ORD101276,2024-04-25,Sports,42.7,1,0,42.7,68,4.0,West,Debit Card,6.0
ORD102055,2023-09-25,Beauty,44.08,5,15,187.36,34,4.1,North,Credit Card,7.0
ORD103644,2024-12-02,Books,18.44,3,5,52.54,27,4.1,West,PayPal,8.0
ORD104143,2023-11-24,Clothing,54.13,3,15,138.02,59,2.9,East,Credit Card,8.0
ORD102878,2024-09-28,Electronics,289.35,5,15,1229.76,20,3.2,West,Credit Card,7.0
ORD104202,2023-09-09,Groceries,18.02,5,0,90.12,46,3.4,South,Credit Card,2.0
ORD102286,2024-10-24,Clothing,55.35,4,0,221.38,62,5.0,Central,Cash on Delivery,5.0
ORD102261,2024-12-31,Home & Kitchen,97.98,5,25,367.44,45,4.6,East,Credit Card,5.0
ORD102296,2023-05-03,Electronics,308.08,4,15,1047.46,26,4.4,North,Credit Card,6.0
ORD101753,2023-10-16,Books,7.49,1,0,7.49,56,5.0,East,Cash on Delivery,2.0
ORD101968,2024-09-05,Groceries,5.67,2,0,11.33,66,4.4,West,PayPal,4.0
ORD104395,2024-01-10,Electronics,242.51,2,25,363.77,24,3.7,North,PayPal,2.0
ORD103117,2024-04-15,Beauty,47.5,4,0,190.01,49,3.7,North,Credit Card,10.0
ORD102393,2023-06-11,Clothing,33.95,4,0,135.8,39,5.0,South,Credit Card,5.0
ORD100523,2024-08-25,Books,19.73,2,15,33.53,24,4.6,Central,PayPal,6.0
ORD103900,2024-01-14,Electronics,115.77,4,15,393.62,40,2.4,East,Credit Card,7.0
ORD103122,2023-12-11,Sports,46.73,5,5,221.96,53,3.3,Central,Credit Card,6.0
ORD104156,2024-05-31,Books,28.67,3,10,77.4,19,4.3,South,Credit Card,5.0
ORD101969,2023-04-22,Clothing,67.24,3,5,191.64,40,3.7,South,Credit Card,3.0
ORD100671,2024-03-25,Sports,58.48,4,0,233.9,63,4.4,West,Cash on Delivery,3.0
ORD104188,2023-01-31,Books,12.83,1,0,12.83,34,3.4,North,Credit Card,1.0
ORD100666,2024-01-03,Electronics,268.71,3,0,806.13,22,3.7,North,PayPal,5.0
ORD104382,2023-09-16,Clothing,44.94,4,15,152.8,57,2.7,West,UPI,4.0
ORD101887,2023-10-30,Electronics,222.93,2,15,378.99,25,5.0,Central,Cash on Delivery,3.0
ORD103266,2024-06-23,Clothing,57.17,2,0,114.33,56,,South,Cash on Delivery,4.0
ORD100280,2023-07-21,Electronics,136.15,5,10,612.69,55,4.0,West,Debit Card,4.0
ORD101719,2024-01-13,Sports,76.05,4,0,304.2,56,3.7,Central,Debit Card,1.0
ORD102947,2023-12-30,Clothing,44.12,3,30,92.65,50,3.0,Central,UPI,3.0
ORD100899,2024-03-26,Sports,32.93,2,0,65.86,26,3.8,South,Credit Card,5.0
ORD104899,2024-03-03,Beauty,25.35,5,10,114.08,19,4.7,West,Credit Card,3.0
ORD100760,2023-05-09,Electronics,174.0,2,0,347.99,19,4.6,South,Debit Card,3.0
ORD101906,2023-08-05,Toys,27.67,4,0,110.69,45,5.0,Central,UPI,
ORD104042,2024-07-09,Groceries,12.32,4,20,39.43,21,4.3,Central,PayPal,5.0
ORD103823,2023-05-11,Electronics,436.58,4,15,1484.36,21,3.9,West,Credit Card,7.0
ORD104138,2024-10-05,Beauty,22.78,3,15,58.09,59,4.2,West,Credit Card,8.0
ORD103818,2024-04-03,Home & Kitchen,43.08,5,0,215.42,68,3.1,Central,Credit Card,5.0
ORD104300,2023-07-22,Home & Kitchen,82.95,3,20,199.09,67,3.3,South,Credit Card,1.0
ORD102593,2023-03-11,Clothing,25.56,4,15,86.91,47,5.0,East,Debit Card,8.0
ORD104164,2024-06-06,Clothing,88.57,5,0,442.86,26,4.6,East,Credit Card,4.0
ORD103031,2023-07-19,Toys,18.44,3,0,55.32,58,3.2,West,PayPal,5.0
ORD103579,2023-02-26,Toys,28.09,4,25,84.26,68,,Central,PayPal,6.0
ORD102832,2023-08-08,Clothing,86.24,1,10,77.61,61,3.8,East,UPI,6.0
ORD103472,2024-06-21,Books,29.6,4,0,118.38,23,3.4,South,Credit Card,6.0
ORD100137,2023-01-23,Electronics,316.79,4,0,1267.17,39,5.0,North,UPI,6.0
ORD102180,2024-05-26,Groceries,18.64,1,0,18.64,61,3.9,South,Debit Card,4.0
ORD102128,2023-02-16,Electronics,138.14,1,15,117.42,29,3.2,West,Credit Card,8.0
ORD103177,2023-08-05,Books,10.71,5,25,40.16,62,3.5,North,Debit Card,3.0
ORD104411,2024-03-05,Books,16.01,5,0,80.06,53,4.4,Central,Debit Card,5.0
ORD104261,2023-05-28,Books,21.57,2,0,43.14,34,5.0,North,PayPal,5.0
ORD104344,2023-10-01,Books,17.55,2,30,24.56,52,4.5,West,UPI,4.0
ORD101331,2024-06-08,Sports,57.25,2,5,108.77,22,5.0,South,Credit Card,4.0
ORD102017,2024-06-14,Clothing,47.44,4,10,170.78,50,4.7,North,UPI,2.0
ORD102482,2023-05-12,Clothing,45.32,2,0,90.63,68,3.9,Central,PayPal,6.0
ORD101358,2023-03-17,Sports,83.67,2,0,167.33,44,3.3,East,PayPal,2.0
ORD101329,2023-09-07,Sports,70.49,4,0,281.94,59,2.4,South,Credit Card,4.0
ORD102150,2023-08-28,Toys,46.02,1,5,43.71,27,4.7,South,Cash on Delivery,5.0
ORD102122,2024-03-01,Sports,51.75,4,10,186.29,51,2.0,East,UPI,
ORD103981,2023-03-06,Home & Kitchen,73.17,4,10,263.42,47,5.0,West,Debit Card,7.0
ORD101252,2023-02-24,Home & Kitchen,80.88,4,0,323.52,61,,North,Credit Card,7.0
ORD103278,2024-12-26,Sports,72.11,4,10,259.58,19,,South,Credit Card,5.0
ORD103374,2024-05-06,Electronics,197.06,2,0,394.13,58,5.0,East,Debit Card,10.0
ORD102814,2023-05-27,Clothing,66.74,3,0,200.23,19,4.9,South,Credit Card,6.0
ORD101848,2024-01-16,Home & Kitchen,71.79,5,20,287.18,54,,South,Debit Card,6.0
ORD103037,2023-04-23,Books,7.16,3,30,15.03,66,3.8,West,UPI,5.0
ORD100388,2024-10-13,Electronics,223.58,2,5,424.81,22,4.5,South,Credit Card,5.0
ORD100235,2024-06-09,Home & Kitchen,87.72,1,0,87.72,38,3.7,West,Credit Card,4.0
ORD101077,2023-05-02,Clothing,41.44,4,5,157.49,45,3.5,West,Debit Card,6.0
ORD101984,2024-04-10,Toys,33.63,3,15,85.76,32,5.0,West,PayPal,7.0
ORD104363,2024-12-08,Clothing,31.65,5,15,134.53,57,3.9,West,UPI,4.0
ORD103962,2024-04-25,Sports,76.67,2,15,130.34,58,3.0,East,PayPal,6.0
ORD100770,2024-04-21,Groceries,14.66,4,15,49.83,39,4.1,North,Credit Card,7.0
ORD102165,2024-11-06,Home & Kitchen,72.59,2,0,145.18,62,3.4,North,Debit Card,8.0
ORD100673,2023-03-11,Groceries,14.53,3,10,39.22,58,4.9,Central,PayPal,5.0
ORD100249,2023-01-31,Electronics,206.93,4,0,827.72,39,4.7,West,Debit Card,4.0
ORD101574,2023-04-19,Electronics,199.42,3,5,568.35,57,3.4,East,PayPal,7.0
ORD103419,2023-07-27,Clothing,73.3,5,10,329.85,44,3.3,West,Credit Card,3.0
ORD102081,2023-03-09,Beauty,66.47,4,0,265.86,22,4.4,North,Credit Card,9.0
ORD101823,2024-10-02,Electronics,161.69,2,0,323.38,40,3.4,West,PayPal,
ORD100716,2024-01-14,Clothing,49.78,1,0,49.78,49,4.6,Central,Debit Card,2.0
ORD104715,2024-01-01,Electronics,328.87,1,25,246.65,44,3.3,West,Debit Card,2.0
ORD102048,2024-07-02,Sports,,3,5,131.34,21,4.1,West,Debit Card,5.0
ORD104178,2023-12-03,Electronics,205.93,5,0,1029.63,28,4.8,Central,Cash on Delivery,8.0
ORD102724,2024-07-31,Home & Kitchen,82.62,3,5,235.47,39,3.5,East,Credit Card,
ORD104566,2024-05-30,Sports,25.52,3,0,76.55,66,4.4,North,UPI,4.0
ORD101460,2024-07-31,Clothing,17.8,3,15,45.4,47,4.5,East,Debit Card,6.0
ORD101668,2024-01-25,Books,19.3,4,0,77.22,62,4.4,West,PayPal,7.0
ORD102756,2024-10-08,Books,18.86,2,20,30.17,59,,North,UPI,8.0
ORD102000,2024-10-03,Electronics,266.24,4,10,958.47,58,4.4,East,Debit Card,6.0
ORD100404,2023-12-31,Clothing,23.01,2,0,46.02,69,,West,Credit Card,5.0
ORD100384,2023-01-24,Books,22.12,1,20,17.69,63,5.0,Central,Cash on Delivery,4.0
ORD104537,2024-06-12,Sports,41.09,3,0,123.26,32,2.5,North,PayPal,9.0
ORD102152,2024-09-18,Electronics,126.96,2,0,253.92,29,,North,PayPal,
ORD101633,2024-10-05,Home & Kitchen,68.32,4,20,218.62,18,4.8,North,Credit Card,4.0
ORD104631,2023-07-30,Sports,92.42,3,10,249.53,49,,North,Credit Card,6.0
ORD103925,2024-02-23,Electronics,223.74,1,15,190.18,63,3.8,West,Credit Card,4.0
ORD104158,2023-05-27,Beauty,32.95,3,0,98.84,24,4.3,North,Credit Card,5.0
ORD100223,2023-05-28,Home & Kitchen,43.54,3,10,117.54,69,4.4,Central,Cash on Delivery,5.0
ORD102193,2023-06-09,Toys,27.68,2,0,55.36,18,4.8,East,Debit Card,2.0
ORD103136,2024-02-29,Clothing,32.14,3,0,96.43,60,3.5,South,UPI,6.0
ORD101824,2024-07-18,Electronics,87.95,3,0,263.86,32,3.1,Central,Credit Card,7.0
ORD104657,2024-02-24,Groceries,17.23,1,10,15.51,53,3.8,Central,Cash on Delivery,5.0
ORD100797,2023-12-02,Home & Kitchen,65.56,3,20,157.34,68,3.1,Central,PayPal,7.0
ORD102871,2024-12-14,Groceries,19.65,3,10,53.06,55,4.2,Central,Credit Card,5.0
ORD100009,2023-03-10,Sports,87.7,5,0,438.5,18,4.2,Central,Cash on Delivery,7.0
ORD101944,2023-10-05,Electronics,186.92,1,0,186.92,44,3.1,East,Debit Card,2.0
ORD101838,2023-06-12,Home & Kitchen,91.84,5,30,321.42,44,3.1,East,UPI,9.0
ORD100255,2023-04-16,Beauty,3.16,2,20,5.05,51,4.1,South,UPI,3.0
ORD104553,2024-02-11,Home & Kitchen,86.92,4,0,347.68,31,3.7,South,PayPal,6.0
ORD101581,2023-06-08,Clothing,59.02,5,30,206.56,50,3.9,South,PayPal,5.0
ORD102956,2023-03-14,Electronics,212.12,4,0,848.49,38,2.5,South,PayPal,5.0
ORD100924,2023-07-01,Electronics,267.36,4,5,1015.95,27,5.0,North,Credit Card,3.0
ORD104473,2023-04-10,Groceries,17.7,3,0,53.11,64,5.0,North,UPI,7.0
ORD102508,2023-10-25,Sports,,2,10,111.36,28,3.7,East,Credit Card,7.0
ORD103775,2023-05-18,Sports,51.38,5,0,256.89,52,4.4,East,Debit Card,8.0
ORD104136,2024-12-12,Electronics,174.46,2,20,279.14,42,4.4,North,Credit Card,5.0
ORD102779,2023-02-02,Sports,76.32,2,5,145.0,26,4.2,North,UPI,1.0
ORD100539,2023-01-16,Sports,51.84,2,20,82.95,53,4.1,West,PayPal,3.0
ORD102745,2023-10-24,Sports,67.22,5,5,319.27,24,4.1,Central,Credit Card,4.0
ORD104543,2024-03-23,Clothing,46.91,5,5,222.8,39,3.9,East,Credit Card,5.0
ORD104616,2023-08-03,Clothing,34.19,2,20,54.71,21,3.6,East,UPI,4.0
ORD101145,2023-12-19,Beauty,28.47,2,0,56.93,51,3.9,Central,Debit Card,8.0
ORD104468,2024-10-11,Books,19.42,1,10,17.48,57,4.7,West,Credit Card,6.0
ORD100667,2024-09-21,Electronics,250.64,4,15,852.19,37,2.8,North,Debit Card,5.0
ORD103019,2024-06-28,Books,18.88,3,10,50.98,41,3.4,West,Cash on Delivery,3.0
ORD100357,2024-10-13,Home & Kitchen,109.01,3,15,277.98,20,,West,Debit Card,4.0
ORD102831,2024-08-04,Beauty,32.59,4,0,130.37,64,1.9,South,Cash on Delivery,3.0
ORD102783,2024-09-04,Clothing,92.96,2,20,148.74,49,3.6,East,PayPal,10.0
ORD101353,2024-10-31,Clothing,38.54,1,20,30.83,47,3.1,South,Debit Card,4.0
ORD100470,2024-06-23,Home & Kitchen,140.21,5,0,701.03,49,3.7,East,PayPal,
ORD102703,2024-09-04,Home & Kitchen,47.35,2,0,94.71,55,2.5,East,Debit Card,6.0
ORD103330,2024-03-25,Sports,89.03,4,10,320.51,38,4.0,West,Debit Card,3.0
ORD103637,2023-12-31,Electronics,352.74,5,5,1675.53,65,4.9,West,UPI,4.0
ORD101396,2024-03-29,Clothing,36.0,1,0,36.0,52,4.0,South,Credit Card,4.0
ORD103584,2024-07-04,Electronics,182.26,4,0,729.05,47,4.6,East,Credit Card,5.0
ORD104531,2023-04-03,Clothing,27.54,3,15,70.22,24,4.9,Central,Debit Card,5.0
ORD103376,2024-01-05,Books,14.14,2,5,26.87,46,4.8,Central,PayPal,6.0
ORD101256,2023-06-12,Clothing,52.17,3,0,156.5,61,4.8,Central,Debit Card,3.0
ORD103512,2023-04-04,Electronics,175.65,5,10,790.43,33,1.5,West,Credit Card,9.0
ORD101250,2023-06-26,Electronics,171.65,4,5,652.25,49,4.1,South,Debit Card,4.0
ORD104856,2024-09-10,Sports,25.08,5,0,125.42,57,4.0,East,Debit Card,8.0
ORD104298,2023-01-27,Books,11.82,2,10,21.28,57,4.6,Central,PayPal,7.0
ORD103284,2023-10-30,Clothing,54.48,1,20,43.58,69,4.0,West,UPI,5.0
ORD102933,2023-11-14,Home & Kitchen,41.6,4,20,133.11,38,2.8,Central,PayPal,4.0
ORD104175,2023-09-13,Electronics,324.74,4,5,1233.99,18,4.2,North,Credit Card,6.0
ORD101852,2023-11-29,Sports,52.14,3,5,148.61,63,3.3,East,Debit Card,4.0
ORD104918,2024-09-09,Home & Kitchen,54.01,4,0,216.05,51,3.1,West,PayPal,5.0
ORD102105,2023-07-21,Clothing,31.98,3,15,81.54,65,3.5,East,UPI,7.0
ORD100133,2024-02-13,Sports,83.81,5,15,356.17,68,3.7,West,Credit Card,3.0
ORD100928,2023-11-02,Groceries,22.73,1,0,22.73,34,4.7,West,UPI,4.0
ORD100823,2024-04-20,Beauty,40.57,4,5,154.15,25,3.6,East,Cash on Delivery,9.0
ORD104588,2024-03-19,Electronics,277.9,2,10,500.22,56,2.8,South,Debit Card,6.0
ORD101531,2023-01-07,Clothing,42.59,1,30,29.81,35,3.6,West,Credit Card,6.0
ORD101214,2023-02-24,Toys,33.45,4,0,133.8,18,4.6,North,PayPal,5.0
ORD100504,2023-07-20,Electronics,371.87,2,10,669.37,46,4.7,North,Debit Card,6.0
ORD104285,2024-07-14,Home & Kitchen,82.82,3,0,248.47,35,4.2,South,Debit Card,5.0
ORD101996,2024-02-08,Home & Kitchen,57.52,2,15,97.79,63,4.0,South,Credit Card,4.0
ORD103072,2023-06-25,Home & Kitchen,82.18,1,5,78.08,18,,South,Cash on Delivery,4.0
ORD101958,2024-04-27,Electronics,287.86,4,10,1036.29,33,5.0,West,Credit Card,4.0
ORD101384,2023-10-10,Groceries,7.84,2,5,14.89,38,4.0,West,Credit Card,1.0
ORD100894,2024-07-01,Beauty,50.54,1,5,48.02,61,3.0,East,PayPal,2.0
ORD100455,2024-02-10,Clothing,64.36,1,0,64.36,39,4.8,East,UPI,7.0
ORD104683,2023-02-20,Clothing,30.3,1,15,25.75,33,3.2,Central,Cash on Delivery,7.0
ORD103709,2024-09-13,Toys,36.39,2,10,65.51,55,2.3,South,UPI,6.0
ORD104665,2024-08-27,Home & Kitchen,105.71,1,0,105.71,24,4.2,South,PayPal,3.0
ORD104268,2023-02-02,Beauty,56.47,3,15,144.0,49,5.0,Central,Credit Card,7.0
ORD103522,2024-08-28,Electronics,319.13,1,0,319.13,32,3.9,Central,Debit Card,5.0
ORD104134,2024-12-22,Beauty,28.03,2,10,50.46,20,2.0,Central,Debit Card,2.0
ORD103602,2023-04-24,Toys,39.96,4,0,159.85,41,3.7,West,PayPal,4.0
ORD100713,2024-07-12,Books,19.35,4,0,77.41,47,4.3,North,Credit Card,4.0
ORD104186,2023-07-14,Groceries,17.54,5,20,70.17,33,3.3,East,Debit Card,6.0
ORD102214,2023-03-26,Books,9.44,2,30,13.21,67,5.0,Central,UPI,3.0
ORD102923,2024-01-31,Electronics,296.37,5,10,1333.64,49,3.6,West,Credit Card,7.0
ORD101810,2023-06-28,Home & Kitchen,91.46,3,5,260.66,49,4.3,Central,Credit Card,4.0
ORD103486,2023-09-06,Electronics,201.39,5,0,1006.94,47,5.0,South,PayPal,4.0
ORD103141,2023-10-25,Beauty,46.33,3,15,118.14,63,3.6,South,Credit Card,5.0
ORD101827,2024-12-20,Beauty,13.05,3,0,39.14,34,4.4,South,Debit Card,5.0
ORD101155,2024-03-05,Electronics,285.45,1,0,285.45,44,3.4,Central,PayPal,7.0
ORD101324,2024-09-25,Sports,44.48,4,0,177.91,18,4.5,South,Cash on Delivery,5.0
ORD104312,2023-09-12,Clothing,41.45,5,0,207.27,67,3.9,West,Credit Card,5.0
ORD100510,2024-12-28,Clothing,44.87,2,15,76.28,65,4.4,South,Credit Card,5.0
ORD101680,2024-11-20,Sports,78.82,2,10,141.88,42,,South,Credit Card,3.0
ORD100499,2023-11-08,Electronics,194.93,5,10,877.2,21,4.4,North,PayPal,4.0
ORD104581,2024-12-11,Beauty,28.85,5,5,137.05,26,3.3,North,PayPal,7.0
ORD101856,2023-10-02,Groceries,14.27,5,15,60.64,18,4.7,North,Credit Card,6.0
ORD101388,2024-10-13,Groceries,21.31,3,15,54.35,31,3.9,East,PayPal,6.0
ORD103719,2023-07-12,Home & Kitchen,59.22,4,0,236.86,47,4.1,West,Credit Card,6.0
ORD102386,2024-11-27,Electronics,373.12,4,15,1268.62,44,4.2,South,Debit Card,4.0
ORD103236,2023-09-23,Books,21.44,2,15,36.44,52,2.9,East,UPI,6.0
ORD101540,2023-12-14,Home & Kitchen,40.33,4,5,153.26,30,3.8,West,Debit Card,6.0
ORD101217,2024-06-19,Beauty,38.55,2,0,77.09,53,4.9,West,Credit Card,4.0
ORD102681,2023-03-15,Clothing,44.0,4,5,167.22,63,3.9,North,Cash on Delivery,5.0
ORD102993,2024-09-17,Clothing,22.76,2,15,38.69,38,2.9,North,Debit Card,6.0
ORD101191,2023-07-23,Books,16.16,5,0,80.8,66,5.0,Central,UPI,5.0
ORD101542,2023-03-06,Electronics,332.47,5,0,1662.37,55,3.6,East,Credit Card,4.0
ORD103301,2023-07-14,Books,10.15,5,5,48.23,65,3.3,East,Credit Card,6.0
ORD103324,2023-11-13,Clothing,67.17,2,10,120.9,56,4.4,North,PayPal,4.0
ORD102539,2023-12-27,Beauty,41.1,3,0,123.29,39,3.1,South,PayPal,6.0
ORD100953,2023-11-09,Electronics,220.06,3,15,561.16,42,4.8,North,UPI,4.0
ORD104330,2023-05-16,Home & Kitchen,93.61,4,15,318.27,61,3.5,Central,Debit Card,5.0
ORD100732,2024-11-04,Home & Kitchen,52.65,2,20,84.24,19,3.7,South,Credit Card,4.0
ORD101156,2023-03-29,Electronics,205.19,4,20,656.6,67,3.7,East,PayPal,7.0
ORD103294,2023-05-21,Beauty,33.65,5,5,159.85,64,4.7,West,Debit Card,2.0
ORD102982,2024-08-08,Clothing,27.12,2,20,43.4,36,3.6,North,Credit Card,6.0
ORD102156,2023-11-20,Toys,17.82,2,0,35.65,52,5.0,South,Debit Card,5.0
ORD101062,2023-04-16,Toys,23.39,1,20,18.71,25,3.0,West,PayPal,9.0
ORD102616,2024-12-26,Books,22.06,2,0,44.12,26,4.8,North,Cash on Delivery,6.0
ORD101167,2023-10-19,Electronics,267.0,1,0,267.0,50,4.6,North,PayPal,11.0
ORD103222,2024-07-20,Electronics,236.07,3,10,637.39,59,5.0,West,UPI,8.0
ORD103636,2024-01-31,Groceries,13.76,2,0,27.52,52,5.0,North,PayPal,7.0
ORD102938,2024-10-21,Groceries,20.3,4,0,81.21,62,3.8,East,Credit Card,5.0
ORD104491,2023-05-24,Clothing,48.31,3,5,137.69,25,4.0,Central,PayPal,7.0
ORD103140,2023-12-26,Clothing,36.93,2,15,62.78,19,3.3,South,Debit Card,2.0
ORD100143,2023-10-26,Toys,21.69,1,10,19.52,52,3.4,South,Debit Card,4.0
ORD103577,2024-09-18,Clothing,47.21,5,0,236.07,20,3.5,North,Cash on Delivery,6.0
ORD102782,2024-07-10,Groceries,13.12,4,15,44.62,46,4.7,East,Debit Card,6.0
ORD100717,2023-12-26,Electronics,297.37,4,10,1070.53,39,3.9,West,PayPal,8.0
ORD101819,2023-08-04,Clothing,28.92,2,15,49.16,64,4.2,West,UPI,3.0
ORD102502,2024-07-04,Beauty,34.85,1,0,34.85,39,2.5,North,Credit Card,5.0
ORD104360,2023-01-06,Electronics,245.67,1,30,171.97,66,5.0,South,Debit Card,2.0
ORD104171,2023-07-12,Clothing,27.55,5,0,137.76,53,5.0,South,Credit Card,7.0
ORD100395,2024-10-01,Electronics,200.67,1,10,180.6,43,3.2,South,Debit Card,4.0
ORD104885,2023-05-28,Beauty,34.99,2,10,62.99,20,,South,Debit Card,5.0
ORD104492,2024-05-24,Toys,13.06,1,0,13.06,48,2.5,East,UPI,6.0
ORD101365,2023-01-13,Clothing,47.41,5,5,225.19,35,3.2,West,Debit Card,5.0
ORD104603,2024-07-07,Electronics,181.39,4,0,725.58,58,4.6,North,Debit Card,3.0
ORD100595,2024-08-09,Electronics,302.1,4,25,906.29,19,4.5,East,Credit Card,3.0
ORD103952,2024-06-16,Home & Kitchen,34.81,2,0,69.61,34,4.1,East,PayPal,6.0
ORD102914,2023-10-25,Sports,65.52,2,10,117.94,45,2.7,West,PayPal,8.0
ORD102326,2023-09-08,Electronics,218.47,5,0,1092.37,34,4.4,South,Cash on Delivery,4.0
ORD103766,2024-05-11,Electronics,315.35,5,0,1576.77,25,3.0,South,Credit Card,3.0
ORD103440,2024-11-23,Sports,47.84,4,10,172.24,47,5.0,Central,Credit Card,6.0
ORD103851,2023-02-03,Toys,14.79,2,5,28.1,58,3.7,North,UPI,6.0
ORD104132,2024-06-17,Toys,20.89,4,0,83.55,69,4.5,Central,UPI,6.0
ORD104929,2023-06-12,Groceries,13.79,3,15,35.18,36,3.9,East,PayPal,2.0
ORD102143,2024-03-22,Electronics,219.48,3,5,625.51,25,1.5,West,Credit Card,10.0
ORD101571,2023-09-22,Sports,56.64,4,20,181.24,48,5.0,North,Cash on Delivery,4.0
ORD104079,2024-07-12,Groceries,16.18,1,20,12.95,65,4.3,East,Cash on Delivery,7.0
ORD101122,2023-07-16,Home & Kitchen,48.94,4,20,156.61,68,4.4,Central,PayPal,6.0
ORD102786,2023-07-26,Beauty,22.43,1,5,21.31,57,5.0,Central,Cash on Delivery,5.0
ORD102967,2023-06-16,Electronics,198.49,3,5,565.69,62,5.0,Central,Cash on Delivery,2.0
ORD102504,2023-02-07,Electronics,156.11,5,5,741.51,31,3.7,East,PayPal,4.0
ORD103465,2024-07-02,Clothing,25.98,5,15,110.42,62,2.8,West,PayPal,5.0
ORD100675,2024-06-14,Electronics,262.24,4,0,1048.94,41,3.7,East,PayPal,4.0
ORD102808,2024-08-01,Electronics,320.01,2,30,448.01,47,4.6,North,Cash on Delivery,3.0
ORD103348,2023-03-31,Electronics,36.02,4,20,115.27,27,4.1,East,Credit Card,8.0
ORD100728,2023-12-23,Sports,16.58,4,10,59.68,62,5.0,North,PayPal,8.0
ORD100412,2023-07-24,Books,27.38,1,10,24.65,55,3.4,South,Debit Card,7.0
ORD103146,2024-04-14,Books,14.81,5,0,74.05,46,4.3,North,Debit Card,
ORD101516,2023-12-19,Clothing,43.15,3,5,122.97,65,2.0,West,Credit Card,3.0
ORD100825,2023-03-08,Toys,33.58,3,10,90.66,67,4.5,East,Debit Card,4.0
ORD103267,2024-05-19,Books,14.49,4,30,40.58,20,3.4,East,Credit Card,3.0
ORD103974,2023-03-11,Electronics,107.44,4,5,408.26,55,,West,PayPal,10.0
ORD100616,2023-07-02,Electronics,106.71,5,0,533.54,24,4.3,Central,Cash on Delivery,3.0
ORD100114,2024-01-05,Clothing,61.51,4,10,221.44,19,5.0,West,Cash on Delivery,5.0
ORD100417,2023-03-31,Toys,18.67,2,5,35.46,37,2.5,East,Cash on Delivery,6.0
ORD103069,2023-02-21,Toys,23.58,4,5,89.6,45,3.9,Central,Credit Card,3.0
ORD101625,2024-12-26,Electronics,29.37,2,0,58.74,20,5.0,West,UPI,3.0
ORD101501,2023-07-10,Clothing,43.61,3,30,91.58,44,4.3,North,Debit Card,6.0
ORD104185,2024-02-23,Clothing,46.19,5,0,230.96,25,3.4,Central,Cash on Delivery,2.0
ORD102896,2024-04-27,Clothing,19.25,3,15,49.09,33,4.9,North,PayPal,5.0
ORD104718,2023-10-21,Clothing,55.64,2,20,89.02,63,5.0,North,Credit Card,6.0
ORD102082,2023-08-26,Toys,18.57,5,30,64.99,58,5.0,North,PayPal,7.0
ORD100753,2024-11-15,Home & Kitchen,97.75,1,15,83.09,34,4.2,East,Credit Card,6.0
ORD102546,2024-08-04,Clothing,15.25,1,15,12.96,69,4.3,South,Cash on Delivery,6.0
ORD103969,2024-03-28,Toys,26.28,3,0,78.85,59,2.9,West,Credit Card,2.0
ORD103373,2024-01-03,Electronics,144.28,3,15,367.9,43,3.7,West,PayPal,4.0
ORD104107,2024-09-07,Clothing,69.09,2,30,96.72,24,4.1,North,Credit Card,4.0
ORD102444,2024-03-13,Books,21.23,4,0,84.92,63,,North,Cash on Delivery,2.0
ORD104380,2024-11-18,Electronics,180.25,4,20,576.81,21,4.6,East,Credit Card,5.0
ORD101066,2024-11-07,Toys,27.06,1,0,27.06,60,5.0,South,Credit Card,4.0
ORD103913,2024-02-07,Groceries,17.45,5,0,87.23,33,3.3,South,UPI,4.0
ORD103498,2023-03-31,Toys,49.15,1,15,41.78,32,4.1,South,PayPal,6.0
ORD102738,2023-12-26,Home & Kitchen,79.7,5,10,358.64,66,2.0,Central,PayPal,6.0
ORD104000,2023-08-21,Toys,26.73,4,0,106.91,20,3.0,South,Debit Card,3.0
ORD101568,2024-10-26,Toys,43.42,2,5,82.49,31,4.2,South,Credit Card,2.0
ORD102427,2023-10-09,Home & Kitchen,46.37,2,0,92.73,51,3.8,North,PayPal,5.0
ORD103746,2023-11-25,Groceries,14.67,5,5,69.69,63,3.6,South,Cash on Delivery,3.0
ORD104686,2024-11-24,Clothing,45.95,2,15,78.11,47,3.3,North,UPI,4.0
ORD101687,2023-10-26,Electronics,258.82,5,5,1229.39,23,3.6,East,Credit Card,9.0
ORD100851,2024-08-08,Electronics,247.24,1,15,210.15,48,5.0,East,Credit Card,7.0
ORD103546,2023-10-27,Clothing,47.19,1,15,40.11,67,4.5,West,Credit Card,3.0
ORD100895,2024-03-23,Groceries,15.0,1,15,12.75,44,5.0,North,Debit Card,5.0
ORD104592,2023-02-23,Beauty,13.01,5,0,65.04,55,4.8,Central,PayPal,5.0
ORD100335,2024-08-13,Sports,3.04,4,0,12.15,18,5.0,Central,Debit Card,4.0
ORD102839,2024-12-11,Clothing,48.38,3,15,123.38,58,2.2,East,PayPal,5.0
ORD103087,2023-05-09,Clothing,40.75,4,0,162.99,42,2.3,South,Cash on Delivery,4.0
ORD104611,2023-08-26,Books,17.11,2,20,27.38,40,4.6,West,Debit Card,4.0
ORD101348,2024-06-21,Clothing,54.49,2,5,103.53,54,4.1,East,Debit Card,2.0
ORD101015,2024-09-04,Beauty,20.44,1,0,20.44,33,5.0,West,Debit Card,4.0
ORD102816,2024-05-07,Electronics,242.75,4,25,728.24,54,4.2,North,Credit Card,4.0
ORD101631,2024-10-17,Sports,13.21,2,15,22.46,49,4.4,West,Credit Card,4.0
ORD102489,2023-09-19,Electronics,280.48,2,25,420.72,29,5.0,East,Debit Card,5.0
ORD103730,2024-06-11,Toys,26.54,2,15,45.13,59,3.0,East,Debit Card,8.0
ORD103251,2024-06-30,Clothing,42.3,5,0,211.51,46,3.9,North,PayPal,5.0
ORD104681,2023-05-05,Home & Kitchen,76.39,3,5,217.71,29,3.9,North,Credit Card,3.0
ORD102070,2023-05-19,Clothing,56.32,1,5,53.5,19,3.4,Central,PayPal,4.0
ORD104452,2023-12-16,Electronics,305.4,4,20,977.28,50,5.0,South,Credit Card,6.0
ORD104932,2024-10-19,Sports,79.94,5,5,379.72,66,4.9,East,Credit Card,4.0
ORD101635,2024-01-27,Electronics,363.6,5,15,1545.31,47,4.6,West,Debit Card,6.0
ORD104646,2024-06-29,Clothing,23.29,3,15,59.39,29,5.0,South,Credit Card,5.0
ORD102479,2023-04-09,Toys,27.25,4,0,109.02,61,3.8,North,Debit Card,2.0
ORD102265,2023-03-11,Clothing,28.55,2,5,54.25,43,3.7,South,Credit Card,5.0
ORD102959,2023-12-16,Electronics,225.45,4,15,766.53,22,3.4,East,PayPal,7.0
ORD104780,2024-09-12,Sports,89.2,1,0,89.2,68,2.4,South,Cash on Delivery,6.0
ORD103059,2023-07-19,Electronics,441.36,4,0,1765.44,33,4.6,South,Debit Card,2.0
ORD102141,2024-10-01,Electronics,213.02,5,0,1065.09,66,5.0,Central,UPI,5.0
ORD103118,2023-01-18,Books,13.77,5,20,55.09,50,3.0,West,PayPal,5.0
ORD104773,2024-12-22,Clothing,25.04,1,0,25.04,18,3.6,North,Credit Card,6.0
ORD104045,2023-01-11,Toys,21.97,3,5,62.62,33,2.8,Central,PayPal,4.0
ORD103356,2023-02-11,Books,15.04,2,5,28.58,55,2.3,East,UPI,3.0
ORD102744,2023-05-26,Home & Kitchen,90.99,3,10,245.66,61,3.3,North,Debit Card,8.0
ORD103506,2024-09-03,Sports,101.94,1,15,86.65,21,3.4,East,Debit Card,6.0
ORD101679,2024-01-12,Toys,28.07,3,10,75.79,63,3.5,East,Debit Card,5.0
ORD104249,2023-10-04,Sports,52.71,3,30,110.7,66,4.8,South,UPI,3.0
ORD103147,2024-09-03,Electronics,341.03,3,10,920.78,22,4.1,West,PayPal,9.0
ORD102294,2024-06-06,Clothing,42.33,3,0,126.98,47,4.6,South,Credit Card,5.0
ORD100580,2023-03-10,Clothing,33.42,5,0,167.08,49,4.3,West,PayPal,2.0
ORD101470,2024-10-18,Groceries,17.23,5,0,86.16,19,4.2,North,UPI,8.0
ORD104070,2023-03-13,Sports,,5,0,201.04,61,3.2,West,Credit Card,4.0
ORD103343,2024-03-28,Books,21.17,4,5,80.43,18,4.4,South,PayPal,8.0
ORD104583,2024-06-01,Electronics,346.57,1,0,346.57,55,4.6,North,UPI,4.0
ORD103672,2024-03-05,Clothing,44.96,5,0,224.79,43,4.6,North,Debit Card,4.0
ORD100559,2024-09-14,Clothing,44.89,5,0,224.45,43,3.6,South,Credit Card,2.0
ORD102849,2023-09-22,Electronics,322.41,4,30,902.76,48,4.5,North,Cash on Delivery,1.0
ORD100512,2024-09-06,Beauty,32.67,5,0,163.34,58,3.5,West,UPI,6.0
ORD101081,2024-12-24,Beauty,26.77,1,10,24.09,21,4.5,North,Cash on Delivery,4.0
ORD101664,2024-01-19,Sports,47.46,5,0,237.31,66,3.2,East,UPI,4.0
ORD101012,2023-06-29,Groceries,,2,30,22.75,39,4.8,West,PayPal,4.0
ORD101931,2023-12-19,Toys,25.72,2,30,36.01,64,3.9,South,UPI,7.0
ORD101150,2023-09-28,Clothing,54.54,4,0,218.17,63,4.8,North,PayPal,6.0
ORD102838,2023-06-07,Beauty,44.4,2,0,88.8,64,3.0,South,Debit Card,8.0
ORD100116,2023-01-28,Electronics,368.23,1,10,331.41,18,2.9,West,UPI,2.0
ORD100740,2024-08-20,Toys,29.13,5,0,145.67,69,3.4,South,PayPal,5.0
ORD104855,2024-05-20,Clothing,58.99,1,15,50.14,57,4.4,Central,Debit Card,5.0
ORD103675,2023-11-12,Groceries,18.37,1,10,16.54,39,3.0,West,Debit Card,6.0
ORD100830,2023-06-29,Groceries,14.36,1,0,14.36,55,3.8,North,PayPal,7.0
ORD100119,2023-03-25,Toys,18.39,1,10,16.55,44,5.0,Central,Debit Card,7.0
ORD104828,2024-11-02,Clothing,57.18,4,0,228.72,69,3.8,North,Credit Card,5.0
ORD104787,2023-01-08,Electronics,135.26,2,20,216.42,50,4.8,Central,UPI,3.0
ORD100635,2024-05-16,Beauty,17.51,1,10,15.76,58,2.8,Central,UPI,9.0
ORD104465,2023-03-10,Books,26.39,2,30,36.95,35,3.7,East,Credit Card,9.0
ORD104364,2024-02-27,Home & Kitchen,106.22,1,0,106.22,50,5.0,West,Cash on Delivery,3.0
ORD104142,2023-04-30,Electronics,373.68,5,10,1681.56,40,3.2,Central,Cash on Delivery,2.0
ORD100991,2024-02-06,Electronics,126.32,1,5,120.0,51,4.0,Central,Debit Card,8.0
ORD100876,2024-01-30,Electronics,399.35,5,0,1996.75,55,4.6,Central,PayPal,8.0
ORD100004,2023-11-13,Clothing,40.63,3,20,97.51,51,2.1,East,PayPal,4.0
ORD103051,2023-05-09,Electronics,253.81,5,15,1078.68,23,4.7,West,PayPal,4.0
ORD103124,2023-11-19,Electronics,209.65,4,15,712.82,43,,East,UPI,3.0
ORD102660,2023-11-14,Groceries,11.02,3,0,33.06,32,5.0,Central,Credit Card,8.0
ORD102491,2023-07-13,Toys,24.24,3,0,72.72,22,4.1,North,Credit Card,1.0
ORD103854,2023-12-19,Clothing,40.15,4,0,160.62,24,1.9,North,Credit Card,7.0
ORD101715,2024-10-04,Electronics,254.36,3,0,763.09,45,5.0,North,Debit Card,2.0
ORD101148,2024-05-18,Clothing,41.03,5,0,205.14,64,3.1,West,Cash on Delivery,4.0
ORD103261,2023-12-17,Toys,40.51,3,30,85.06,50,4.7,Central,Credit Card,6.0
ORD100574,2023-01-06,Toys,34.09,1,15,28.98,35,4.7,East,PayPal,4.0
ORD103769,2023-09-01,Electronics,274.52,1,0,274.52,21,3.8,Central,Cash on Delivery,7.0
ORD103736,2023-10-05,Home & Kitchen,64.26,3,5,183.13,37,3.4,North,Credit Card,4.0
ORD104146,2023-10-30,Electronics,351.34,5,0,1756.7,67,,West,UPI,4.0
ORD100853,2023-06-24,Clothing,23.55,2,0,47.1,33,4.9,North,Credit Card,5.0
ORD101982,2023-02-09,Beauty,47.85,5,0,239.25,23,1.9,Central,Credit Card,7.0
ORD102774,2024-02-03,Clothing,30.44,1,5,28.92,20,5.0,Central,Debit Card,5.0
ORD101166,2023-01-17,Electronics,258.39,4,30,723.49,25,5.0,Central,Cash on Delivery,
ORD100971,2023-11-02,Home & Kitchen,51.83,2,0,103.65,40,3.8,North,Credit Card,4.0
ORD102701,2024-08-03,Electronics,266.6,4,0,1066.4,61,3.0,West,Credit Card,1.0
ORD104495,2024-04-03,Beauty,66.27,4,5,251.83,35,4.1,North,PayPal,4.0
ORD103847,2023-09-20,Sports,40.78,2,25,61.17,58,2.9,North,Credit Card,4.0
ORD102368,2023-04-29,Home & Kitchen,112.05,2,10,201.68,39,4.5,East,Debit Card,7.0
ORD104115,2023-12-14,Electronics,89.04,4,0,356.14,24,3.2,West,Credit Card,4.0
ORD104131,2024-11-10,Electronics,311.81,3,15,795.13,67,4.9,Central,Credit Card,4.0
ORD102950,2023-01-24,Electronics,226.46,3,0,679.38,66,4.8,Central,PayPal,1.0
ORD100524,2023-08-21,Clothing,41.43,4,0,165.73,21,3.7,North,UPI,4.0
ORD102455,2023-12-15,Clothing,62.81,3,0,188.42,68,3.7,North,UPI,3.0
ORD101841,2023-03-12,Electronics,259.71,1,25,194.78,39,,South,Credit Card,7.0
ORD100537,2023-03-26,Electronics,435.34,4,0,1741.37,41,4.2,Central,Credit Card,4.0
ORD102806,2023-07-31,Groceries,13.07,5,15,55.57,32,,South,Credit Card,5.0
ORD104341,2023-11-02,Groceries,15.22,1,0,15.22,65,,South,Debit Card,6.0
ORD103175,2024-02-12,Toys,32.15,4,0,128.6,60,4.3,Central,Credit Card,3.0
ORD100784,2023-12-16,Electronics,405.58,2,0,811.15,46,3.3,North,Debit Card,
ORD104057,2024-01-23,Electronics,135.03,5,0,675.16,25,3.7,West,PayPal,6.0
ORD101409,2023-07-27,Beauty,46.71,2,0,93.43,27,4.4,West,UPI,6.0
ORD102537,2023-12-31,Electronics,200.65,5,10,902.91,27,4.5,East,Credit Card,4.0
ORD100154,2023-11-14,Home & Kitchen,102.09,5,0,510.44,48,4.3,North,Cash on Delivery,5.0
ORD103009,2024-08-16,Books,24.83,4,0,99.32,42,,South,Credit Card,2.0
ORD101686,2023-11-09,Electronics,152.16,1,10,136.95,37,3.2,Central,Debit Card,1.0
ORD102901,2024-08-08,Electronics,251.77,1,25,188.83,50,4.0,West,Cash on Delivery,2.0
ORD104999,2023-12-31,Electronics,178.0,3,15,453.91,31,5.0,Central,Credit Card,3.0
ORD104721,2024-08-30,Electronics,232.16,4,30,650.05,59,5.0,North,Cash on Delivery,3.0
ORD103863,2024-03-22,Electronics,374.36,2,10,673.84,48,4.2,West,PayPal,3.0
ORD102733,2023-06-06,Home & Kitchen,58.86,2,5,111.83,51,5.0,South,Credit Card,8.0
ORD101895,2024-09-14,Home & Kitchen,78.72,1,10,70.84,59,4.5,West,UPI,6.0
ORD100569,2024-02-22,Home & Kitchen,47.69,3,0,143.06,45,3.7,South,Debit Card,7.0
ORD101816,2023-06-21,Groceries,10.73,2,15,18.23,63,4.6,West,Credit Card,6.0
ORD102065,2024-01-08,Sports,78.26,2,15,133.03,65,4.2,South,Cash on Delivery,7.0
ORD100127,2024-07-13,Clothing,53.27,3,0,159.8,47,5.0,South,Cash on Delivery,8.0
ORD103394,2023-09-04,Electronics,244.16,2,10,439.49,23,,West,Credit Card,4.0
ORD103327,2023-06-04,Clothing,31.64,4,10,113.9,68,4.8,South,Credit Card,7.0
ORD103585,2023-06-08,Beauty,32.5,1,0,32.5,66,,South,Credit Card,2.0
ORD102975,2023-12-09,Electronics,299.14,5,20,1196.56,19,3.2,North,Credit Card,7.0
ORD100980,2024-03-07,Home & Kitchen,55.53,3,10,149.93,57,,South,Credit Card,9.0
ORD102300,2023-07-15,Home & Kitchen,134.47,1,10,121.03,26,,East,Debit Card,5.0
ORD100190,2024-05-14,Groceries,11.19,1,0,11.19,43,4.5,Central,Credit Card,4.0
ORD101139,2024-01-30,Books,16.25,1,0,16.25,45,4.3,South,UPI,3.0
ORD100699,2023-03-11,Groceries,10.54,5,15,44.79,26,4.0,Central,Credit Card,7.0
ORD104829,2023-12-23,Home & Kitchen,40.84,2,15,69.43,37,3.6,North,PayPal,4.0
ORD100606,2023-08-25,Clothing,62.57,2,5,118.88,67,4.5,Central,UPI,5.0
ORD104276,2023-02-19,Clothing,61.33,2,20,98.13,53,5.0,Central,PayPal,1.0
ORD100301,2024-08-27,Home & Kitchen,117.15,4,0,468.6,24,3.8,East,Credit Card,2.0
ORD103420,2024-01-13,Home & Kitchen,52.61,3,5,149.94,48,4.6,South,Cash on Delivery,1.0
ORD104869,2024-05-24,Groceries,22.88,5,0,114.39,69,4.0,North,Debit Card,5.0
ORD101060,2024-07-17,Sports,79.32,3,0,237.95,55,4.5,South,Credit Card,2.0
ORD102565,2023-11-12,Home & Kitchen,137.62,5,10,619.28,55,,South,Cash on Delivery,7.0
ORD100838,2023-01-11,Clothing,62.28,3,15,158.82,60,2.9,North,Cash on Delivery,4.0
ORD101069,2023-01-08,Clothing,41.65,5,25,156.18,45,5.0,South,PayPal,3.0
ORD102524,2023-02-15,Sports,71.74,2,15,121.95,20,2.5,West,UPI,
ORD102205,2024-08-05,Clothing,35.94,3,15,91.65,54,3.4,North,Credit Card,5.0
ORD101243,2023-12-24,Home & Kitchen,76.37,4,30,213.84,39,3.4,East,Debit Card,5.0
ORD100016,2024-01-11,Electronics,468.23,4,10,1685.62,61,4.0,South,Cash on Delivery,9.0
ORD103120,2024-03-31,Home & Kitchen,61.21,4,15,208.11,54,5.0,South,Credit Card,2.0
ORD104642,2024-11-27,Beauty,29.33,3,5,83.59,60,5.0,East,Credit Card,5.0
ORD104754,2023-06-04,Books,31.51,2,0,63.01,57,4.3,South,Debit Card,4.0
ORD100815,2024-09-03,Electronics,178.55,5,0,892.77,50,,West,Cash on Delivery,5.0
ORD103067,2024-05-30,Electronics,421.02,2,25,631.53,64,5.0,North,Debit Card,2.0
ORD104833,2023-06-23,Sports,63.74,5,5,302.79,69,4.4,West,Cash on Delivery,6.0
ORD100959,2023-10-29,Beauty,48.85,3,0,146.56,54,4.0,Central,Credit Card,
ORD100225,2023-08-12,Beauty,23.06,4,20,73.79,55,4.4,Central,Credit Card,5.0
ORD103354,2024-12-13,Electronics,346.6,4,10,1247.77,52,4.2,West,UPI,6.0
ORD102485,2023-09-21,Clothing,44.83,2,15,76.21,66,4.7,East,Credit Card,3.0
ORD100562,2023-12-27,Clothing,53.16,1,30,37.22,31,4.7,Central,Credit Card,2.0
ORD103436,2023-08-04,Clothing,15.53,2,15,26.4,22,4.0,East,Credit Card,6.0
ORD101693,2023-10-16,Beauty,3.96,4,5,15.06,65,,Central,UPI,3.0
ORD101045,2023-04-23,Home & Kitchen,56.93,4,0,227.73,68,3.6,Central,Cash on Delivery,9.0
ORD103446,2023-08-23,Electronics,260.11,4,0,1040.44,51,5.0,East,Cash on Delivery,8.0
ORD104565,2023-09-05,Beauty,32.57,5,0,162.86,51,4.7,East,Credit Card,5.0
ORD100954,2024-07-28,Groceries,18.5,5,5,87.87,23,4.0,North,Credit Card,1.0
ORD102515,2024-08-22,Clothing,39.53,3,0,118.6,55,4.1,North,Credit Card,8.0
ORD102735,2023-04-13,Sports,57.85,1,0,57.85,65,3.5,South,PayPal,5.0
ORD104953,2023-04-15,Books,24.39,3,15,62.19,63,4.8,South,Credit Card,5.0
ORD104735,2023-11-02,Beauty,19.37,3,0,58.1,38,3.7,Central,Credit Card,6.0
ORD104872,2023-02-13,Books,11.56,2,0,23.12,27,3.3,South,Cash on Delivery,6.0
ORD101218,2024-08-14,Groceries,16.02,1,10,14.42,58,4.5,North,Debit Card,8.0
ORD101527,2023-04-12,Sports,47.92,4,0,191.68,32,4.7,South,Debit Card,2.0
ORD103987,2023-02-22,Sports,68.33,3,0,205.0,66,5.0,West,Cash on Delivery,7.0
ORD101300,2024-07-09,Electronics,221.26,1,0,221.26,39,4.1,North,UPI,4.0
ORD104941,2023-11-23,Beauty,28.28,4,20,90.49,50,3.3,North,PayPal,7.0
ORD100160,2024-12-29,Toys,34.23,1,0,34.23,35,5.0,West,Cash on Delivery,5.0
ORD104067,2023-11-04,Home & Kitchen,109.03,2,0,218.05,57,4.1,East,Credit Card,2.0
ORD100956,2023-10-20,Groceries,17.41,4,0,69.65,55,4.0,Central,Credit Card,2.0
ORD103791,2023-05-10,Groceries,18.27,1,15,15.53,43,3.5,East,Cash on Delivery,7.0
ORD103234,2024-02-23,Electronics,136.77,2,5,259.85,56,4.5,South,Credit Card,6.0
ORD102869,2023-05-31,Clothing,26.36,2,25,39.54,20,4.0,Central,Credit Card,
ORD103777,2024-09-13,Sports,58.64,5,5,278.52,19,,North,Credit Card,7.0
ORD104433,2023-03-25,Sports,64.05,3,0,192.15,32,4.1,West,Debit Card,7.0
ORD102961,2023-11-05,Electronics,406.05,2,0,812.11,37,2.0,North,Debit Card,
ORD102200,2023-09-25,Groceries,0.15,1,25,0.11,48,,West,UPI,5.0
ORD100098,2024-04-10,Groceries,19.85,1,15,16.87,59,3.5,West,UPI,5.0
ORD102557,2024-09-25,Books,22.28,2,0,44.57,27,5.0,West,UPI,6.0
ORD103183,2023-02-12,Books,31.3,1,0,31.3,30,3.3,South,UPI,6.0
ORD100253,2023-08-30,Electronics,360.77,1,15,306.65,61,3.3,West,Credit Card,6.0
ORD103923,2023-11-02,Beauty,12.68,4,0,50.72,64,4.8,Central,Credit Card,1.0
ORD104199,2023-06-24,Books,17.38,1,30,12.16,24,4.8,North,Credit Card,3.0
ORD101445,2023-01-27,Toys,41.9,2,0,83.79,60,4.2,West,UPI,5.0
ORD101648,2024-12-14,Home & Kitchen,36.54,2,15,62.13,51,4.8,East,PayPal,5.0
ORD104682,2024-05-24,Sports,77.59,2,25,116.38,69,5.0,South,Cash on Delivery,5.0
ORD104723,2023-02-07,Electronics,72.07,4,5,273.85,59,,Central,Cash on Delivery,8.0
ORD103991,2024-07-05,Sports,52.24,4,5,198.5,61,3.7,East,Debit Card,4.0
ORD101696,2023-12-09,Electronics,159.95,2,5,303.9,26,4.2,Central,PayPal,4.0
ORD103191,2024-05-13,Electronics,266.28,3,0,798.83,26,3.0,East,PayPal,6.0
ORD104499,2023-09-10,Beauty,37.38,5,0,186.89,63,4.7,West,Debit Card,4.0
ORD101154,2023-08-11,Clothing,53.84,1,20,43.07,28,4.6,North,PayPal,3.0
ORD102255,2024-05-16,Books,,3,25,53.58,34,4.3,North,PayPal,4.0
ORD101682,2023-01-26,Sports,26.36,1,0,26.36,59,3.0,North,Credit Card,3.0
ORD103170,2024-04-04,Books,28.89,2,0,57.78,50,4.1,North,PayPal,4.0
ORD102056,2024-06-21,Beauty,32.68,5,10,147.05,43,3.0,North,Credit Card,4.0
ORD104090,2024-06-22,Clothing,43.8,2,5,83.21,57,,West,Credit Card,5.0
ORD103108,2024-10-20,Home & Kitchen,108.79,5,0,543.94,49,4.2,North,Debit Card,3.0
ORD104548,2024-01-19,Home & Kitchen,105.0,4,25,315.0,53,4.8,West,Debit Card,6.0
ORD103723,2024-12-27,Electronics,239.5,1,15,203.58,50,5.0,West,Credit Card,6.0
ORD102049,2024-04-27,Clothing,12.42,3,30,26.08,19,,South,Credit Card,4.0
ORD103643,2023-12-26,Sports,62.08,1,0,62.08,36,3.8,West,PayPal,3.0
ORD104977,2023-03-23,Clothing,63.88,4,15,217.19,51,5.0,West,UPI,6.0
ORD100623,2023-11-01,Home & Kitchen,96.61,3,25,217.37,60,4.1,West,Cash on Delivery,4.0
ORD100262,2023-08-08,Electronics,248.04,4,10,892.94,69,2.6,Central,Credit Card,1.0
ORD103369,2023-03-28,Electronics,202.79,2,10,365.02,66,4.7,East,Credit Card,4.0
ORD104061,2023-01-16,Clothing,35.18,4,20,112.59,23,4.3,West,Credit Card,5.0
ORD101802,2023-11-29,Groceries,1.78,1,20,1.42,27,4.2,North,Credit Card,2.0
ORD104736,2023-02-14,Clothing,46.69,5,30,163.43,32,3.9,North,Credit Card,7.0
ORD100029,2023-11-21,Sports,71.68,5,10,322.56,25,3.9,Central,Debit Card,3.0
ORD102385,2024-10-01,Toys,22.8,2,15,38.76,30,3.5,East,PayPal,
ORD101959,2023-05-17,Beauty,31.11,3,20,74.67,52,3.7,North,PayPal,6.0
ORD102976,2023-12-28,Electronics,321.79,5,10,1448.04,49,3.3,East,PayPal,5.0
ORD100488,2024-07-13,Electronics,129.53,4,5,492.21,25,4.5,South,Cash on Delivery,7.0
ORD101843,2024-09-10,Clothing,35.17,4,0,140.66,56,5.0,West,Debit Card,6.0
ORD101734,2024-09-21,Electronics,185.67,4,20,594.14,61,3.6,Central,Debit Card,2.0
ORD102911,2023-03-08,Beauty,35.33,1,25,26.5,29,4.2,East,Credit Card,4.0
ORD103219,2023-11-13,Electronics,261.79,2,5,497.41,58,4.5,North,Cash on Delivery,8.0
ORD100146,2023-01-26,Sports,56.76,5,0,283.8,30,3.5,North,Credit Card,7.0
ORD101986,2024-08-27,Beauty,23.45,3,25,52.76,31,3.1,Central,Debit Card,7.0
ORD101369,2024-04-08,Home & Kitchen,143.85,5,10,647.33,38,4.4,East,UPI,4.0
ORD102811,2023-07-29,Clothing,35.68,5,10,160.57,68,3.0,Central,Debit Card,8.0
ORD100659,2023-07-30,Clothing,69.87,5,5,331.86,37,3.4,South,Credit Card,4.0
ORD101794,2023-12-16,Beauty,33.56,4,5,127.53,62,3.9,South,Debit Card,4.0
ORD102511,2024-09-15,Books,9.52,3,25,21.42,26,2.9,West,PayPal,3.0
ORD103397,2024-12-03,Toys,37.94,2,15,64.49,26,4.8,West,Credit Card,2.0
ORD104282,2023-05-05,Books,9.98,4,5,37.91,35,4.2,South,Credit Card,7.0
ORD101147,2024-07-15,Clothing,23.84,2,5,45.3,49,4.3,North,Cash on Delivery,4.0
ORD103272,2024-04-22,Clothing,28.93,2,5,54.97,20,4.7,North,Credit Card,2.0
ORD100608,2024-12-07,Electronics,103.44,3,15,263.78,33,3.5,North,PayPal,3.0
ORD103582,2023-05-31,Books,16.37,3,15,41.73,22,3.3,North,Credit Card,5.0
ORD101930,2023-03-07,Clothing,37.33,1,15,31.73,38,4.3,East,Credit Card,5.0
ORD100197,2023-03-28,Electronics,276.34,4,20,884.27,62,3.7,North,UPI,2.0
ORD102931,2024-05-06,Home & Kitchen,80.86,4,10,291.08,47,5.0,East,PayPal,2.0
ORD102327,2023-05-03,Home & Kitchen,64.13,2,0,128.27,66,5.0,Central,UPI,7.0
ORD104389,2024-03-13,Sports,71.01,4,30,198.82,35,4.1,East,Debit Card,6.0
ORD100766,2024-03-23,Electronics,163.4,1,30,114.38,48,,East,Cash on Delivery,6.0
ORD104496,2023-08-30,Sports,51.86,5,30,181.51,52,4.5,South,Credit Card,7.0
ORD104218,2024-01-21,Sports,72.18,1,5,68.57,58,3.6,South,Credit Card,4.0
ORD103255,2023-05-19,Books,24.66,4,10,88.77,64,4.3,North,UPI,5.0
ORD100202,2023-12-28,Clothing,42.29,1,20,33.83,25,4.3,North,UPI,4.0
ORD103510,2024-12-11,Beauty,27.79,4,0,111.18,65,5.0,East,Credit Card,4.0
ORD101733,2024-09-24,Beauty,40.14,4,0,160.55,39,3.7,North,UPI,7.0
ORD102777,2024-10-22,Sports,64.35,2,10,115.84,65,3.8,Central,Credit Card,6.0
ORD101707,2024-10-29,Electronics,436.52,3,20,1047.64,35,3.3,Central,Debit Card,5.0
ORD103474,2023-08-06,Groceries,15.47,3,0,46.42,19,4.8,North,PayPal,8.0
ORD100854,2023-07-30,Home & Kitchen,68.48,4,0,273.91,28,4.2,North,Credit Card,5.0
ORD104737,2023-09-25,Sports,114.83,5,30,401.91,26,3.0,West,PayPal,6.0
ORD104097,2023-04-18,Clothing,36.19,4,0,144.77,62,4.0,South,Credit Card,6.0
ORD102160,2024-08-14,Sports,54.37,5,10,244.66,34,5.0,East,Credit Card,3.0
ORD100698,2023-02-06,Electronics,142.68,2,30,199.75,37,3.5,West,Credit Card,4.0
ORD104997,2024-08-22,Home & Kitchen,114.17,1,0,114.17,50,4.0,East,UPI,2.0
ORD102999,2024-04-29,Clothing,29.17,5,0,145.87,40,3.0,West,PayPal,5.0
ORD103696,2023-08-14,Beauty,47.0,3,0,141.0,61,2.6,West,Debit Card,6.0
ORD101636,2023-05-01,Home & Kitchen,106.72,1,10,96.05,44,3.1,Central,Debit Card,5.0
ORD103457,2023-01-23,Electronics,380.86,1,0,380.86,31,2.5,West,Debit Card,4.0
ORD103581,2024-07-13,Electronics,197.66,2,0,395.32,58,3.0,East,Cash on Delivery,4.0
ORD101291,2024-09-19,Clothing,73.42,4,5,279.01,45,4.4,East,Credit Card,6.0
ORD104659,2023-12-31,Electronics,254.94,5,5,1210.95,40,3.2,North,Debit Card,1.0
ORD101853,2023-04-28,Electronics,349.12,1,15,296.75,60,3.0,North,Credit Card,2.0
ORD103763,2024-04-10,Sports,67.21,1,0,67.21,19,4.2,Central,Credit Card,5.0
ORD103304,2023-03-28,Home & Kitchen,88.13,5,10,396.59,60,4.7,Central,Credit Card,5.0
ORD104962,2024-12-21,Electronics,169.24,5,15,719.26,42,3.2,East,Credit Card,1.0
ORD103743,2023-11-18,Beauty,17.18,3,30,36.08,26,3.9,South,Debit Card,6.0
ORD103445,2024-06-04,Clothing,53.72,1,15,45.66,18,5.0,Central,Credit Card,7.0
ORD101998,2023-07-25,Toys,25.64,1,30,17.95,62,3.2,West,PayPal,9.0
ORD100663,2023-05-28,Sports,76.05,2,5,144.49,62,3.8,Central,Credit Card,6.0
ORD104779,2023-02-22,Sports,68.16,4,0,272.63,69,3.9,North,Credit Card,9.0
ORD103748,2024-11-03,Books,19.91,4,15,67.7,34,5.0,South,PayPal,7.0
ORD104413,2024-06-08,Sports,31.46,2,30,44.04,66,,West,Credit Card,1.0
ORD104744,2024-05-23,Home & Kitchen,72.53,4,15,246.59,45,3.7,East,Debit Card,5.0
ORD100709,2023-12-07,Electronics,168.6,5,0,842.99,62,4.0,Central,Credit Card,5.0
ORD101282,2023-10-15,Groceries,17.84,1,5,16.94,26,3.1,East,Debit Card,8.0
ORD102675,2024-03-10,Electronics,287.19,4,0,1148.76,19,5.0,Central,UPI,5.0
ORD104029,2023-10-30,Electronics,282.43,1,0,282.43,47,3.8,East,Debit Card,9.0
ORD101306,2023-07-06,Sports,87.49,1,15,74.37,40,3.2,Central,PayPal,6.0
ORD102237,2023-07-17,Electronics,486.42,4,0,1945.69,67,4.4,North,Credit Card,1.0
ORD103302,2024-03-15,Beauty,23.69,5,5,112.52,30,3.4,Central,Credit Card,4.0
ORD102038,2024-12-23,Electronics,262.76,5,0,1313.81,67,3.7,South,Debit Card,4.0
ORD101529,2024-11-02,Toys,40.7,4,10,146.5,69,5.0,East,Credit Card,3.0
ORD101663,2024-02-09,Clothing,13.32,2,5,25.31,26,4.3,West,Cash on Delivery,4.0
ORD104984,2023-05-21,Clothing,50.79,5,0,253.93,25,5.0,South,Credit Card,2.0
ORD101055,2024-12-28,Beauty,40.53,2,0,81.07,34,3.7,North,Debit Card,5.0
ORD103627,2023-06-23,Electronics,229.61,3,20,551.05,31,,South,PayPal,8.0
ORD104891,2024-02-22,Electronics,228.84,5,10,1029.8,57,3.7,West,PayPal,5.0
ORD102693,2023-11-07,Sports,24.51,4,0,98.04,23,3.6,South,Cash on Delivery,2.0
ORD103060,2023-07-01,Groceries,18.32,4,0,73.29,27,4.9,Central,PayPal,4.0
ORD101597,2024-06-14,Sports,33.17,4,0,132.66,56,,East,Cash on Delivery,6.0
ORD102729,2023-12-04,Clothing,39.39,5,10,177.24,23,3.1,Central,UPI,4.0
ORD102625,2024-02-28,Electronics,299.78,3,5,854.38,58,4.3,North,PayPal,3.0
ORD103157,2024-12-28,Beauty,49.14,2,10,88.45,62,5.0,Central,Credit Card,7.0
ORD103314,2023-10-22,Home & Kitchen,109.51,3,0,328.54,39,3.9,Central,PayPal,2.0
ORD101722,2024-04-22,Clothing,66.58,5,0,332.91,21,1.6,North,Credit Card,5.0
ORD101059,2023-08-16,Home & Kitchen,75.29,1,0,75.29,32,1.9,South,Debit Card,7.0
ORD104636,2024-08-25,Electronics,296.68,1,20,237.34,20,5.0,North,Credit Card,2.0
ORD103242,2024-10-18,Beauty,28.22,4,15,95.95,32,3.7,South,Credit Card,6.0
ORD101678,2024-11-06,Sports,89.94,1,0,89.94,50,3.6,Central,Debit Card,5.0
ORD101757,2024-03-20,Home & Kitchen,93.78,1,0,93.78,44,4.5,West,PayPal,9.0
ORD104191,2023-09-08,Electronics,411.2,5,0,2055.98,60,4.8,North,Debit Card,4.0
ORD100563,2023-05-13,Toys,20.04,2,0,40.07,67,5.0,North,UPI,6.0
ORD102790,2024-11-15,Clothing,14.99,2,25,22.49,21,4.4,East,Credit Card,8.0
ORD100863,2024-07-18,Books,16.77,5,0,83.84,44,2.3,North,Debit Card,2.0
ORD101484,2023-10-31,Clothing,39.5,2,10,71.1,58,4.0,East,Cash on Delivery,8.0
ORD100206,2024-07-12,Toys,31.7,5,20,126.8,51,2.9,West,Credit Card,6.0
ORD104488,2024-04-30,Electronics,224.06,3,0,672.19,36,2.9,North,Debit Card,5.0
ORD100870,2023-11-30,Toys,16.11,2,10,29.0,38,3.0,South,PayPal,4.0
ORD104493,2023-07-11,Home & Kitchen,98.63,4,10,355.05,46,5.0,East,Debit Card,6.0
ORD100502,2024-12-04,Clothing,28.68,2,10,51.62,66,4.4,Central,Credit Card,3.0
ORD101028,2024-02-18,Beauty,27.82,5,0,139.1,18,3.3,Central,Cash on Delivery,3.0
ORD103840,2024-09-28,Toys,29.29,3,20,70.29,56,4.6,East,Credit Card,7.0
ORD102690,2024-06-17,Books,18.41,2,10,33.14,54,4.5,West,Credit Card,1.0
ORD101570,2023-02-28,Clothing,73.26,4,25,219.79,19,5.0,West,Credit Card,5.0
ORD102773,2024-05-30,Toys,10.78,1,0,10.78,47,4.7,Central,Credit Card,6.0
ORD102731,2024-01-17,Toys,38.32,5,0,191.61,37,4.2,West,PayPal,3.0
ORD100804,2024-06-23,Sports,75.86,2,5,144.14,25,,Central,Debit Card,4.0
ORD103645,2024-01-22,Sports,4.77,1,0,4.77,29,5.0,East,Credit Card,3.0
ORD102454,2024-08-29,Clothing,15.34,5,10,69.02,52,4.5,Central,Credit Card,7.0
ORD104598,2024-11-29,Clothing,39.52,5,0,197.62,25,3.3,East,UPI,2.0
ORD103104,2024-05-27,Books,29.31,4,0,117.24,19,3.0,East,PayPal,4.0
ORD104875,2024-04-30,Electronics,364.21,1,0,364.21,49,5.0,Central,Credit Card,3.0
ORD100200,2023-09-25,Sports,57.2,2,15,97.25,67,3.5,Central,UPI,5.0
ORD103099,2023-07-19,Home & Kitchen,76.3,3,0,228.89,25,5.0,North,Credit Card,9.0
ORD102278,2023-09-27,Clothing,44.54,5,20,178.15,62,4.8,South,Debit Card,5.0
ORD103561,2023-05-05,Home & Kitchen,65.63,4,0,262.5,28,,East,PayPal,4.0
ORD104474,2024-09-13,Books,12.55,5,0,62.75,61,,South,Credit Card,3.0
ORD104514,2024-10-28,Clothing,58.25,1,15,49.51,32,3.1,Central,UPI,7.0
ORD100391,2023-05-12,Groceries,24.22,5,15,102.93,67,3.0,South,PayPal,5.0
ORD101495,2023-11-12,Electronics,204.29,4,0,817.17,53,4.7,East,Debit Card,5.0
ORD102695,2023-09-28,Groceries,19.55,5,10,87.95,49,4.4,East,UPI,2.0
ORD102027,2024-11-25,Sports,55.54,1,25,41.66,30,5.0,Central,Cash on Delivery,6.0
ORD102568,2023-10-05,Clothing,41.51,5,0,207.55,38,3.8,East,Debit Card,6.0
ORD100064,2023-10-28,Books,16.38,4,15,55.71,52,3.5,South,Debit Card,2.0
ORD103884,2023-04-29,Electronics,258.5,3,0,775.49,48,5.0,Central,PayPal,8.0
ORD102062,2023-04-20,Clothing,42.26,1,0,42.26,54,,West,Credit Card,3.0
ORD100492,2024-07-04,Clothing,51.17,1,0,51.17,63,,Central,Cash on Delivery,5.0
ORD100379,2023-07-11,Electronics,321.58,1,0,321.58,21,4.2,East,Debit Card,3.0
ORD104859,2024-07-07,Sports,37.89,5,0,189.47,59,4.6,East,Credit Card,1.0
ORD103993,2023-07-28,Electronics,153.47,5,0,767.34,22,5.0,North,Credit Card,1.0
ORD104887,2024-01-30,Electronics,407.41,4,15,1385.2,63,3.4,Central,UPI,6.0
ORD101076,2024-06-04,Beauty,25.93,4,15,88.16,34,2.7,North,Debit Card,1.0
ORD100878,2024-02-05,Home & Kitchen,64.36,3,0,193.07,46,,Central,PayPal,7.0
ORD100337,2023-08-20,Clothing,44.69,1,15,37.99,28,2.7,East,Cash on Delivery,6.0
ORD101016,2023-10-08,Books,32.15,5,30,112.51,24,5.0,South,Cash on Delivery,6.0
ORD101275,2024-06-05,Home & Kitchen,58.92,5,30,206.21,27,4.7,South,Debit Card,4.0
ORD103798,2023-01-08,Clothing,31.49,1,20,25.19,33,3.8,West,UPI,2.0
ORD104551,2023-01-27,Clothing,61.26,1,15,52.07,38,3.1,Central,Debit Card,7.0
ORD103342,2023-03-14,Clothing,75.37,5,0,376.84,60,2.2,South,Credit Card,8.0
ORD104911,2024-01-28,Sports,57.07,2,5,108.44,57,3.3,West,Credit Card,9.0
ORD100995,2024-04-02,Beauty,19.15,3,15,48.82,18,4.2,North,Credit Card,8.0
ORD101981,2024-03-31,Sports,59.93,3,5,170.8,22,4.4,East,Debit Card,6.0
ORD104297,2024-07-16,Electronics,412.41,5,15,1752.72,60,4.4,South,PayPal,4.0
ORD100161,2024-04-30,Clothing,28.89,3,5,82.33,61,4.0,West,Debit Card,5.0
ORD104798,2023-10-13,Toys,23.27,3,0,69.8,32,2.9,East,UPI,5.0
ORD101500,2024-01-23,Sports,50.57,1,0,50.57,23,2.8,West,Debit Card,7.0
ORD103843,2023-08-08,Home & Kitchen,141.91,5,10,638.61,37,3.8,West,Debit Card,3.0
ORD102613,2024-03-12,Groceries,15.0,1,0,15.0,58,3.4,East,Debit Card,5.0
ORD103461,2024-11-21,Electronics,207.09,1,10,186.38,43,3.1,West,UPI,
ORD101021,2023-02-22,Toys,39.43,5,20,157.73,30,3.3,Central,Credit Card,6.0
ORD103073,2024-07-25,Toys,29.59,1,20,23.67,32,3.6,North,Credit Card,6.0
ORD103943,2024-12-09,Beauty,32.24,4,0,128.98,61,3.3,West,PayPal,
ORD101585,2023-08-21,Groceries,26.08,2,0,52.15,50,4.6,Central,Debit Card,5.0
ORD101955,2023-10-20,Clothing,43.84,4,30,122.75,33,3.3,West,Debit Card,4.0
ORD103152,2023-05-24,Books,19.83,4,10,71.39,31,4.0,East,UPI,3.0
ORD100034,2024-10-11,Groceries,18.26,3,5,52.04,42,3.1,Central,Credit Card,5.0
ORD104014,2023-07-26,Electronics,192.4,4,0,769.6,23,4.2,South,PayPal,8.0
ORD100775,2024-11-26,Beauty,49.88,2,0,99.77,36,3.6,West,PayPal,7.0
ORD102556,2024-08-06,Books,19.46,4,0,77.83,60,4.2,South,Credit Card,6.0
ORD101478,2023-06-18,Home & Kitchen,89.82,4,20,287.41,40,3.1,South,Credit Card,6.0
ORD101363,2023-05-28,Clothing,23.69,5,5,112.51,31,,East,Debit Card,3.0
ORD102612,2023-05-13,Beauty,50.67,2,10,91.21,29,4.5,North,Cash on Delivery,4.0
ORD102824,2024-03-28,Electronics,271.71,4,15,923.82,38,,North,Credit Card,6.0
ORD102041,2024-10-14,Electronics,221.99,4,20,710.38,61,3.6,South,Credit Card,2.0
ORD100241,2024-03-02,Toys,25.84,1,5,24.55,61,2.7,East,Credit Card,4.0
ORD102061,2024-02-15,Clothing,34.34,2,0,68.68,45,5.0,West,UPI,9.0
ORD102363,2023-03-28,Beauty,18.24,3,15,46.5,56,3.6,West,UPI,7.0
ORD100600,2024-03-26,Groceries,12.49,1,0,12.49,18,4.8,West,Debit Card,8.0
ORD102435,2024-02-17,Electronics,227.17,2,25,340.75,51,5.0,East,PayPal,4.0
ORD102888,2023-04-19,Home & Kitchen,12.42,1,0,12.42,47,3.9,North,PayPal,3.0
ORD100646,2023-12-03,Sports,27.63,5,15,117.41,20,3.3,South,Debit Card,5.0
ORD103890,2024-02-19,Electronics,276.83,5,20,1107.31,33,5.0,West,UPI,5.0
ORD103556,2024-05-30,Electronics,135.11,3,0,405.33,62,3.2,East,Credit Card,4.0
ORD103202,2024-07-16,Electronics,276.08,5,0,1380.39,23,3.6,South,Credit Card,9.0
ORD101528,2023-01-16,Home & Kitchen,102.46,3,0,307.39,63,4.3,West,Cash on Delivery,5.0
ORD101267,2023-09-30,Clothing,29.42,2,20,47.08,58,3.3,East,PayPal,3.0
ORD101899,2023-09-06,Beauty,17.7,5,10,79.66,20,4.8,West,UPI,7.0
ORD104658,2023-11-04,Electronics,345.76,4,20,1106.45,45,4.4,North,PayPal,1.0
ORD103005,2023-09-29,Clothing,44.44,2,15,75.55,66,4.0,East,Credit Card,5.0
ORD102734,2023-11-24,Sports,70.92,2,15,120.57,36,4.1,South,Cash on Delivery,3.0
ORD100189,2023-08-09,Home & Kitchen,86.45,3,25,194.52,55,2.7,South,UPI,6.0
ORD101806,2023-01-07,Books,5.58,3,5,15.91,25,3.1,South,UPI,6.0
ORD100975,2023-06-14,Home & Kitchen,74.62,3,0,223.87,46,3.0,South,Credit Card,6.0
ORD102747,2024-08-14,Electronics,56.56,5,0,282.79,69,3.3,North,Cash on Delivery,4.0
ORD102047,2024-01-24,Clothing,91.61,5,10,412.23,40,4.5,East,Credit Card,9.0
ORD102558,2023-01-23,Books,14.93,3,15,38.06,42,4.2,South,Credit Card,6.0
ORD101082,2024-12-01,Home & Kitchen,93.96,3,15,239.6,32,2.9,North,Debit Card,3.0
ORD100474,2024-04-08,Home & Kitchen,70.07,3,5,199.69,62,3.6,North,Debit Card,3.0
ORD102904,2024-04-21,Books,19.02,2,0,38.03,23,5.0,East,UPI,5.0
ORD104843,2023-05-25,Electronics,151.26,2,0,302.53,55,2.2,South,UPI,4.0
ORD104117,2023-04-06,Toys,,3,0,71.88,54,4.5,West,UPI,5.0
ORD103385,2023-06-30,Electronics,194.24,2,0,388.48,54,4.3,East,PayPal,
ORD104555,2023-06-08,Clothing,52.27,1,5,49.66,42,4.1,North,Credit Card,1.0
ORD101184,2023-11-04,Electronics,320.46,3,10,865.24,26,3.9,Central,Debit Card,1.0
ORD102433,2023-08-19,Clothing,44.95,5,10,202.27,40,2.8,Central,Credit Card,8.0
ORD102391,2023-05-21,Clothing,50.61,2,25,75.91,21,4.8,West,PayPal,3.0
ORD100769,2023-10-03,Electronics,232.78,2,30,325.9,47,4.5,West,UPI,7.0
ORD101685,2024-01-16,Beauty,36.27,1,10,32.64,57,3.6,North,PayPal,4.0
ORD100130,2024-02-18,Electronics,345.3,4,25,1035.9,48,4.0,South,Credit Card,6.0
ORD102919,2023-10-04,Clothing,49.2,3,20,118.08,56,4.1,South,Credit Card,1.0
ORD103171,2024-11-17,Toys,29.12,1,0,29.12,25,2.9,Central,UPI,3.0
ORD103444,2024-11-01,Electronics,256.65,2,15,436.31,28,3.9,West,Debit Card,2.0
ORD104426,2023-07-08,Clothing,57.48,2,20,91.97,62,3.5,North,Cash on Delivery,6.0
ORD100466,2023-05-02,Clothing,42.01,4,30,117.63,68,2.7,West,PayPal,6.0
ORD103092,2024-06-09,Books,18.9,3,0,56.69,63,3.7,Central,Debit Card,7.0
ORD103772,2024-01-21,Books,13.41,1,0,13.41,49,3.7,South,Debit Card,3.0
ORD100860,2024-12-08,Clothing,25.5,5,20,102.02,58,4.7,South,UPI,4.0
