review_id,text,source,item,true_sentiment,review_date
REV100000,I hate how unreliable this wireless headphones turned out to be.,Product Forum,wireless headphones,negative,2024-01-24
REV100001,What a wonderful bluetooth speaker! Great value for the price.,Facebook Comment,bluetooth speaker,positive,2024-04-01
REV100002,"The delivery service meets the basic requirements, nothing more.",Amazon Review,delivery service,neutral,2024-08-01
REV100003,"I'm so happy with the electric toothbrush, works perfectly and looks great.",Amazon Review,electric toothbrush,positive,2024-03-21
REV100004,"Very frustrated with the customer support experience, it never worked as advertised.",Amazon Review,customer support experience,negative,2024-02-29
REV100005,This fitness tracker is poorly made and feels cheap.,Facebook Comment,fitness tracker,negative,2024-04-30
REV100006,The mobile app stopped working and support was unhelpful. :(,Amazon Review,mobile app,negative,2024-12-10
REV100007,"Excellent software update, exactly as described and super reliable. Love it!",Twitter/X Post,software update,positive,2024-12-16
REV100008,Great delivery service! My whole family loves it.,Twitter/X Post,delivery service,positive,2024-08-22
REV100009,"I'm so happy with the streaming service, works perfectly and looks great.",Product Forum,streaming service,positive,2024-05-23
REV100010,"Worst wireless headphones I have ever bought, total regret.!!",Facebook Comment,wireless headphones,negative,2024-01-24
REV100011,Comparing the water bottle to similar products on the market now.,Facebook Comment,water bottle,neutral,2024-09-14
REV100012,"Disappointing laptop stand, definitely returning it. :(",Product Forum,laptop stand,negative,2024-03-16
REV100013,Comparing the backpack to similar products on the market now.,Facebook Comment,backpack,neutral,2024-11-14
REV100014,"I'm so disappointed with this mobile app, complete waste of money. Never again.",Product Forum,mobile app,negative,2024-11-28
REV100015,"Very frustrated with the smartphone case, it never worked as advertised. :(",Amazon Review,smartphone case,negative,2024-08-24
REV100016,"The electric toothbrush does what it's supposed to do, nothing special.",Twitter/X Post,electric toothbrush,neutral,2024-06-17
REV100017,"This restaurant chain is a game changer, I use it every single day.",News Headline,restaurant chain,positive,2024-11-27
REV100018,The desk lamp arrived quickly and the build quality is amazing.,Product Forum,desk lamp,positive,2024-02-14
REV100019,"Terrible air purifier, broke after just two days of use.",Amazon Review,air purifier,negative,2024-02-06
REV100020,"The streaming service is okay, not great but not bad either.",Twitter/X Post,streaming service,neutral,2024-03-04
REV100021,"This subscription plan is a game changer, I use it every single day.",Amazon Review,subscription plan,positive,2024-08-25
REV100022,"The laptop stand is okay, not great but not bad either.",Facebook Comment,laptop stand,neutral,2024-06-26
REV100023,Considering whether to keep the airline or exchange it.,Twitter/X Post,airline,neutral,2024-02-20
REV100024,"Absolutely love this bluetooth speaker, it exceeded all my expectations!",Facebook Comment,bluetooth speaker,positive,2024-11-14
REV100025,What a wonderful bluetooth speaker! Great value for the price. Love it!,News Headline,bluetooth speaker,positive,2024-01-03
REV100026,"The water bottle does what it's supposed to do, nothing special.",Amazon Review,water bottle,neutral,2024-11-09
REV100027,The customer service team was super helpful with my yoga mat order.,Amazon Review,yoga mat,positive,2024-05-14
REV100028,"Just unboxed the delivery service, will update this review later.",Twitter/X Post,delivery service,neutral,2024-08-16
REV100029,"This backpack is a game changer, I use it every single day.",Product Forum,backpack,positive,2024-06-12
REV100030,"Absolutely love this air purifier, it exceeded all my expectations!",Product Forum,air purifier,positive,2024-09-18
REV100031,Great mobile app! My whole family loves it.,News Headline,mobile app,positive,2024-05-21
REV100032,"I'm so disappointed with this office chair, complete waste of money. Never again.",News Headline,office chair,negative,2024-03-04
REV100033,The yoga mat arrived on time and matches the description.,News Headline,yoga mat,neutral,2024-05-18
REV100034,"Just unboxed the fitness tracker, will update this review later.",Twitter/X Post,fitness tracker,neutral,2024-08-29
REV100035,The smartphone case has some pros and cons worth mentioning.,News Headline,smartphone case,neutral,2024-11-30
REV100036,"The laptop stand does what it's supposed to do, nothing special.",Twitter/X Post,laptop stand,neutral,2024-11-28
REV100037,"I bought the fitness tracker last week, still testing it out.",Product Forum,fitness tracker,neutral,2024-11-29
REV100038,What a wonderful smartphone case! Great value for the price.,Facebook Comment,smartphone case,positive,2024-03-29
REV100039,"Terrible smartphone case, broke after just two days of use.",Product Forum,smartphone case,negative,2024-05-05
REV100040,"Just unboxed the yoga mat, will update this review later.",Twitter/X Post,yoga mat,neutral,2024-09-05
REV100041,What a wonderful software update! Great value for the price.,Product Forum,software update,positive,2024-08-31
REV100042,"I'm impressed by how well the desk lamp performs, truly outstanding. 😊",Product Forum,desk lamp,positive,2024-09-04
REV100043,Great water bottle! My whole family loves it.,Facebook Comment,water bottle,positive,2024-07-21
REV100044,"Absolutely love this fitness tracker, it exceeded all my expectations! 😊",News Headline,fitness tracker,positive,2024-06-30
REV100045,"I'm impressed by how well the backpack performs, truly outstanding.",Product Forum,backpack,positive,2024-07-08
REV100046,"Very frustrated with the running shoes, it never worked as advertised.",Product Forum,running shoes,negative,2024-03-30
REV100047,"The backpack is okay, not great but not bad either.",Facebook Comment,backpack,neutral,2024-07-31
REV100048,"Disappointing kitchen blender, definitely returning it. 😡",Twitter/X Post,kitchen blender,negative,2024-03-11
REV100049,"I'm so disappointed with this gaming mouse, complete waste of money.",Twitter/X Post,gaming mouse,negative,2024-10-29
REV100050,"I bought the software update last week, still testing it out.",Amazon Review,software update,neutral,2024-04-17
REV100051,"This electric toothbrush is fantastic, best purchase I've made all year.",News Headline,electric toothbrush,positive,2024-08-31
REV100052,"I'm so happy with the streaming service, works perfectly and looks great.",Twitter/X Post,streaming service,positive,2024-12-13
REV100053,"Awful experience with the desk lamp, would not recommend at all.",Facebook Comment,desk lamp,negative,2024-09-06
REV100054,Comparing the customer support experience to similar products on the market now.,Twitter/X Post,customer support experience,neutral,2024-08-16
REV100055,"Just unboxed the gaming mouse, will update this review later.",News Headline,gaming mouse,neutral,2024-10-29
REV100056,Here is my honest review of the yoga mat after a week of use.,Twitter/X Post,yoga mat,neutral,2024-01-30
REV100057,"Excellent fitness tracker, exactly as described and super reliable. Love it!",Twitter/X Post,fitness tracker,positive,2024-03-19
REV100058,"Received the delivery service today, packaging was standard.",Twitter/X Post,delivery service,neutral,2024-12-10
REV100059,Here is my honest review of the backpack after a week of use.,Product Forum,backpack,neutral,2024-11-10
REV100060,The air purifier is overpriced for such low quality.,Twitter/X Post,air purifier,negative,2024-02-03
REV100061,What a wonderful yoga mat! Great value for the price.,Product Forum,yoga mat,positive,2024-03-15
REV100062,"Five stars for the laptop stand, it changed the way I do things. 😊",Product Forum,laptop stand,positive,2024-01-18
REV100063,"Awful experience with the kitchen blender, would not recommend at all.",Facebook Comment,kitchen blender,negative,2024-07-11
REV100064,"The smartphone case works as expected, average performance overall.",Amazon Review,smartphone case,neutral,2024-03-28
REV100065,Highly recommend the gaming mouse to anyone looking for quality.,News Headline,gaming mouse,positive,2024-09-13
REV100066,"This office chair is a game changer, I use it every single day. Love it!",Product Forum,office chair,positive,2024-04-16
REV100067,The customer service team was super helpful with my electric toothbrush order.,News Headline,electric toothbrush,positive,2024-01-22
REV100068,"The delivery service does what it's supposed to do, nothing special.",Facebook Comment,delivery service,neutral,2024-10-26
REV100069,"Worst bluetooth speaker I have ever bought, total regret. :(",Product Forum,bluetooth speaker,negative,2024-06-28
REV100070,Comparing the smartphone case to similar products on the market now.,Amazon Review,smartphone case,neutral,2024-01-02
REV100071,"The streaming service is okay, not great but not bad either.",Amazon Review,streaming service,neutral,2024-04-14
REV100072,"The streaming service is okay, not great but not bad either.",News Headline,streaming service,neutral,2024-07-29
REV100073,This software update caused nothing but problems since day one.,Facebook Comment,software update,negative,2024-12-20
REV100074,"Excellent subscription plan, exactly as described and super reliable. :)",Product Forum,subscription plan,positive,2024-08-23
REV100075,This bluetooth speaker is poorly made and feels cheap.,Amazon Review,bluetooth speaker,negative,2024-05-19
REV100076,Highly recommend the software update to anyone looking for quality.,Facebook Comment,software update,positive,2024-12-23
REV100077,"Very frustrated with the delivery service, it never worked as advertised.!!",Twitter/X Post,delivery service,negative,2024-11-13
REV100078,"The restaurant chain works as expected, average performance overall.",Product Forum,restaurant chain,neutral,2024-04-14
REV100079,"The software update is okay, not great but not bad either.",Amazon Review,software update,neutral,2024-05-20
REV100080,"This gaming mouse is fantastic, best purchase I've made all year.",Amazon Review,gaming mouse,positive,2024-07-09
REV100081,Comparing the air purifier to similar products on the market now.,Product Forum,air purifier,neutral,2024-04-29
REV100082,Considering whether to keep the mobile app or exchange it.,Product Forum,mobile app,neutral,2024-02-21
REV100083,The mobile app arrived quickly and the build quality is amazing.,Facebook Comment,mobile app,positive,2024-10-13
REV100084,"Received the yoga mat today, packaging was standard.",Amazon Review,yoga mat,neutral,2024-05-17
REV100085,What a wonderful water bottle! Great value for the price. 😊,Facebook Comment,water bottle,positive,2024-06-04
REV100086,The yoga mat is overpriced for such low quality.,Facebook Comment,yoga mat,negative,2024-12-30
REV100087,Highly recommend the customer support experience to anyone looking for quality. 😊,Product Forum,customer support experience,positive,2024-03-21
REV100088,This water bottle is poorly made and feels cheap. Never again.,Product Forum,water bottle,negative,2024-04-17
REV100089,The software update stopped working and support was unhelpful.,Product Forum,software update,negative,2024-04-05
REV100090,"I'm so happy with the gaming mouse, works perfectly and looks great.",Amazon Review,gaming mouse,positive,2024-12-23
REV100091,The kitchen blender is overpriced for such low quality. :(,News Headline,kitchen blender,negative,2024-12-05
REV100092,"Terrible wireless headphones, broke after just two days of use.!!",Amazon Review,wireless headphones,negative,2024-02-26
REV100093,Comparing the customer support experience to similar products on the market now.,Amazon Review,customer support experience,neutral,2024-07-30
REV100094,What a wonderful electric toothbrush! Great value for the price.,Facebook Comment,electric toothbrush,positive,2024-11-18
REV100095,"Just unboxed the water bottle, will update this review later.",Twitter/X Post,water bottle,neutral,2024-05-08
REV100096,Comparing the restaurant chain to similar products on the market now.,Twitter/X Post,restaurant chain,neutral,2024-10-31
REV100097,Great customer support experience! My whole family loves it.,Twitter/X Post,customer support experience,positive,2024-03-20
REV100098,The streaming service arrived damaged and customer service ignored me.,Amazon Review,streaming service,negative,2024-01-13
REV100099,"Just unboxed the mobile app, will update this review later.",News Headline,mobile app,neutral,2024-07-22
REV100100,The customer service team was super helpful with my gaming mouse order.,Facebook Comment,gaming mouse,positive,2024-08-13
REV100101,"Terrible customer support experience, broke after just two days of use.",News Headline,customer support experience,negative,2024-07-05
REV100102,The gaming mouse arrived on time and matches the description.,News Headline,gaming mouse,neutral,2024-12-29
REV100103,I hate how unreliable this coffee maker turned out to be. Never again.,Amazon Review,coffee maker,negative,2024-09-05
REV100104,"Worst laptop stand I have ever bought, total regret.",News Headline,laptop stand,negative,2024-05-20
REV100105,Great mobile app! My whole family loves it.,Twitter/X Post,mobile app,positive,2024-09-27
REV100106,"This coffee maker is a game changer, I use it every single day. Love it!",Amazon Review,coffee maker,positive,2024-05-01
REV100107,"I'm impressed by how well the water bottle performs, truly outstanding.",Product Forum,water bottle,positive,2024-07-29
REV100108,"The smartphone case does what it's supposed to do, nothing special.",Product Forum,smartphone case,neutral,2024-05-16
REV100109,The desk lamp arrived quickly and the build quality is amazing.,Twitter/X Post,desk lamp,positive,2024-09-03
REV100110,"Awful experience with the water bottle, would not recommend at all. Never again.",Facebook Comment,water bottle,negative,2024-12-04
REV100111,The desk lamp arrived on time and matches the description.,News Headline,desk lamp,neutral,2024-12-25
REV100112,"Received the software update today, packaging was standard.",Product Forum,software update,neutral,2024-09-04
REV100113,The bluetooth speaker has some pros and cons worth mentioning.,Twitter/X Post,bluetooth speaker,neutral,2024-01-11
REV100114,"I bought the smartphone case last week, still testing it out.",Twitter/X Post,smartphone case,neutral,2024-11-21
REV100115,I hate how unreliable this restaurant chain turned out to be. 😡,News Headline,restaurant chain,negative,2024-06-02
REV100116,"Excellent fitness tracker, exactly as described and super reliable.!!",News Headline,fitness tracker,positive,2024-08-23
REV100117,"I'm so disappointed with this customer support experience, complete waste of money. 😡",News Headline,customer support experience,negative,2024-02-27
REV100118,Great air purifier! My whole family loves it.,Amazon Review,air purifier,positive,2024-12-24
REV100119,The delivery service stopped working and support was unhelpful.,News Headline,delivery service,negative,2024-07-25
REV100120,"The wireless headphones is okay, not great but not bad either.",Product Forum,wireless headphones,neutral,2024-04-18
REV100121,"I'm impressed by how well the electric toothbrush performs, truly outstanding.",Amazon Review,electric toothbrush,positive,2024-03-02
REV100122,"Disappointing smartphone case, definitely returning it. Never again.",News Headline,smartphone case,negative,2024-03-11
REV100123,"The fitness tracker works as expected, average performance overall.",News Headline,fitness tracker,neutral,2024-01-07
REV100124,This air purifier is poorly made and feels cheap. Never again.,Product Forum,air purifier,negative,2024-01-03
REV100125,I hate how unreliable this bluetooth speaker turned out to be.,Facebook Comment,bluetooth speaker,negative,2024-08-30
REV100126,"The bluetooth speaker is okay, not great but not bad either.",Amazon Review,bluetooth speaker,neutral,2024-01-16
REV100127,Comparing the gaming mouse to similar products on the market now.,Facebook Comment,gaming mouse,neutral,2024-08-07
REV100128,Considering whether to keep the airline or exchange it.,News Headline,airline,neutral,2024-03-05
REV100129,The airline stopped working and support was unhelpful.!!,Amazon Review,airline,negative,2024-11-03
REV100130,"The restaurant chain meets the basic requirements, nothing more.",Twitter/X Post,restaurant chain,neutral,2024-04-30
REV100131,The yoga mat arrived quickly and the build quality is amazing.,Facebook Comment,yoga mat,positive,2024-08-11
REV100132,"I'm so happy with the coffee maker, works perfectly and looks great. :)",Facebook Comment,coffee maker,positive,2024-10-17
REV100133,"This bluetooth speaker is a game changer, I use it every single day.!!",Twitter/X Post,bluetooth speaker,positive,2024-11-08
REV100134,I hate how unreliable this software update turned out to be.,Facebook Comment,software update,negative,2024-04-01
REV100135,The customer service team was super helpful with my airline order.,Facebook Comment,airline,positive,2024-03-27
REV100136,"Received the air purifier today, packaging was standard.",News Headline,air purifier,neutral,2024-11-07
REV100137,"Five stars for the fitness tracker, it changed the way I do things. :)",News Headline,fitness tracker,positive,2024-11-23
REV100138,This delivery service is poorly made and feels cheap.,News Headline,delivery service,negative,2024-01-01
REV100139,"This water bottle is a game changer, I use it every single day.",Product Forum,water bottle,positive,2024-10-14
REV100140,What a wonderful mobile app! Great value for the price.,News Headline,mobile app,positive,2024-01-24
REV100141,"The delivery service does what it's supposed to do, nothing special.",Product Forum,delivery service,neutral,2024-09-09
REV100142,"This backpack is fantastic, best purchase I've made all year.",News Headline,backpack,positive,2024-08-21
REV100143,The coffee maker has some pros and cons worth mentioning.,Twitter/X Post,coffee maker,neutral,2024-10-14
REV100144,"The yoga mat is okay, not great but not bad either.",Product Forum,yoga mat,neutral,2024-09-07
REV100145,"Disappointing customer support experience, definitely returning it.",Twitter/X Post,customer support experience,negative,2024-02-28
REV100146,"Absolutely love this water bottle, it exceeded all my expectations!",Facebook Comment,water bottle,positive,2024-04-16
REV100147,Considering whether to keep the electric toothbrush or exchange it.,Amazon Review,electric toothbrush,neutral,2024-09-29
REV100148,Great restaurant chain! My whole family loves it.,Twitter/X Post,restaurant chain,positive,2024-09-13
REV100149,"Excellent water bottle, exactly as described and super reliable.",Facebook Comment,water bottle,positive,2024-04-08
REV100150,This delivery service is poorly made and feels cheap.,Product Forum,delivery service,negative,2024-02-17
REV100151,What a wonderful mobile app! Great value for the price. 😊,Product Forum,mobile app,positive,2024-11-22
REV100152,The fitness tracker stopped working and support was unhelpful.,Twitter/X Post,fitness tracker,negative,2024-02-20
REV100153,"Disappointing water bottle, definitely returning it.!!",News Headline,water bottle,negative,2024-12-13
REV100154,I hate how unreliable this restaurant chain turned out to be.,Facebook Comment,restaurant chain,negative,2024-03-27
REV100155,"The fitness tracker is okay, not great but not bad either.",Twitter/X Post,fitness tracker,neutral,2024-12-08
REV100156,The coffee maker arrived on time and matches the description.,Amazon Review,coffee maker,neutral,2024-11-26
REV100157,Considering whether to keep the laptop stand or exchange it.,Facebook Comment,laptop stand,neutral,2024-05-17
REV100158,Here is my honest review of the subscription plan after a week of use.,Twitter/X Post,subscription plan,neutral,2024-06-09
REV100159,The streaming service arrived quickly and the build quality is amazing. 😊,Twitter/X Post,streaming service,positive,2024-07-27
REV100160,"The yoga mat works as expected, average performance overall.",News Headline,yoga mat,neutral,2024-02-28
REV100161,Highly recommend the office chair to anyone looking for quality.,Twitter/X Post,office chair,positive,2024-07-25
REV100162,This coffee maker is poorly made and feels cheap.!!,Twitter/X Post,coffee maker,negative,2024-12-29
REV100163,"I'm impressed by how well the water bottle performs, truly outstanding.",Facebook Comment,water bottle,positive,2024-08-23
REV100164,"Received the laptop stand today, packaging was standard.",Amazon Review,laptop stand,neutral,2024-09-20
REV100165,Highly recommend the restaurant chain to anyone looking for quality. Love it!,Twitter/X Post,restaurant chain,positive,2024-05-16
REV100166,What a wonderful bluetooth speaker! Great value for the price.!!,Twitter/X Post,bluetooth speaker,positive,2024-07-06
REV100167,"The fitness tracker meets the basic requirements, nothing more.",Amazon Review,fitness tracker,neutral,2024-04-13
REV100168,The coffee maker has some pros and cons worth mentioning.,Facebook Comment,coffee maker,neutral,2024-06-24
REV100169,Great electric toothbrush! My whole family loves it.,Twitter/X Post,electric toothbrush,positive,2024-02-08
REV100170,"This running shoes is a game changer, I use it every single day. Love it!",Product Forum,running shoes,positive,2024-04-18
REV100171,The gaming mouse stopped working and support was unhelpful.,Amazon Review,gaming mouse,negative,2024-08-27
REV100172,"Just unboxed the backpack, will update this review later.",Amazon Review,backpack,neutral,2024-12-26
REV100173,"Very frustrated with the water bottle, it never worked as advertised.",Amazon Review,water bottle,negative,2024-10-07
REV100174,"Worst software update I have ever bought, total regret.",Amazon Review,software update,negative,2024-06-09
REV100175,"Just unboxed the bluetooth speaker, will update this review later.",News Headline,bluetooth speaker,neutral,2024-05-29
REV100176,"Just unboxed the backpack, will update this review later.",Amazon Review,backpack,neutral,2024-06-08
REV100177,"Terrible laptop stand, broke after just two days of use. Never again.",Facebook Comment,laptop stand,negative,2024-07-17
REV100178,Highly recommend the subscription plan to anyone looking for quality.,Twitter/X Post,subscription plan,positive,2024-03-06
REV100179,Highly recommend the smartphone case to anyone looking for quality.,News Headline,smartphone case,positive,2024-07-19
REV100180,The backpack is overpriced for such low quality. :(,Product Forum,backpack,negative,2024-11-11
REV100181,The kitchen blender arrived on time and matches the description.,Product Forum,kitchen blender,neutral,2024-12-09
REV100182,Great software update! My whole family loves it.!!,Amazon Review,software update,positive,2024-12-27
REV100183,"I'm so happy with the backpack, works perfectly and looks great. 😊",Amazon Review,backpack,positive,2024-11-13
REV100184,Highly recommend the air purifier to anyone looking for quality.,Amazon Review,air purifier,positive,2024-02-27
REV100185,This yoga mat caused nothing but problems since day one.,News Headline,yoga mat,negative,2024-05-25
REV100186,"Disappointing customer support experience, definitely returning it.",Twitter/X Post,customer support experience,negative,2024-08-08
REV100187,Highly recommend the customer support experience to anyone looking for quality.,Amazon Review,customer support experience,positive,2024-04-11
REV100188,"Terrible yoga mat, broke after just two days of use.",Amazon Review,yoga mat,negative,2024-08-06
REV100189,The customer support experience arrived damaged and customer service ignored me. 😡,Amazon Review,customer support experience,negative,2024-12-29
REV100190,"The water bottle is okay, not great but not bad either.",Amazon Review,water bottle,neutral,2024-06-21
REV100191,This kitchen blender is poorly made and feels cheap.,Twitter/X Post,kitchen blender,negative,2024-06-27
REV100192,The customer service team was super helpful with my subscription plan order.,Facebook Comment,subscription plan,positive,2024-08-15
REV100193,"I'm so happy with the gaming mouse, works perfectly and looks great.!!",Product Forum,gaming mouse,positive,2024-11-27
REV100194,"Awful experience with the yoga mat, would not recommend at all.",Amazon Review,yoga mat,negative,2024-02-27
REV100195,This mobile app caused nothing but problems since day one.,Product Forum,mobile app,negative,2024-05-19
REV100196,This water bottle caused nothing but problems since day one. :(,Facebook Comment,water bottle,negative,2024-06-17
REV100197,"Received the fitness tracker today, packaging was standard.",Twitter/X Post,fitness tracker,neutral,2024-06-28
REV100198,This air purifier caused nothing but problems since day one.,Facebook Comment,air purifier,negative,2024-12-15
REV100199,"I'm so happy with the gaming mouse, works perfectly and looks great. Love it!",Amazon Review,gaming mouse,positive,2024-05-18
REV100200,"Absolutely love this streaming service, it exceeded all my expectations! :)",Product Forum,streaming service,positive,2024-02-01
REV100201,Highly recommend the backpack to anyone looking for quality.,Product Forum,backpack,positive,2024-11-26
REV100202,"I bought the restaurant chain last week, still testing it out.",Facebook Comment,restaurant chain,neutral,2024-07-05
REV100203,"Very frustrated with the subscription plan, it never worked as advertised.",Facebook Comment,subscription plan,negative,2024-03-24
REV100204,"Disappointing yoga mat, definitely returning it.",Facebook Comment,yoga mat,negative,2024-12-21
REV100205,"Just unboxed the yoga mat, will update this review later.",Facebook Comment,yoga mat,neutral,2024-05-14
REV100206,"This mobile app is fantastic, best purchase I've made all year.",Facebook Comment,mobile app,positive,2024-08-17
REV100207,"The desk lamp meets the basic requirements, nothing more.",News Headline,desk lamp,neutral,2024-02-19
REV100208,What a wonderful wireless headphones! Great value for the price.,News Headline,wireless headphones,positive,2024-01-05
REV100209,"Worst backpack I have ever bought, total regret.",Amazon Review,backpack,negative,2024-02-05
REV100210,"This running shoes is a game changer, I use it every single day.",Twitter/X Post,running shoes,positive,2024-06-03
REV100211,"I'm so disappointed with this wireless headphones, complete waste of money.",Product Forum,wireless headphones,negative,2024-06-05
REV100212,"The electric toothbrush does what it's supposed to do, nothing special.",Amazon Review,electric toothbrush,neutral,2024-02-23
REV100213,"Just unboxed the software update, will update this review later.",Facebook Comment,software update,neutral,2024-01-19
REV100214,Great smartphone case! My whole family loves it.,Product Forum,smartphone case,positive,2024-10-18
REV100215,"Worst subscription plan I have ever bought, total regret.",News Headline,subscription plan,negative,2024-07-03
REV100216,The desk lamp arrived damaged and customer service ignored me.,Twitter/X Post,desk lamp,negative,2024-07-08
REV100217,"I'm so disappointed with this delivery service, complete waste of money.!!",Facebook Comment,delivery service,negative,2024-06-21
REV100218,This software update caused nothing but problems since day one. Never again.,News Headline,software update,negative,2024-12-04
REV100219,"Just unboxed the gaming mouse, will update this review later.",News Headline,gaming mouse,neutral,2024-04-27
REV100220,"Received the laptop stand today, packaging was standard.",Amazon Review,laptop stand,neutral,2024-03-02
REV100221,The customer support experience has some pros and cons worth mentioning.,Twitter/X Post,customer support experience,neutral,2024-07-31
REV100222,"Disappointing wireless headphones, definitely returning it.",Twitter/X Post,wireless headphones,negative,2024-12-28
REV100223,"I'm so disappointed with this office chair, complete waste of money.",Facebook Comment,office chair,negative,2024-10-22
REV100224,The airline arrived quickly and the build quality is amazing. :),Twitter/X Post,airline,positive,2024-09-15
REV100225,Comparing the kitchen blender to similar products on the market now.,Product Forum,kitchen blender,neutral,2024-08-13
REV100226,Great mobile app! My whole family loves it.,Product Forum,mobile app,positive,2024-02-03
REV100227,What a wonderful software update! Great value for the price.,Product Forum,software update,positive,2024-03-26
REV100228,The customer service team was super helpful with my desk lamp order.,Product Forum,desk lamp,positive,2024-05-28
REV100229,This airline is poorly made and feels cheap.!!,News Headline,airline,negative,2024-09-25
REV100230,This office chair is poorly made and feels cheap.,News Headline,office chair,negative,2024-04-13
REV100231,"I'm so happy with the office chair, works perfectly and looks great.!!",News Headline,office chair,positive,2024-10-19
REV100232,"I'm so happy with the backpack, works perfectly and looks great.!!",Twitter/X Post,backpack,positive,2024-10-12
REV100233,The air purifier is overpriced for such low quality.,Product Forum,air purifier,negative,2024-12-06
REV100234,"Disappointing software update, definitely returning it.",Twitter/X Post,software update,negative,2024-03-10
REV100235,"The laptop stand does what it's supposed to do, nothing special.",Twitter/X Post,laptop stand,neutral,2024-11-28
REV100236,"This water bottle is fantastic, best purchase I've made all year.",Product Forum,water bottle,positive,2024-09-09
REV100237,"Worst streaming service I have ever bought, total regret.",Amazon Review,streaming service,negative,2024-06-06
REV100238,Highly recommend the office chair to anyone looking for quality. Love it!,News Headline,office chair,positive,2024-09-25
REV100239,"This backpack is a game changer, I use it every single day.",Facebook Comment,backpack,positive,2024-04-08
REV100240,"Worst kitchen blender I have ever bought, total regret.",Facebook Comment,kitchen blender,negative,2024-02-23
REV100241,"The mobile app works as expected, average performance overall.",Twitter/X Post,mobile app,neutral,2024-02-18
REV100242,"The office chair is okay, not great but not bad either.",Twitter/X Post,office chair,neutral,2024-09-08
REV100243,This office chair is poorly made and feels cheap.,News Headline,office chair,negative,2024-11-13
REV100244,This mobile app caused nothing but problems since day one.,Product Forum,mobile app,negative,2024-01-07
REV100245,The backpack arrived damaged and customer service ignored me.,News Headline,backpack,negative,2024-07-14
REV100246,"Just unboxed the airline, will update this review later.",Facebook Comment,airline,neutral,2024-07-16
REV100247,Considering whether to keep the software update or exchange it.,Amazon Review,software update,neutral,2024-07-01
REV100248,"This customer support experience is a game changer, I use it every single day. Love it!",Amazon Review,customer support experience,positive,2024-04-18
REV100249,The office chair arrived quickly and the build quality is amazing.,Amazon Review,office chair,positive,2024-05-26
REV100250,This backpack caused nothing but problems since day one.,News Headline,backpack,negative,2024-03-27
REV100251,The bluetooth speaker arrived quickly and the build quality is amazing.,Amazon Review,bluetooth speaker,positive,2024-11-26
REV100252,The customer service team was super helpful with my kitchen blender order.,News Headline,kitchen blender,positive,2024-08-30
REV100253,"I'm so disappointed with this smartphone case, complete waste of money.",Twitter/X Post,smartphone case,negative,2024-12-03
REV100254,"Worst desk lamp I have ever bought, total regret.",News Headline,desk lamp,negative,2024-10-27
REV100255,This laptop stand is poorly made and feels cheap.,Twitter/X Post,laptop stand,negative,2024-01-16
REV100256,"Received the bluetooth speaker today, packaging was standard.",Twitter/X Post,bluetooth speaker,neutral,2024-04-04
REV100257,"Received the running shoes today, packaging was standard.",Twitter/X Post,running shoes,neutral,2024-09-15
REV100258,Here is my honest review of the coffee maker after a week of use.,Twitter/X Post,coffee maker,neutral,2024-04-27
REV100259,I hate how unreliable this bluetooth speaker turned out to be.,Amazon Review,bluetooth speaker,negative,2024-12-18
REV100260,"Disappointing streaming service, definitely returning it.",Product Forum,streaming service,negative,2024-05-09
REV100261,"Disappointing kitchen blender, definitely returning it.",Twitter/X Post,kitchen blender,negative,2024-12-22
REV100262,Comparing the air purifier to similar products on the market now.,Twitter/X Post,air purifier,neutral,2024-07-27
REV100263,"Received the office chair today, packaging was standard.",Amazon Review,office chair,neutral,2024-11-30
REV100264,"I bought the office chair last week, still testing it out.",Twitter/X Post,office chair,neutral,2024-06-02
REV100265,Great kitchen blender! My whole family loves it.,Product Forum,kitchen blender,positive,2024-11-04
REV100266,Great kitchen blender! My whole family loves it.,Product Forum,kitchen blender,positive,2024-03-14
REV100267,"Disappointing fitness tracker, definitely returning it. :(",Twitter/X Post,fitness tracker,negative,2024-09-06
REV100268,"The running shoes does what it's supposed to do, nothing special.",Facebook Comment,running shoes,neutral,2024-05-24
REV100269,Here is my honest review of the backpack after a week of use.,Product Forum,backpack,neutral,2024-10-02
REV100270,The customer service team was super helpful with my electric toothbrush order.,Amazon Review,electric toothbrush,positive,2024-05-01
REV100271,What a wonderful water bottle! Great value for the price. Love it!,Twitter/X Post,water bottle,positive,2024-08-05
REV100272,"Received the delivery service today, packaging was standard.",Twitter/X Post,delivery service,neutral,2024-04-29
REV100273,"Five stars for the air purifier, it changed the way I do things.!!",Facebook Comment,air purifier,positive,2024-04-09
REV100274,"Disappointing bluetooth speaker, definitely returning it.!!",Twitter/X Post,bluetooth speaker,negative,2024-02-13
REV100275,This kitchen blender caused nothing but problems since day one.!!,Product Forum,kitchen blender,negative,2024-05-09
REV100276,"Excellent customer support experience, exactly as described and super reliable.",Amazon Review,customer support experience,positive,2024-09-25
REV100277,"The subscription plan is okay, not great but not bad either.",Twitter/X Post,subscription plan,neutral,2024-05-25
REV100278,The customer service team was super helpful with my software update order.,Twitter/X Post,software update,positive,2024-04-23
REV100279,"The fitness tracker meets the basic requirements, nothing more.",News Headline,fitness tracker,neutral,2024-03-23
REV100280,"Awful experience with the yoga mat, would not recommend at all.!!",Twitter/X Post,yoga mat,negative,2024-03-22
REV100281,"The bluetooth speaker does what it's supposed to do, nothing special.",Amazon Review,bluetooth speaker,neutral,2024-02-03
REV100282,"Five stars for the running shoes, it changed the way I do things.",Amazon Review,running shoes,positive,2024-01-16
REV100283,"Received the office chair today, packaging was standard.",Facebook Comment,office chair,neutral,2024-06-06
REV100284,"I bought the air purifier last week, still testing it out.",Facebook Comment,air purifier,neutral,2024-03-18
REV100285,What a wonderful wireless headphones! Great value for the price.,Twitter/X Post,wireless headphones,positive,2024-01-24
REV100286,"I'm so disappointed with this software update, complete waste of money.",Product Forum,software update,negative,2024-08-06
REV100287,Considering whether to keep the gaming mouse or exchange it.,Facebook Comment,gaming mouse,neutral,2024-03-31
REV100288,Comparing the backpack to similar products on the market now.,Facebook Comment,backpack,neutral,2024-04-23
REV100289,"Received the water bottle today, packaging was standard.",Facebook Comment,water bottle,neutral,2024-10-25
REV100290,"Received the restaurant chain today, packaging was standard.",Product Forum,restaurant chain,neutral,2024-02-02
REV100291,"I bought the kitchen blender last week, still testing it out.",Twitter/X Post,kitchen blender,neutral,2024-08-14
REV100292,Highly recommend the airline to anyone looking for quality.,Product Forum,airline,positive,2024-10-05
REV100293,Highly recommend the backpack to anyone looking for quality.,News Headline,backpack,positive,2024-02-03
REV100294,The laptop stand arrived on time and matches the description.,News Headline,laptop stand,neutral,2024-01-14
REV100295,"I'm so disappointed with this desk lamp, complete waste of money.!!",Facebook Comment,desk lamp,negative,2024-09-23
REV100296,The coffee maker has some pros and cons worth mentioning.,Twitter/X Post,coffee maker,neutral,2024-01-10
REV100297,"This laptop stand is fantastic, best purchase I've made all year.!!",Product Forum,laptop stand,positive,2024-07-20
REV100298,The streaming service stopped working and support was unhelpful. Never again.,Twitter/X Post,streaming service,negative,2024-09-09
REV100299,"I'm impressed by how well the yoga mat performs, truly outstanding.",Amazon Review,yoga mat,positive,2024-04-28
REV100300,"Disappointing smartphone case, definitely returning it.",Product Forum,smartphone case,negative,2024-06-02
REV100301,Here is my honest review of the smartphone case after a week of use.,News Headline,smartphone case,neutral,2024-03-23
REV100302,The bluetooth speaker stopped working and support was unhelpful. :(,News Headline,bluetooth speaker,negative,2024-08-24
REV100303,What a wonderful software update! Great value for the price. Love it!,News Headline,software update,positive,2024-08-15
REV100304,"The wireless headphones meets the basic requirements, nothing more.",News Headline,wireless headphones,neutral,2024-08-15
REV100305,"Five stars for the kitchen blender, it changed the way I do things.",Product Forum,kitchen blender,positive,2024-05-18
REV100306,"I bought the fitness tracker last week, still testing it out.",Facebook Comment,fitness tracker,neutral,2024-02-29
REV100307,"The wireless headphones does what it's supposed to do, nothing special.",Product Forum,wireless headphones,neutral,2024-04-01
REV100308,"Excellent delivery service, exactly as described and super reliable.",News Headline,delivery service,positive,2024-10-27
REV100309,"Received the fitness tracker today, packaging was standard.",Twitter/X Post,fitness tracker,neutral,2024-05-22
REV100310,"This electric toothbrush is a game changer, I use it every single day.",Twitter/X Post,electric toothbrush,positive,2024-02-23
REV100311,The laptop stand stopped working and support was unhelpful.,Amazon Review,laptop stand,negative,2024-08-26
REV100312,"The subscription plan meets the basic requirements, nothing more.",Facebook Comment,subscription plan,neutral,2024-12-05
REV100313,Highly recommend the electric toothbrush to anyone looking for quality.,Amazon Review,electric toothbrush,positive,2024-07-10
REV100314,"Just unboxed the coffee maker, will update this review later.",Twitter/X Post,coffee maker,neutral,2024-12-09
REV100315,The customer service team was super helpful with my subscription plan order.,Amazon Review,subscription plan,positive,2024-09-22
REV100316,The laptop stand arrived on time and matches the description.,Product Forum,laptop stand,neutral,2024-02-13
REV100317,"Excellent subscription plan, exactly as described and super reliable. 😊",Facebook Comment,subscription plan,positive,2024-10-03
REV100318,"The subscription plan works as expected, average performance overall.",Amazon Review,subscription plan,neutral,2024-04-27
REV100319,I hate how unreliable this restaurant chain turned out to be. 😡,Facebook Comment,restaurant chain,negative,2024-02-18
REV100320,"Five stars for the restaurant chain, it changed the way I do things.",Twitter/X Post,restaurant chain,positive,2024-03-07
REV100321,The wireless headphones is overpriced for such low quality.,Product Forum,wireless headphones,negative,2024-04-27
REV100322,"I'm so happy with the mobile app, works perfectly and looks great.",News Headline,mobile app,positive,2024-09-02
REV100323,Comparing the air purifier to similar products on the market now.,Amazon Review,air purifier,neutral,2024-12-12
REV100324,"This coffee maker is a game changer, I use it every single day. 😊",Facebook Comment,coffee maker,positive,2024-03-01
REV100325,Considering whether to keep the mobile app or exchange it.,Facebook Comment,mobile app,neutral,2024-04-18
REV100326,Here is my honest review of the running shoes after a week of use.,News Headline,running shoes,neutral,2024-11-18
REV100327,"Very frustrated with the laptop stand, it never worked as advertised.",Facebook Comment,laptop stand,negative,2024-08-09
REV100328,"Five stars for the software update, it changed the way I do things.",Facebook Comment,software update,positive,2024-03-31
REV100329,The customer service team was super helpful with my streaming service order.,Facebook Comment,streaming service,positive,2024-01-28
REV100330,"I'm so happy with the software update, works perfectly and looks great.!!",Amazon Review,software update,positive,2024-12-31
REV100331,"Disappointing kitchen blender, definitely returning it. :(",Product Forum,kitchen blender,negative,2024-06-23
REV100332,The electric toothbrush has some pros and cons worth mentioning.,Facebook Comment,electric toothbrush,neutral,2024-03-03
REV100333,"Just unboxed the customer support experience, will update this review later.",News Headline,customer support experience,neutral,2024-08-23
REV100334,"I bought the office chair last week, still testing it out.",Product Forum,office chair,neutral,2024-12-28
REV100335,Great backpack! My whole family loves it.,Facebook Comment,backpack,positive,2024-07-28
REV100336,"The electric toothbrush is okay, not great but not bad either.",Product Forum,electric toothbrush,neutral,2024-10-11
REV100337,This coffee maker caused nothing but problems since day one.,Product Forum,coffee maker,negative,2024-07-05
REV100338,The subscription plan is overpriced for such low quality.,Facebook Comment,subscription plan,negative,2024-01-03
REV100339,"This restaurant chain is fantastic, best purchase I've made all year. :)",News Headline,restaurant chain,positive,2024-11-17
REV100340,The streaming service arrived damaged and customer service ignored me.,Product Forum,streaming service,negative,2024-02-15
REV100341,"The backpack meets the basic requirements, nothing more.",Product Forum,backpack,neutral,2024-11-09
REV100342,"Five stars for the electric toothbrush, it changed the way I do things.",News Headline,electric toothbrush,positive,2024-10-18
REV100343,What a wonderful subscription plan! Great value for the price.!!,Product Forum,subscription plan,positive,2024-04-10
REV100344,This electric toothbrush is poorly made and feels cheap.,Twitter/X Post,electric toothbrush,negative,2024-05-31
REV100345,The restaurant chain arrived quickly and the build quality is amazing.,Facebook Comment,restaurant chain,positive,2024-05-03
REV100346,"I bought the mobile app last week, still testing it out.",Facebook Comment,mobile app,neutral,2024-05-01
REV100347,"The smartphone case meets the basic requirements, nothing more.",Amazon Review,smartphone case,neutral,2024-07-12
REV100348,Considering whether to keep the office chair or exchange it.,Product Forum,office chair,neutral,2024-08-28
REV100349,"The bluetooth speaker does what it's supposed to do, nothing special.",News Headline,bluetooth speaker,neutral,2024-01-02
REV100350,"Five stars for the electric toothbrush, it changed the way I do things.",Product Forum,electric toothbrush,positive,2024-08-24
REV100351,"Just unboxed the backpack, will update this review later.",News Headline,backpack,neutral,2024-02-14
REV100352,"Terrible office chair, broke after just two days of use.!!",Facebook Comment,office chair,negative,2024-11-05
REV100353,"I'm impressed by how well the airline performs, truly outstanding.",Twitter/X Post,airline,positive,2024-07-07
REV100354,"The streaming service works as expected, average performance overall.",Twitter/X Post,streaming service,neutral,2024-10-25
REV100355,"I'm so happy with the desk lamp, works perfectly and looks great.",Product Forum,desk lamp,positive,2024-06-27
REV100356,"Very frustrated with the running shoes, it never worked as advertised.",Product Forum,running shoes,negative,2024-02-02
REV100357,"I'm so happy with the water bottle, works perfectly and looks great. :)",Facebook Comment,water bottle,positive,2024-05-05
REV100358,"Excellent water bottle, exactly as described and super reliable.!!",Facebook Comment,water bottle,positive,2024-06-19
REV100359,Great air purifier! My whole family loves it.!!,Twitter/X Post,air purifier,positive,2024-12-16
REV100360,"Very frustrated with the office chair, it never worked as advertised.",Product Forum,office chair,negative,2024-11-11
REV100361,"Very frustrated with the running shoes, it never worked as advertised.",Facebook Comment,running shoes,negative,2024-12-23
REV100362,Considering whether to keep the office chair or exchange it.,Amazon Review,office chair,neutral,2024-08-19
REV100363,Comparing the kitchen blender to similar products on the market now.,Twitter/X Post,kitchen blender,neutral,2024-11-07
REV100364,"This kitchen blender is a game changer, I use it every single day. 😊",Amazon Review,kitchen blender,positive,2024-09-15
REV100365,"I'm so happy with the electric toothbrush, works perfectly and looks great.",News Headline,electric toothbrush,positive,2024-08-30
REV100366,"Very frustrated with the smartphone case, it never worked as advertised.",News Headline,smartphone case,negative,2024-05-07
REV100367,"This coffee maker is fantastic, best purchase I've made all year.!!",Facebook Comment,coffee maker,positive,2024-09-26
REV100368,"The laptop stand works as expected, average performance overall.",News Headline,laptop stand,neutral,2024-02-12
REV100369,This bluetooth speaker is poorly made and feels cheap.,Twitter/X Post,bluetooth speaker,negative,2024-07-20
REV100370,Great restaurant chain! My whole family loves it. Love it!,News Headline,restaurant chain,positive,2024-05-07
REV100371,"The coffee maker meets the basic requirements, nothing more.",Twitter/X Post,coffee maker,neutral,2024-08-29
REV100372,"Received the office chair today, packaging was standard.",Product Forum,office chair,neutral,2024-11-06
REV100373,"Received the software update today, packaging was standard.",Product Forum,software update,neutral,2024-06-29
REV100374,The customer service team was super helpful with my laptop stand order.,Product Forum,laptop stand,positive,2024-06-19
REV100375,"Disappointing mobile app, definitely returning it.!!",Product Forum,mobile app,negative,2024-10-24
REV100376,The air purifier arrived on time and matches the description.,Twitter/X Post,air purifier,neutral,2024-01-22
REV100377,"The electric toothbrush meets the basic requirements, nothing more.",Twitter/X Post,electric toothbrush,neutral,2024-09-10
REV100378,"The water bottle does what it's supposed to do, nothing special.",Facebook Comment,water bottle,neutral,2024-12-08
REV100379,"Just unboxed the streaming service, will update this review later.",Facebook Comment,streaming service,neutral,2024-05-26
REV100380,The backpack has some pros and cons worth mentioning.,News Headline,backpack,neutral,2024-03-13
REV100381,"Received the water bottle today, packaging was standard.",Product Forum,water bottle,neutral,2024-08-09
REV100382,The coffee maker is overpriced for such low quality.,Twitter/X Post,coffee maker,negative,2024-10-18
REV100383,   ,Twitter/X Post,desk lamp,positive,2024-06-06
REV100384,"This fitness tracker is a game changer, I use it every single day.",Twitter/X Post,fitness tracker,positive,2024-05-18
REV100385,"This streaming service is a game changer, I use it every single day.",Twitter/X Post,streaming service,positive,2024-03-17
REV100386,"Absolutely love this desk lamp, it exceeded all my expectations!",Amazon Review,desk lamp,positive,2024-08-30
REV100387,Considering whether to keep the bluetooth speaker or exchange it.,Facebook Comment,bluetooth speaker,neutral,2024-05-23
REV100388,Here is my honest review of the coffee maker after a week of use.,News Headline,coffee maker,neutral,2024-12-20
REV100389,"I'm so disappointed with this restaurant chain, complete waste of money. 😡",Amazon Review,restaurant chain,negative,2024-12-01
REV100390,The customer support experience arrived quickly and the build quality is amazing.,Twitter/X Post,customer support experience,positive,2024-12-22
REV100391,"Five stars for the yoga mat, it changed the way I do things. 😊",Amazon Review,yoga mat,positive,2024-06-15
REV100392,"The electric toothbrush meets the basic requirements, nothing more.",Facebook Comment,electric toothbrush,neutral,2024-11-24
REV100393,The gaming mouse arrived quickly and the build quality is amazing. :),Facebook Comment,gaming mouse,positive,2024-07-08
REV100394,Highly recommend the desk lamp to anyone looking for quality.,Twitter/X Post,desk lamp,positive,2024-12-14
REV100395,"The airline meets the basic requirements, nothing more.",News Headline,airline,neutral,2024-03-26
REV100396,"I'm impressed by how well the running shoes performs, truly outstanding. Love it!",News Headline,running shoes,positive,2024-12-22
REV100397,"Absolutely love this streaming service, it exceeded all my expectations! :)",Amazon Review,streaming service,positive,2024-03-21
REV100398,Highly recommend the electric toothbrush to anyone looking for quality.,Amazon Review,electric toothbrush,positive,2024-07-11
REV100399,This fitness tracker caused nothing but problems since day one.,Twitter/X Post,fitness tracker,negative,2024-01-07
REV100400,The mobile app has some pros and cons worth mentioning.,News Headline,mobile app,neutral,2024-01-05
REV100401,"The streaming service meets the basic requirements, nothing more.",Facebook Comment,streaming service,neutral,2024-05-18
REV100402,"This electric toothbrush is a game changer, I use it every single day.",Amazon Review,electric toothbrush,positive,2024-01-06
REV100403,"The gaming mouse does what it's supposed to do, nothing special.",Amazon Review,gaming mouse,neutral,2024-09-04
REV100404,What a wonderful delivery service! Great value for the price.,Product Forum,delivery service,positive,2024-10-30
REV100405,The mobile app has some pros and cons worth mentioning.,Product Forum,mobile app,neutral,2024-09-03
REV100406,"I'm so happy with the gaming mouse, works perfectly and looks great.",Facebook Comment,gaming mouse,positive,2024-07-15
REV100407,The yoga mat arrived damaged and customer service ignored me.,Amazon Review,yoga mat,negative,2024-12-14
REV100408,"Excellent office chair, exactly as described and super reliable.",Twitter/X Post,office chair,positive,2024-08-29
REV100409,The yoga mat is overpriced for such low quality.!!,Twitter/X Post,yoga mat,negative,2024-02-15
REV100410,The airline has some pros and cons worth mentioning.,Facebook Comment,airline,neutral,2024-11-26
REV100411,"Received the yoga mat today, packaging was standard.",Facebook Comment,yoga mat,neutral,2024-05-04
REV100412,The backpack has some pros and cons worth mentioning.,Twitter/X Post,backpack,neutral,2024-07-11
REV100413,"Received the water bottle today, packaging was standard.",Amazon Review,water bottle,neutral,2024-04-12
REV100414,The bluetooth speaker is overpriced for such low quality. 😡,Amazon Review,bluetooth speaker,negative,2024-04-19
REV100415,Here is my honest review of the fitness tracker after a week of use.,News Headline,fitness tracker,neutral,2024-06-23
REV100416,"I'm so disappointed with this mobile app, complete waste of money. :(",Amazon Review,mobile app,negative,2024-01-17
REV100417,"The office chair meets the basic requirements, nothing more.",Facebook Comment,office chair,neutral,2024-08-14
REV100418,"Very frustrated with the kitchen blender, it never worked as advertised. Never again.",News Headline,kitchen blender,negative,2024-11-26
REV100419,Here is my honest review of the gaming mouse after a week of use.,News Headline,gaming mouse,neutral,2024-01-17
REV100420,The mobile app arrived damaged and customer service ignored me.,Twitter/X Post,mobile app,negative,2024-12-04
REV100421,"Excellent coffee maker, exactly as described and super reliable.",Amazon Review,coffee maker,positive,2024-12-01
REV100422,The coffee maker has some pros and cons worth mentioning.,Facebook Comment,coffee maker,neutral,2024-12-18
REV100423,Great backpack! My whole family loves it. :),Product Forum,backpack,positive,2024-12-07
REV100424,"Excellent backpack, exactly as described and super reliable. :)",Product Forum,backpack,positive,2024-07-28
REV100425,The desk lamp is overpriced for such low quality.,Product Forum,desk lamp,negative,2024-11-07
REV100426,The running shoes stopped working and support was unhelpful.,Product Forum,running shoes,negative,2024-08-19
REV100427,"I'm so happy with the customer support experience, works perfectly and looks great.",Facebook Comment,customer support experience,positive,2024-08-22
REV100428,Here is my honest review of the software update after a week of use.,Product Forum,software update,neutral,2024-05-26
REV100429,"I'm impressed by how well the subscription plan performs, truly outstanding.",News Headline,subscription plan,positive,2024-01-06
REV100430,Comparing the smartphone case to similar products on the market now.,Facebook Comment,smartphone case,neutral,2024-08-24
REV100431,The wireless headphones is overpriced for such low quality.,News Headline,wireless headphones,negative,2024-11-17
REV100432,"The customer support experience works as expected, average performance overall.",News Headline,customer support experience,neutral,2024-06-18
REV100433,"This coffee maker is a game changer, I use it every single day.",News Headline,coffee maker,positive,2024-09-17
REV100434,"The streaming service is okay, not great but not bad either.",Twitter/X Post,streaming service,neutral,2024-04-06
REV100435,"Excellent streaming service, exactly as described and super reliable.",Amazon Review,streaming service,positive,2024-05-20
REV100436,The laptop stand has some pros and cons worth mentioning.,News Headline,laptop stand,neutral,2024-12-21
REV100437,Highly recommend the software update to anyone looking for quality.,Product Forum,software update,positive,2024-01-25
REV100438,"Received the restaurant chain today, packaging was standard.",Amazon Review,restaurant chain,neutral,2024-06-10
REV100439,The laptop stand has some pros and cons worth mentioning.,Facebook Comment,laptop stand,neutral,2024-11-16
REV100440,I hate how unreliable this desk lamp turned out to be.,Amazon Review,desk lamp,negative,2024-06-27
REV100441,"Awful experience with the fitness tracker, would not recommend at all.",Twitter/X Post,fitness tracker,negative,2024-02-22
REV100442,"Five stars for the coffee maker, it changed the way I do things. Love it!",News Headline,coffee maker,positive,2024-12-06
REV100443,"The yoga mat works as expected, average performance overall.",News Headline,yoga mat,neutral,2024-02-18
REV100444,I hate how unreliable this smartphone case turned out to be.,Twitter/X Post,smartphone case,negative,2024-02-23
REV100445,This delivery service is poorly made and feels cheap.,Product Forum,delivery service,negative,2024-04-14
REV100446,The running shoes arrived on time and matches the description.,Amazon Review,running shoes,neutral,2024-02-13
REV100447,"Awful experience with the laptop stand, would not recommend at all.",Twitter/X Post,laptop stand,negative,2024-10-24
REV100448,"I'm so happy with the yoga mat, works perfectly and looks great.",News Headline,yoga mat,positive,2024-07-01
REV100449,This bluetooth speaker caused nothing but problems since day one.,Product Forum,bluetooth speaker,negative,2024-02-26
REV100450,"This smartphone case is fantastic, best purchase I've made all year.",News Headline,smartphone case,positive,2024-11-10
REV100451,The customer service team was super helpful with my electric toothbrush order.,Twitter/X Post,electric toothbrush,positive,2024-01-15
REV100452,"The smartphone case meets the basic requirements, nothing more.",Twitter/X Post,smartphone case,neutral,2024-10-06
REV100453,"I'm so disappointed with this wireless headphones, complete waste of money. Never again.",Amazon Review,wireless headphones,negative,2024-03-03
REV100454,"Disappointing yoga mat, definitely returning it.",Facebook Comment,yoga mat,negative,2024-08-03
REV100455,The airline arrived damaged and customer service ignored me.,Facebook Comment,airline,negative,2024-01-08
REV100456,This fitness tracker is poorly made and feels cheap.,Twitter/X Post,fitness tracker,negative,2024-09-26
REV100457,"I'm so happy with the desk lamp, works perfectly and looks great.",Twitter/X Post,desk lamp,positive,2024-04-12
REV100458,"The gaming mouse does what it's supposed to do, nothing special.",Amazon Review,gaming mouse,neutral,2024-05-11
REV100459,The yoga mat arrived damaged and customer service ignored me. :(,Product Forum,yoga mat,negative,2024-09-26
REV100460,This bluetooth speaker caused nothing but problems since day one.,Product Forum,bluetooth speaker,negative,2024-03-03
REV100461,The wireless headphones has some pros and cons worth mentioning.,Facebook Comment,wireless headphones,neutral,2024-03-28
REV100462,The streaming service has some pros and cons worth mentioning.,Facebook Comment,streaming service,neutral,2024-05-24
REV100463,"Five stars for the gaming mouse, it changed the way I do things.!!",Product Forum,gaming mouse,positive,2024-10-15
REV100464,The customer service team was super helpful with my laptop stand order.,Product Forum,laptop stand,positive,2024-08-12
REV100465,"Five stars for the running shoes, it changed the way I do things.",Product Forum,running shoes,positive,2024-10-24
REV100466,Considering whether to keep the yoga mat or exchange it.,Amazon Review,yoga mat,neutral,2024-06-25
REV100467,"I bought the running shoes last week, still testing it out.",Facebook Comment,running shoes,neutral,2024-04-21
REV100468,"The delivery service works as expected, average performance overall.",Facebook Comment,delivery service,neutral,2024-02-21
REV100469,I hate how unreliable this wireless headphones turned out to be.,Twitter/X Post,wireless headphones,negative,2024-08-18
REV100470,"I bought the fitness tracker last week, still testing it out.",Facebook Comment,fitness tracker,neutral,2024-04-18
REV100471,Here is my honest review of the air purifier after a week of use.,News Headline,air purifier,neutral,2024-02-01
REV100472,The customer service team was super helpful with my customer support experience order.,Amazon Review,customer support experience,positive,2024-08-18
REV100473,Here is my honest review of the backpack after a week of use.,Product Forum,backpack,neutral,2024-01-02
REV100474,"I'm so disappointed with this mobile app, complete waste of money.",Amazon Review,mobile app,negative,2024-11-09
REV100475,What a wonderful customer support experience! Great value for the price.,Amazon Review,customer support experience,positive,2024-04-15
REV100476,Comparing the smartphone case to similar products on the market now.,News Headline,smartphone case,neutral,2024-07-05
REV100477,"Received the desk lamp today, packaging was standard.",Facebook Comment,desk lamp,neutral,2024-03-16
REV100478,Great restaurant chain! My whole family loves it. Love it!,Product Forum,restaurant chain,positive,2024-01-04
REV100479,Comparing the bluetooth speaker to similar products on the market now.,Product Forum,bluetooth speaker,neutral,2024-03-01
REV100480,"The wireless headphones meets the basic requirements, nothing more.",News Headline,wireless headphones,neutral,2024-07-09
REV100481,"I bought the bluetooth speaker last week, still testing it out.",Product Forum,bluetooth speaker,neutral,2024-02-05
REV100482,"The electric toothbrush does what it's supposed to do, nothing special.",Amazon Review,electric toothbrush,neutral,2024-08-08
REV100483,The software update arrived damaged and customer service ignored me.!!,Amazon Review,software update,negative,2024-12-18
REV100484,"The gaming mouse meets the basic requirements, nothing more.",Facebook Comment,gaming mouse,neutral,2024-11-17
REV100485,Considering whether to keep the water bottle or exchange it.,Amazon Review,water bottle,neutral,2024-08-02
REV100486,I hate how unreliable this bluetooth speaker turned out to be.,Facebook Comment,bluetooth speaker,negative,2024-02-03
REV100487,The delivery service has some pros and cons worth mentioning.,Product Forum,delivery service,neutral,2024-01-20
REV100488,"The gaming mouse is okay, not great but not bad either.",Facebook Comment,gaming mouse,neutral,2024-10-01
REV100489,Great coffee maker! My whole family loves it.,Facebook Comment,coffee maker,positive,2024-12-31
REV100490,"I'm so happy with the smartphone case, works perfectly and looks great. 😊",News Headline,smartphone case,positive,2024-10-17
REV100491,The smartphone case arrived on time and matches the description.,Product Forum,smartphone case,neutral,2024-03-12
REV100492,Comparing the water bottle to similar products on the market now.,Twitter/X Post,water bottle,neutral,2024-03-20
REV100493,The backpack arrived quickly and the build quality is amazing.,Facebook Comment,backpack,positive,2024-04-14
REV100494,"Just unboxed the delivery service, will update this review later.",Product Forum,delivery service,neutral,2024-04-06
REV100495,"Terrible running shoes, broke after just two days of use.",Facebook Comment,running shoes,negative,2024-03-09
REV100496,The running shoes arrived on time and matches the description.,Twitter/X Post,running shoes,neutral,2024-09-08
REV100497,"Awful experience with the gaming mouse, would not recommend at all. :(",Amazon Review,gaming mouse,negative,2024-05-26
REV100498,"Terrible air purifier, broke after just two days of use. Never again.",News Headline,air purifier,negative,2024-04-24
REV100499,What a wonderful fitness tracker! Great value for the price.!!,Amazon Review,fitness tracker,positive,2024-04-17
REV100500,Highly recommend the software update to anyone looking for quality.,Facebook Comment,software update,positive,2024-05-03
REV100501,"I bought the yoga mat last week, still testing it out.",Twitter/X Post,yoga mat,neutral,2024-09-11
REV100502,"The laptop stand is okay, not great but not bad either.",Twitter/X Post,laptop stand,neutral,2024-04-17
REV100503,The office chair arrived quickly and the build quality is amazing.!!,Product Forum,office chair,positive,2024-09-17
REV100504,"The mobile app does what it's supposed to do, nothing special.",News Headline,mobile app,neutral,2024-11-27
REV100505,"Awful experience with the water bottle, would not recommend at all. Never again.",Twitter/X Post,water bottle,negative,2024-06-16
REV100506,Great water bottle! My whole family loves it.,Twitter/X Post,water bottle,positive,2024-08-16
REV100507,"Very frustrated with the airline, it never worked as advertised.",Product Forum,airline,negative,2024-12-08
REV100508,"Excellent wireless headphones, exactly as described and super reliable.",Amazon Review,wireless headphones,positive,2024-11-13
REV100509,The desk lamp arrived damaged and customer service ignored me.,Product Forum,desk lamp,negative,2024-10-24
REV100510,"This wireless headphones is fantastic, best purchase I've made all year.",Product Forum,wireless headphones,positive,2024-09-05
REV100511,"Very frustrated with the backpack, it never worked as advertised.",Product Forum,backpack,negative,2024-01-05
REV100512,"Awful experience with the mobile app, would not recommend at all. Never again.",Twitter/X Post,mobile app,negative,2024-01-08
REV100513,"Disappointing water bottle, definitely returning it. 😡",Product Forum,water bottle,negative,2024-06-18
REV100514,"This coffee maker is a game changer, I use it every single day.",News Headline,coffee maker,positive,2024-06-27
REV100515,"I'm so disappointed with this bluetooth speaker, complete waste of money.",Twitter/X Post,bluetooth speaker,negative,2024-04-23
REV100516,"Received the mobile app today, packaging was standard.",Twitter/X Post,mobile app,neutral,2024-10-16
REV100517,"Received the restaurant chain today, packaging was standard.",Facebook Comment,restaurant chain,neutral,2024-07-20
REV100518,The streaming service arrived damaged and customer service ignored me. 😡,Facebook Comment,streaming service,negative,2024-11-27
REV100519,Great bluetooth speaker! My whole family loves it.,Amazon Review,bluetooth speaker,positive,2024-06-17
REV100520,"This air purifier is fantastic, best purchase I've made all year.",Twitter/X Post,air purifier,positive,2024-09-17
REV100521,What a wonderful airline! Great value for the price. :),Amazon Review,airline,positive,2024-08-16
REV100522,"I'm so disappointed with this kitchen blender, complete waste of money.",Amazon Review,kitchen blender,negative,2024-01-26
REV100523,"Absolutely love this smartphone case, it exceeded all my expectations!",Amazon Review,smartphone case,positive,2024-01-24
REV100524,"Just unboxed the office chair, will update this review later.",Product Forum,office chair,neutral,2024-07-08
REV100525,"The bluetooth speaker works as expected, average performance overall.",Facebook Comment,bluetooth speaker,neutral,2024-03-02
REV100526,The office chair arrived damaged and customer service ignored me.,Facebook Comment,office chair,negative,2024-02-21
REV100527,"I bought the restaurant chain last week, still testing it out.",Product Forum,restaurant chain,neutral,2024-09-24
REV100528,I hate how unreliable this laptop stand turned out to be. Never again.,Product Forum,laptop stand,negative,2024-03-10
REV100529,The customer support experience arrived damaged and customer service ignored me.,Product Forum,customer support experience,negative,2024-03-21
REV100530,"This software update is fantastic, best purchase I've made all year. 😊",Twitter/X Post,software update,positive,2024-05-01
REV100531,The customer service team was super helpful with my electric toothbrush order.,Amazon Review,electric toothbrush,positive,2024-11-17
REV100532,"This wireless headphones is a game changer, I use it every single day.",Product Forum,wireless headphones,positive,2024-06-23
REV100533,Great fitness tracker! My whole family loves it.,Product Forum,fitness tracker,positive,2024-02-18
REV100534,"The electric toothbrush meets the basic requirements, nothing more.",News Headline,electric toothbrush,neutral,2024-05-05
REV100535,I hate how unreliable this customer support experience turned out to be. 😡,Product Forum,customer support experience,negative,2024-06-28
REV100536,"I bought the mobile app last week, still testing it out.",Amazon Review,mobile app,neutral,2024-04-11
REV100537,"I'm so disappointed with this gaming mouse, complete waste of money.",Facebook Comment,gaming mouse,negative,2024-10-28
REV100538,"Awful experience with the running shoes, would not recommend at all.",Product Forum,running shoes,negative,2024-05-06
REV100539,Comparing the streaming service to similar products on the market now.,News Headline,streaming service,neutral,2024-09-23
REV100540,What a wonderful smartphone case! Great value for the price.,Facebook Comment,smartphone case,positive,2024-08-16
REV100541,"This customer support experience is fantastic, best purchase I've made all year.",Twitter/X Post,customer support experience,positive,2024-04-06
REV100542,The mobile app arrived damaged and customer service ignored me.,Product Forum,mobile app,negative,2024-02-07
REV100543,This streaming service caused nothing but problems since day one. 😡,News Headline,streaming service,negative,2024-05-22
REV100544,Comparing the desk lamp to similar products on the market now.,Twitter/X Post,desk lamp,neutral,2024-09-30
REV100545,The water bottle arrived quickly and the build quality is amazing.,Facebook Comment,water bottle,positive,2024-05-10
REV100546,The desk lamp arrived quickly and the build quality is amazing.,Product Forum,desk lamp,positive,2024-04-18
REV100547,"This coffee maker is fantastic, best purchase I've made all year.",Twitter/X Post,coffee maker,positive,2024-12-11
REV100548,This smartphone case is poorly made and feels cheap. 😡,Facebook Comment,smartphone case,negative,2024-04-19
REV100549,Comparing the wireless headphones to similar products on the market now.,Amazon Review,wireless headphones,neutral,2024-11-03
REV100550,"Five stars for the delivery service, it changed the way I do things.",Amazon Review,delivery service,positive,2024-11-27
REV100551,Great wireless headphones! My whole family loves it.,News Headline,wireless headphones,positive,2024-11-09
REV100552,"I'm impressed by how well the coffee maker performs, truly outstanding. :)",Facebook Comment,coffee maker,positive,2024-10-05
REV100553,"Disappointing restaurant chain, definitely returning it. :(",Amazon Review,restaurant chain,negative,2024-08-18
REV100554,"The kitchen blender meets the basic requirements, nothing more.",Facebook Comment,kitchen blender,neutral,2024-05-05
REV100555,"I'm impressed by how well the airline performs, truly outstanding.",Facebook Comment,airline,positive,2024-07-24
REV100556,This smartphone case caused nothing but problems since day one.!!,Twitter/X Post,smartphone case,negative,2024-10-01
REV100557,"Absolutely love this office chair, it exceeded all my expectations!",Amazon Review,office chair,positive,2024-10-08
REV100558,"I'm impressed by how well the fitness tracker performs, truly outstanding.",Twitter/X Post,fitness tracker,positive,2024-09-09
REV100559,"Received the bluetooth speaker today, packaging was standard.",Twitter/X Post,bluetooth speaker,neutral,2024-12-16
REV100560,This electric toothbrush caused nothing but problems since day one. :(,Amazon Review,electric toothbrush,negative,2024-01-09
REV100561,The fitness tracker has some pros and cons worth mentioning.,Facebook Comment,fitness tracker,neutral,2024-03-30
REV100562,"Terrible water bottle, broke after just two days of use.!!",Amazon Review,water bottle,negative,2024-08-24
REV100563,The mobile app arrived quickly and the build quality is amazing.,Facebook Comment,mobile app,positive,2024-03-04
REV100564,"The yoga mat is okay, not great but not bad either.",Facebook Comment,yoga mat,neutral,2024-08-22
REV100565,The customer service team was super helpful with my subscription plan order.,Facebook Comment,subscription plan,positive,2024-10-30
REV100566,The smartphone case has some pros and cons worth mentioning.,Twitter/X Post,smartphone case,neutral,2024-12-02
REV100567,"This customer support experience is a game changer, I use it every single day.",Product Forum,customer support experience,positive,2024-09-03
REV100568,"The software update meets the basic requirements, nothing more.",Facebook Comment,software update,neutral,2024-10-07
REV100569,"Excellent electric toothbrush, exactly as described and super reliable.",Product Forum,electric toothbrush,positive,2024-04-10
REV100570,The subscription plan has some pros and cons worth mentioning.,Amazon Review,subscription plan,neutral,2024-09-06
REV100571,The customer service team was super helpful with my yoga mat order.!!,Twitter/X Post,yoga mat,positive,2024-07-22
REV100572,"The yoga mat does what it's supposed to do, nothing special.",Twitter/X Post,yoga mat,neutral,2024-05-03
REV100573,Comparing the electric toothbrush to similar products on the market now.,Amazon Review,electric toothbrush,neutral,2024-05-18
REV100574,What a wonderful software update! Great value for the price.,News Headline,software update,positive,2024-04-22
REV100575,The backpack is overpriced for such low quality.,News Headline,backpack,negative,2024-03-24
REV100576,"This delivery service is fantastic, best purchase I've made all year.",Amazon Review,delivery service,positive,2024-05-18
REV100577,I hate how unreliable this running shoes turned out to be.,Product Forum,running shoes,negative,2024-09-03
REV100578,"This mobile app is fantastic, best purchase I've made all year. 😊",News Headline,mobile app,positive,2024-02-02
REV100579,Highly recommend the airline to anyone looking for quality. 😊,News Headline,airline,positive,2024-05-31
REV100580,This airline caused nothing but problems since day one.,Facebook Comment,airline,negative,2024-03-13
REV100581,"The fitness tracker meets the basic requirements, nothing more.",Twitter/X Post,fitness tracker,neutral,2024-01-25
REV100582,The water bottle stopped working and support was unhelpful.,News Headline,water bottle,negative,2024-11-16
REV100583,The airline has some pros and cons worth mentioning.,Facebook Comment,airline,neutral,2024-11-12
REV100584,"Awful experience with the delivery service, would not recommend at all.",Product Forum,delivery service,negative,2024-03-29
REV100585,Great customer support experience! My whole family loves it. Love it!,Twitter/X Post,customer support experience,positive,2024-07-07
REV100586,"Received the kitchen blender today, packaging was standard.",Amazon Review,kitchen blender,neutral,2024-12-22
REV100587,The yoga mat arrived quickly and the build quality is amazing. :),Amazon Review,yoga mat,positive,2024-10-26
REV100588,"This water bottle is fantastic, best purchase I've made all year.",Twitter/X Post,water bottle,positive,2024-12-27
REV100589,"The mobile app is okay, not great but not bad either.",Product Forum,mobile app,neutral,2024-12-26
REV100590,"The airline meets the basic requirements, nothing more.",Amazon Review,airline,neutral,2024-05-03
REV100591,"This delivery service is fantastic, best purchase I've made all year.",Twitter/X Post,delivery service,positive,2024-01-16
REV100592,I hate how unreliable this bluetooth speaker turned out to be.,Facebook Comment,bluetooth speaker,negative,2024-01-17
REV100593,"Received the coffee maker today, packaging was standard.",Twitter/X Post,coffee maker,neutral,2024-09-27
REV100594,"I'm impressed by how well the customer support experience performs, truly outstanding.",Facebook Comment,customer support experience,positive,2024-02-05
REV100595,"This coffee maker is a game changer, I use it every single day.!!",Amazon Review,coffee maker,positive,2024-08-03
REV100596,"I'm so disappointed with this electric toothbrush, complete waste of money. 😡",Twitter/X Post,electric toothbrush,negative,2024-06-30
REV100597,Here is my honest review of the coffee maker after a week of use.,Twitter/X Post,coffee maker,neutral,2024-07-09
REV100598,The subscription plan is overpriced for such low quality.!!,Product Forum,subscription plan,negative,2024-01-10
REV100599,I hate how unreliable this subscription plan turned out to be.,Facebook Comment,subscription plan,negative,2024-05-17
REV100600,"This restaurant chain is fantastic, best purchase I've made all year. :)",News Headline,restaurant chain,positive,2024-01-06
REV100601,"I'm so disappointed with this software update, complete waste of money.",Twitter/X Post,software update,negative,2024-05-22
REV100602,"Five stars for the subscription plan, it changed the way I do things. Love it!",Amazon Review,subscription plan,positive,2024-02-29
REV100603,I hate how unreliable this streaming service turned out to be.,Amazon Review,streaming service,negative,2024-03-30
REV100604,"Disappointing kitchen blender, definitely returning it. Never again.",Product Forum,kitchen blender,negative,2024-08-14
REV100605,This laptop stand caused nothing but problems since day one.!!,Twitter/X Post,laptop stand,negative,2024-11-09
REV100606,"I'm impressed by how well the bluetooth speaker performs, truly outstanding.",Twitter/X Post,bluetooth speaker,positive,2024-10-30
REV100607,"Worst fitness tracker I have ever bought, total regret.",Facebook Comment,fitness tracker,negative,2024-09-03
REV100608,"Received the water bottle today, packaging was standard.",News Headline,water bottle,neutral,2024-01-13
REV100609,The water bottle has some pros and cons worth mentioning.,Facebook Comment,water bottle,neutral,2024-04-21
REV100610,The running shoes arrived quickly and the build quality is amazing. Love it!,Amazon Review,running shoes,positive,2024-04-26
REV100611,"I bought the desk lamp last week, still testing it out.",Twitter/X Post,desk lamp,neutral,2024-10-02
REV100612,"Disappointing backpack, definitely returning it.",Twitter/X Post,backpack,negative,2024-12-05
REV100613,"I bought the restaurant chain last week, still testing it out.",Facebook Comment,restaurant chain,neutral,2024-10-26
REV100614,"Received the coffee maker today, packaging was standard.",News Headline,coffee maker,neutral,2024-11-28
REV100615,"I bought the air purifier last week, still testing it out.",Product Forum,air purifier,neutral,2024-11-05
REV100616,Highly recommend the desk lamp to anyone looking for quality.!!,Product Forum,desk lamp,positive,2024-03-27
REV100617,Highly recommend the fitness tracker to anyone looking for quality.,Amazon Review,fitness tracker,positive,2024-11-07
REV100618,"I'm so happy with the laptop stand, works perfectly and looks great. Love it!",News Headline,laptop stand,positive,2024-09-12
REV100619,"Just unboxed the running shoes, will update this review later.",Twitter/X Post,running shoes,neutral,2024-08-29
REV100620,I hate how unreliable this office chair turned out to be. 😡,Twitter/X Post,office chair,negative,2024-07-27
REV100621,"I'm impressed by how well the restaurant chain performs, truly outstanding.!!",Facebook Comment,restaurant chain,positive,2024-10-23
REV100622,"Five stars for the gaming mouse, it changed the way I do things.!!",Twitter/X Post,gaming mouse,positive,2024-08-16
REV100623,"I bought the airline last week, still testing it out.",Twitter/X Post,airline,neutral,2024-07-31
REV100624,Considering whether to keep the subscription plan or exchange it.,Amazon Review,subscription plan,neutral,2024-03-02
REV100625,"Awful experience with the water bottle, would not recommend at all.",Facebook Comment,water bottle,negative,2024-09-02
REV100626,"Excellent air purifier, exactly as described and super reliable.",News Headline,air purifier,positive,2024-08-21
REV100627,Here is my honest review of the laptop stand after a week of use.,Facebook Comment,laptop stand,neutral,2024-05-04
REV100628,"I'm so happy with the smartphone case, works perfectly and looks great.",Facebook Comment,smartphone case,positive,2024-10-27
REV100629,I hate how unreliable this subscription plan turned out to be. :(,News Headline,subscription plan,negative,2024-07-02
REV100630,I hate how unreliable this restaurant chain turned out to be. :(,Amazon Review,restaurant chain,negative,2024-05-28
REV100631,   ,News Headline,laptop stand,neutral,2024-07-26
REV100632,Considering whether to keep the electric toothbrush or exchange it.,Product Forum,electric toothbrush,neutral,2024-05-31
REV100633,The wireless headphones is overpriced for such low quality.,Facebook Comment,wireless headphones,negative,2024-04-06
REV100634,"Awful experience with the water bottle, would not recommend at all.",News Headline,water bottle,negative,2024-07-24
REV100635,"Terrible backpack, broke after just two days of use.",Twitter/X Post,backpack,negative,2024-04-03
REV100636,The restaurant chain is overpriced for such low quality.,Amazon Review,restaurant chain,negative,2024-01-21
REV100637,"The subscription plan does what it's supposed to do, nothing special.",Facebook Comment,subscription plan,neutral,2024-05-20
REV100638,Considering whether to keep the desk lamp or exchange it.,Twitter/X Post,desk lamp,neutral,2024-02-27
REV100639,Here is my honest review of the office chair after a week of use.,Facebook Comment,office chair,neutral,2024-03-20
REV100640,"Just unboxed the streaming service, will update this review later.",Amazon Review,streaming service,neutral,2024-03-09
REV100641,What a wonderful electric toothbrush! Great value for the price.,News Headline,electric toothbrush,positive,2024-05-17
REV100642,Considering whether to keep the customer support experience or exchange it.,Facebook Comment,customer support experience,neutral,2024-07-15
REV100643,"The water bottle does what it's supposed to do, nothing special.",Amazon Review,water bottle,neutral,2024-03-30
REV100644,"Five stars for the delivery service, it changed the way I do things.",News Headline,delivery service,positive,2024-04-27
REV100645,This electric toothbrush is poorly made and feels cheap. Never again.,Facebook Comment,electric toothbrush,negative,2024-05-31
REV100646,This electric toothbrush is poorly made and feels cheap.,Amazon Review,electric toothbrush,negative,2024-09-28
REV100647,"I'm so disappointed with this restaurant chain, complete waste of money.",Amazon Review,restaurant chain,negative,2024-12-04
REV100648,The customer service team was super helpful with my customer support experience order.,Amazon Review,customer support experience,positive,2024-12-14
REV100649,Highly recommend the customer support experience to anyone looking for quality.,Product Forum,customer support experience,positive,2024-03-08
REV100650,"Awful experience with the air purifier, would not recommend at all. 😡",Amazon Review,air purifier,negative,2024-11-03
REV100651,"This kitchen blender is a game changer, I use it every single day. 😊",Facebook Comment,kitchen blender,positive,2024-05-21
REV100652,What a wonderful software update! Great value for the price.!!,Twitter/X Post,software update,positive,2024-09-12
REV100653,"Absolutely love this subscription plan, it exceeded all my expectations!",News Headline,subscription plan,positive,2024-08-24
REV100654,"Absolutely love this restaurant chain, it exceeded all my expectations! :)",Twitter/X Post,restaurant chain,positive,2024-06-16
REV100655,"I bought the water bottle last week, still testing it out.",News Headline,water bottle,neutral,2024-05-13
REV100656,I hate how unreliable this subscription plan turned out to be.,Amazon Review,subscription plan,negative,2024-12-07
REV100657,"This gaming mouse is a game changer, I use it every single day. :)",News Headline,gaming mouse,positive,2024-04-21
REV100658,"Just unboxed the desk lamp, will update this review later.",Amazon Review,desk lamp,neutral,2024-11-20
REV100659,"Five stars for the kitchen blender, it changed the way I do things. Love it!",News Headline,kitchen blender,positive,2024-01-22
REV100660,I hate how unreliable this running shoes turned out to be. :(,News Headline,running shoes,negative,2024-05-12
REV100661,The electric toothbrush arrived damaged and customer service ignored me. Never again.,Amazon Review,electric toothbrush,negative,2024-11-08
REV100662,What a wonderful mobile app! Great value for the price.,News Headline,mobile app,positive,2024-10-30
REV100663,"Awful experience with the customer support experience, would not recommend at all.",Amazon Review,customer support experience,negative,2024-08-04
REV100664,Great water bottle! My whole family loves it.,Product Forum,water bottle,positive,2024-07-19
REV100665,"The fitness tracker meets the basic requirements, nothing more.",Facebook Comment,fitness tracker,neutral,2024-04-18
REV100666,This fitness tracker caused nothing but problems since day one.,Facebook Comment,fitness tracker,negative,2024-06-07
REV100667,The office chair is overpriced for such low quality.,Amazon Review,office chair,negative,2024-01-26
REV100668,Highly recommend the bluetooth speaker to anyone looking for quality.,Twitter/X Post,bluetooth speaker,positive,2024-03-27
REV100669,"This bluetooth speaker is a game changer, I use it every single day.!!",Amazon Review,bluetooth speaker,positive,2024-10-25
REV100670,The restaurant chain arrived on time and matches the description.,Product Forum,restaurant chain,neutral,2024-03-19
REV100671,Highly recommend the bluetooth speaker to anyone looking for quality.,Twitter/X Post,bluetooth speaker,positive,2024-12-29
REV100672,"This fitness tracker is a game changer, I use it every single day.",Product Forum,fitness tracker,positive,2024-03-24
REV100673,What a wonderful coffee maker! Great value for the price.,Facebook Comment,coffee maker,positive,2024-05-31
REV100674,"This desk lamp is fantastic, best purchase I've made all year.",Twitter/X Post,desk lamp,positive,2024-09-01
REV100675,The yoga mat arrived quickly and the build quality is amazing.!!,Twitter/X Post,yoga mat,positive,2024-08-27
REV100676,"Five stars for the laptop stand, it changed the way I do things.",Product Forum,laptop stand,positive,2024-02-17
REV100677,The coffee maker is overpriced for such low quality.,Product Forum,coffee maker,negative,2024-09-23
REV100678,Highly recommend the water bottle to anyone looking for quality.,Facebook Comment,water bottle,positive,2024-11-05
REV100679,"Five stars for the wireless headphones, it changed the way I do things.",Facebook Comment,wireless headphones,positive,2024-08-25
REV100680,"The laptop stand works as expected, average performance overall.",Twitter/X Post,laptop stand,neutral,2024-08-03
REV100681,This coffee maker is poorly made and feels cheap. Never again.,Facebook Comment,coffee maker,negative,2024-07-24
REV100682,The backpack stopped working and support was unhelpful.,Amazon Review,backpack,negative,2024-08-28
REV100683,What a wonderful laptop stand! Great value for the price.,Product Forum,laptop stand,positive,2024-07-18
REV100684,Great customer support experience! My whole family loves it. 😊,Amazon Review,customer support experience,positive,2024-01-19
REV100685,"Disappointing office chair, definitely returning it.",News Headline,office chair,negative,2024-01-20
REV100686,"Awful experience with the desk lamp, would not recommend at all. Never again.",Amazon Review,desk lamp,negative,2024-08-28
REV100687,"Just unboxed the backpack, will update this review later.",Facebook Comment,backpack,neutral,2024-08-05
REV100688,Comparing the wireless headphones to similar products on the market now.,News Headline,wireless headphones,neutral,2024-01-15
REV100689,The customer service team was super helpful with my restaurant chain order. :),Facebook Comment,restaurant chain,positive,2024-11-08
REV100690,Highly recommend the software update to anyone looking for quality.,Amazon Review,software update,positive,2024-08-18
REV100691,What a wonderful electric toothbrush! Great value for the price.,News Headline,electric toothbrush,positive,2024-04-08
REV100692,"Five stars for the office chair, it changed the way I do things.",Facebook Comment,office chair,positive,2024-11-20
REV100693,"Received the water bottle today, packaging was standard.",Product Forum,water bottle,neutral,2024-08-22
REV100694,"The smartphone case works as expected, average performance overall.",Facebook Comment,smartphone case,neutral,2024-12-05
REV100695,"Absolutely love this streaming service, it exceeded all my expectations!",News Headline,streaming service,positive,2024-10-13
REV100696,"I'm impressed by how well the software update performs, truly outstanding. 😊",Facebook Comment,software update,positive,2024-05-01
REV100697,"Received the kitchen blender today, packaging was standard.",Product Forum,kitchen blender,neutral,2024-04-08
REV100698,I hate how unreliable this gaming mouse turned out to be.,News Headline,gaming mouse,negative,2024-09-14
REV100699,Here is my honest review of the air purifier after a week of use.,Product Forum,air purifier,neutral,2024-09-08
REV100700,The delivery service has some pros and cons worth mentioning.,Twitter/X Post,delivery service,neutral,2024-09-08
REV100701,The coffee maker has some pros and cons worth mentioning.,News Headline,coffee maker,neutral,2024-12-21
REV100702,Great desk lamp! My whole family loves it. Love it!,Facebook Comment,desk lamp,positive,2024-12-10
REV100703,The software update arrived damaged and customer service ignored me.,Twitter/X Post,software update,negative,2024-11-07
REV100704,The software update is overpriced for such low quality.,News Headline,software update,negative,2024-11-07
REV100705,"Disappointing coffee maker, definitely returning it. 😡",Twitter/X Post,coffee maker,negative,2024-07-10
REV100706,"This running shoes is fantastic, best purchase I've made all year.",Twitter/X Post,running shoes,positive,2024-02-18
REV100707,"Awful experience with the water bottle, would not recommend at all.",Product Forum,water bottle,negative,2024-05-27
REV100708,"Absolutely love this mobile app, it exceeded all my expectations!",Amazon Review,mobile app,positive,2024-06-09
REV100709,"Disappointing airline, definitely returning it.",Product Forum,airline,negative,2024-04-28
REV100710,"Absolutely love this streaming service, it exceeded all my expectations!",News Headline,streaming service,positive,2024-09-10
REV100711,This electric toothbrush caused nothing but problems since day one.!!,News Headline,electric toothbrush,negative,2024-07-12
REV100712,"Absolutely love this yoga mat, it exceeded all my expectations!",Amazon Review,yoga mat,positive,2024-11-27
REV100713,"The coffee maker does what it's supposed to do, nothing special.",News Headline,coffee maker,neutral,2024-05-24
REV100714,Here is my honest review of the kitchen blender after a week of use.,Amazon Review,kitchen blender,neutral,2024-11-07
REV100715,"I bought the bluetooth speaker last week, still testing it out.",Twitter/X Post,bluetooth speaker,neutral,2024-07-25
REV100716,I hate how unreliable this coffee maker turned out to be.,Product Forum,coffee maker,negative,2024-12-17
REV100717,"Received the airline today, packaging was standard.",Amazon Review,airline,neutral,2024-01-07
REV100718,The air purifier stopped working and support was unhelpful. Never again.,News Headline,air purifier,negative,2024-01-17
REV100719,"Received the air purifier today, packaging was standard.",Twitter/X Post,air purifier,neutral,2024-04-24
REV100720,"The running shoes is okay, not great but not bad either.",Twitter/X Post,running shoes,neutral,2024-02-21
REV100721,"Disappointing bluetooth speaker, definitely returning it.",Product Forum,bluetooth speaker,negative,2024-05-27
REV100722,"Disappointing bluetooth speaker, definitely returning it.",Twitter/X Post,bluetooth speaker,negative,2024-12-23
REV100723,Great streaming service! My whole family loves it.,Product Forum,streaming service,positive,2024-08-31
REV100724,"I'm so disappointed with this backpack, complete waste of money. Never again.",Product Forum,backpack,negative,2024-09-08
REV100725,The kitchen blender stopped working and support was unhelpful.,Amazon Review,kitchen blender,negative,2024-11-18
REV100726,"Just unboxed the office chair, will update this review later.",Amazon Review,office chair,neutral,2024-09-02
REV100727,This water bottle caused nothing but problems since day one.,Twitter/X Post,water bottle,negative,2024-03-20
REV100728,Considering whether to keep the mobile app or exchange it.,News Headline,mobile app,neutral,2024-06-04
REV100729,This customer support experience is poorly made and feels cheap.,News Headline,customer support experience,negative,2024-11-05
REV100730,What a wonderful mobile app! Great value for the price. Love it!,Product Forum,mobile app,positive,2024-09-06
REV100731,The customer service team was super helpful with my fitness tracker order.,Twitter/X Post,fitness tracker,positive,2024-03-20
REV100732,"Just unboxed the wireless headphones, will update this review later.",Amazon Review,wireless headphones,neutral,2024-11-11
REV100733,The gaming mouse is overpriced for such low quality.,Facebook Comment,gaming mouse,negative,2024-01-25
REV100734,Highly recommend the electric toothbrush to anyone looking for quality. 😊,Product Forum,electric toothbrush,positive,2024-11-29
REV100735,Here is my honest review of the backpack after a week of use.,News Headline,backpack,neutral,2024-05-16
REV100736,"I'm so happy with the smartphone case, works perfectly and looks great.",News Headline,smartphone case,positive,2024-06-06
REV100737,"Excellent streaming service, exactly as described and super reliable.",Amazon Review,streaming service,positive,2024-06-26
REV100738,"Received the kitchen blender today, packaging was standard.",Amazon Review,kitchen blender,neutral,2024-11-21
REV100739,The wireless headphones arrived damaged and customer service ignored me.,Amazon Review,wireless headphones,negative,2024-02-14
REV100740,This water bottle caused nothing but problems since day one. :(,Twitter/X Post,water bottle,negative,2024-03-04
REV100741,Here is my honest review of the streaming service after a week of use.,News Headline,streaming service,neutral,2024-11-13
REV100742,Comparing the backpack to similar products on the market now.,Product Forum,backpack,neutral,2024-08-25
REV100743,"Disappointing yoga mat, definitely returning it.",Product Forum,yoga mat,negative,2024-03-18
REV100744,"The office chair is okay, not great but not bad either.",Amazon Review,office chair,neutral,2024-11-01
REV100745,"I'm so happy with the desk lamp, works perfectly and looks great.",Facebook Comment,desk lamp,positive,2024-06-27
REV100746,"Received the office chair today, packaging was standard.",Product Forum,office chair,neutral,2024-03-13
REV100747,I hate how unreliable this laptop stand turned out to be.,Amazon Review,laptop stand,negative,2024-12-27
REV100748,What a wonderful restaurant chain! Great value for the price.,Twitter/X Post,restaurant chain,positive,2024-11-20
REV100749,"Just unboxed the gaming mouse, will update this review later.",Facebook Comment,gaming mouse,neutral,2024-08-28
REV100750,"Awful experience with the streaming service, would not recommend at all.",Twitter/X Post,streaming service,negative,2024-03-10
REV100751,The running shoes is overpriced for such low quality.,Facebook Comment,running shoes,negative,2024-06-24
REV100752,I hate how unreliable this airline turned out to be.,News Headline,airline,negative,2024-06-21
REV100753,Comparing the air purifier to similar products on the market now.,Product Forum,air purifier,neutral,2024-01-13
REV100754,The customer service team was super helpful with my bluetooth speaker order.,Facebook Comment,bluetooth speaker,positive,2024-12-25
REV100755,"I'm impressed by how well the software update performs, truly outstanding.",Facebook Comment,software update,positive,2024-08-23
REV100756,Here is my honest review of the electric toothbrush after a week of use.,Facebook Comment,electric toothbrush,neutral,2024-02-11
REV100757,The software update is overpriced for such low quality.,Twitter/X Post,software update,negative,2024-12-20
REV100758,The gaming mouse arrived on time and matches the description.,Product Forum,gaming mouse,neutral,2024-09-19
REV100759,"Disappointing smartphone case, definitely returning it.",Facebook Comment,smartphone case,negative,2024-12-13
REV100760,The electric toothbrush stopped working and support was unhelpful. :(,Twitter/X Post,electric toothbrush,negative,2024-05-19
REV100761,Highly recommend the bluetooth speaker to anyone looking for quality.,Product Forum,bluetooth speaker,positive,2024-03-31
REV100762,"I'm so disappointed with this fitness tracker, complete waste of money.!!",Twitter/X Post,fitness tracker,negative,2024-06-03
REV100763,"Just unboxed the air purifier, will update this review later.",Twitter/X Post,air purifier,neutral,2024-01-29
REV100764,Here is my honest review of the coffee maker after a week of use.,Amazon Review,coffee maker,neutral,2024-11-18
REV100765,The wireless headphones is overpriced for such low quality.,News Headline,wireless headphones,negative,2024-10-16
REV100766,I hate how unreliable this electric toothbrush turned out to be.,News Headline,electric toothbrush,negative,2024-11-25
REV100767,"I'm impressed by how well the kitchen blender performs, truly outstanding.!!",News Headline,kitchen blender,positive,2024-06-03
REV100768,"I bought the bluetooth speaker last week, still testing it out.",News Headline,bluetooth speaker,neutral,2024-01-02
REV100769,"This desk lamp is fantastic, best purchase I've made all year.",Twitter/X Post,desk lamp,positive,2024-03-10
REV100770,"Excellent fitness tracker, exactly as described and super reliable.!!",News Headline,fitness tracker,positive,2024-12-26
REV100771,"The kitchen blender is okay, not great but not bad either.",Amazon Review,kitchen blender,neutral,2024-11-01
REV100772,The streaming service arrived quickly and the build quality is amazing.,News Headline,streaming service,positive,2024-08-21
REV100773,"Excellent office chair, exactly as described and super reliable.",Facebook Comment,office chair,positive,2024-12-21
REV100774,"This streaming service is fantastic, best purchase I've made all year.",Twitter/X Post,streaming service,positive,2024-07-27
REV100775,"This subscription plan is fantastic, best purchase I've made all year.",Amazon Review,subscription plan,positive,2024-04-30
REV100776,What a wonderful water bottle! Great value for the price.,News Headline,water bottle,positive,2024-12-10
REV100777,"I'm so happy with the wireless headphones, works perfectly and looks great. Love it!",Twitter/X Post,wireless headphones,positive,2024-11-06
REV100778,"Just unboxed the subscription plan, will update this review later.",Twitter/X Post,subscription plan,neutral,2024-04-13
REV100779,The customer service team was super helpful with my desk lamp order.,Product Forum,desk lamp,positive,2024-08-05
REV100780,"Just unboxed the bluetooth speaker, will update this review later.",News Headline,bluetooth speaker,neutral,2024-05-13
REV100781,"Excellent smartphone case, exactly as described and super reliable.",Twitter/X Post,smartphone case,positive,2024-05-14
REV100782,"I bought the airline last week, still testing it out.",Amazon Review,airline,neutral,2024-09-26
REV100783,"I'm so disappointed with this smartphone case, complete waste of money. :(",News Headline,smartphone case,negative,2024-12-26
REV100784,What a wonderful kitchen blender! Great value for the price.,Amazon Review,kitchen blender,positive,2024-09-12
REV100785,I hate how unreliable this delivery service turned out to be.,Twitter/X Post,delivery service,negative,2024-07-08
REV100786,"Just unboxed the air purifier, will update this review later.",News Headline,air purifier,neutral,2024-05-24
REV100787,"Awful experience with the laptop stand, would not recommend at all.",Product Forum,laptop stand,negative,2024-12-08
REV100788,The airline has some pros and cons worth mentioning.,Amazon Review,airline,neutral,2024-01-18
REV100789,The customer service team was super helpful with my gaming mouse order.,Amazon Review,gaming mouse,positive,2024-05-19
REV100790,"This smartphone case is fantastic, best purchase I've made all year.",Twitter/X Post,smartphone case,positive,2024-03-25
REV100791,The desk lamp stopped working and support was unhelpful.,Product Forum,desk lamp,negative,2024-10-01
REV100792,"This fitness tracker is fantastic, best purchase I've made all year.!!",Product Forum,fitness tracker,positive,2024-12-31
REV100793,The coffee maker arrived damaged and customer service ignored me.,Twitter/X Post,coffee maker,negative,2024-10-19
REV100794,"Excellent wireless headphones, exactly as described and super reliable.",News Headline,wireless headphones,positive,2024-05-20
REV100795,"Very frustrated with the yoga mat, it never worked as advertised.",Facebook Comment,yoga mat,negative,2024-09-05
REV100796,"The water bottle works as expected, average performance overall.",Product Forum,water bottle,neutral,2024-11-18
REV100797,"Five stars for the wireless headphones, it changed the way I do things.",Twitter/X Post,wireless headphones,positive,2024-07-05
REV100798,"The desk lamp is okay, not great but not bad either.",Twitter/X Post,desk lamp,neutral,2024-04-27
REV100799,The customer service team was super helpful with my running shoes order.,Amazon Review,running shoes,positive,2024-02-04
REV100800,Here is my honest review of the air purifier after a week of use.,Twitter/X Post,air purifier,neutral,2024-11-03
REV100801,Comparing the gaming mouse to similar products on the market now.,Amazon Review,gaming mouse,neutral,2024-01-21
REV100802,The delivery service arrived damaged and customer service ignored me.,Amazon Review,delivery service,negative,2024-02-28
REV100803,"Five stars for the wireless headphones, it changed the way I do things.",Twitter/X Post,wireless headphones,positive,2024-07-30
REV100804,"Excellent office chair, exactly as described and super reliable.",Facebook Comment,office chair,positive,2024-04-25
REV100805,"The software update meets the basic requirements, nothing more.",Amazon Review,software update,neutral,2024-04-16
REV100806,Highly recommend the office chair to anyone looking for quality. Love it!,News Headline,office chair,positive,2024-04-05
REV100807,"I'm so disappointed with this gaming mouse, complete waste of money.",Facebook Comment,gaming mouse,negative,2024-08-09
REV100808,The smartphone case is overpriced for such low quality. 😡,News Headline,smartphone case,negative,2024-03-02
REV100809,"Very frustrated with the subscription plan, it never worked as advertised.!!",Product Forum,subscription plan,negative,2024-04-27
REV100810,"I bought the customer support experience last week, still testing it out.",Facebook Comment,customer support experience,neutral,2024-10-21
REV100811,Comparing the delivery service to similar products on the market now.,Facebook Comment,delivery service,neutral,2024-04-13
REV100812,"Very frustrated with the customer support experience, it never worked as advertised.",Facebook Comment,customer support experience,negative,2024-12-12
REV100813,"Excellent airline, exactly as described and super reliable.",Facebook Comment,airline,positive,2024-11-27
REV100814,"Just unboxed the kitchen blender, will update this review later.",Amazon Review,kitchen blender,neutral,2024-05-10
REV100815,"I'm so disappointed with this kitchen blender, complete waste of money.!!",Facebook Comment,kitchen blender,negative,2024-09-12
REV100816,"I'm so disappointed with this water bottle, complete waste of money.",Product Forum,water bottle,negative,2024-09-14
REV100817,Considering whether to keep the gaming mouse or exchange it.,Amazon Review,gaming mouse,neutral,2024-06-20
REV100818,"Received the kitchen blender today, packaging was standard.",Amazon Review,kitchen blender,neutral,2024-07-27
REV100819,"I bought the restaurant chain last week, still testing it out.",News Headline,restaurant chain,neutral,2024-04-14
REV100820,"Worst smartphone case I have ever bought, total regret.",Product Forum,smartphone case,negative,2024-09-23
REV100821,The kitchen blender arrived on time and matches the description.,Twitter/X Post,kitchen blender,neutral,2024-02-24
REV100822,What a wonderful bluetooth speaker! Great value for the price.,Amazon Review,bluetooth speaker,positive,2024-12-07
REV100823,"I'm so happy with the airline, works perfectly and looks great.",Product Forum,airline,positive,2024-09-03
REV100824,Highly recommend the smartphone case to anyone looking for quality.,Product Forum,smartphone case,positive,2024-03-14
REV100825,"Disappointing coffee maker, definitely returning it.",Twitter/X Post,coffee maker,negative,2024-09-25
REV100826,"Excellent office chair, exactly as described and super reliable.",News Headline,office chair,positive,2024-07-12
REV100827,What a wonderful bluetooth speaker! Great value for the price. Love it!,Facebook Comment,bluetooth speaker,positive,2024-01-21
REV100828,"The fitness tracker is okay, not great but not bad either.",Product Forum,fitness tracker,neutral,2024-02-01
REV100829,Considering whether to keep the backpack or exchange it.,Amazon Review,backpack,neutral,2024-01-05
REV100830,"Received the customer support experience today, packaging was standard.",News Headline,customer support experience,neutral,2024-02-16
REV100831,The running shoes stopped working and support was unhelpful.,Facebook Comment,running shoes,negative,2024-07-20
REV100832,The customer service team was super helpful with my software update order.,Twitter/X Post,software update,positive,2024-11-23
REV100833,"Awful experience with the fitness tracker, would not recommend at all.",Facebook Comment,fitness tracker,negative,2024-06-08
REV100834,This backpack caused nothing but problems since day one.,Twitter/X Post,backpack,negative,2024-10-03
REV100835,This streaming service is poorly made and feels cheap.,Facebook Comment,streaming service,negative,2024-04-06
REV100836,I hate how unreliable this desk lamp turned out to be. 😡,Product Forum,desk lamp,negative,2024-05-26
REV100837,Highly recommend the smartphone case to anyone looking for quality.,Amazon Review,smartphone case,positive,2024-03-23
REV100838,"Terrible mobile app, broke after just two days of use.",Twitter/X Post,mobile app,negative,2024-02-13
REV100839,"I bought the software update last week, still testing it out.",Product Forum,software update,neutral,2024-05-17
REV100840,"I'm so happy with the airline, works perfectly and looks great.",Facebook Comment,airline,positive,2024-05-10
REV100841,"Awful experience with the wireless headphones, would not recommend at all.",Product Forum,wireless headphones,negative,2024-07-08
REV100842,"Awful experience with the software update, would not recommend at all.",Twitter/X Post,software update,negative,2024-11-16
REV100843,The bluetooth speaker arrived quickly and the build quality is amazing.,Facebook Comment,bluetooth speaker,positive,2024-04-10
REV100844,"The customer support experience meets the basic requirements, nothing more.",Twitter/X Post,customer support experience,neutral,2024-02-20
REV100845,The customer service team was super helpful with my coffee maker order. 😊,Product Forum,coffee maker,positive,2024-08-28
REV100846,The subscription plan is overpriced for such low quality. 😡,Amazon Review,subscription plan,negative,2024-12-14
REV100847,"Absolutely love this coffee maker, it exceeded all my expectations!",Facebook Comment,coffee maker,positive,2024-02-16
REV100848,"Absolutely love this electric toothbrush, it exceeded all my expectations!",News Headline,electric toothbrush,positive,2024-07-03
REV100849,"This electric toothbrush is fantastic, best purchase I've made all year.",Amazon Review,electric toothbrush,positive,2024-06-01
REV100850,"This wireless headphones is fantastic, best purchase I've made all year.",Product Forum,wireless headphones,positive,2024-09-14
REV100851,"This gaming mouse is a game changer, I use it every single day. :)",News Headline,gaming mouse,positive,2024-04-27
REV100852,"Received the office chair today, packaging was standard.",Product Forum,office chair,neutral,2024-12-16
REV100853,The fitness tracker has some pros and cons worth mentioning.,News Headline,fitness tracker,neutral,2024-05-10
REV100854,The laptop stand arrived quickly and the build quality is amazing.,Facebook Comment,laptop stand,positive,2024-03-01
REV100855,"The subscription plan works as expected, average performance overall.",Facebook Comment,subscription plan,neutral,2024-02-02
REV100856,Here is my honest review of the fitness tracker after a week of use.,Twitter/X Post,fitness tracker,neutral,2024-11-30
REV100857,"Absolutely love this streaming service, it exceeded all my expectations!!!",Twitter/X Post,streaming service,positive,2024-11-01
REV100858,This water bottle is poorly made and feels cheap.,Amazon Review,water bottle,negative,2024-11-17
REV100859,"I'm so happy with the electric toothbrush, works perfectly and looks great.",Facebook Comment,electric toothbrush,positive,2024-06-23
REV100860,"Absolutely love this office chair, it exceeded all my expectations!",Amazon Review,office chair,positive,2024-10-16
REV100861,"The yoga mat meets the basic requirements, nothing more.",News Headline,yoga mat,neutral,2024-05-05
REV100862,The customer service team was super helpful with my delivery service order.,Product Forum,delivery service,positive,2024-08-24
REV100863,The bluetooth speaker arrived on time and matches the description.,Facebook Comment,bluetooth speaker,neutral,2024-03-02
REV100864,"This running shoes is a game changer, I use it every single day.",Twitter/X Post,running shoes,positive,2024-04-27
REV100865,"Disappointing bluetooth speaker, definitely returning it.",Twitter/X Post,bluetooth speaker,negative,2024-12-05
REV100866,"Absolutely love this desk lamp, it exceeded all my expectations!",Amazon Review,desk lamp,positive,2024-03-06
REV100867,"Absolutely love this kitchen blender, it exceeded all my expectations!!!",Facebook Comment,kitchen blender,positive,2024-04-15
REV100868,"This air purifier is a game changer, I use it every single day.",Product Forum,air purifier,positive,2024-10-23
REV100869,"Excellent fitness tracker, exactly as described and super reliable.",Amazon Review,fitness tracker,positive,2024-06-13
REV100870,"I'm so happy with the airline, works perfectly and looks great.!!",Twitter/X Post,airline,positive,2024-08-09
REV100871,Highly recommend the smartphone case to anyone looking for quality.,Twitter/X Post,smartphone case,positive,2024-12-05
REV100872,"I'm so happy with the yoga mat, works perfectly and looks great.",News Headline,yoga mat,positive,2024-12-08
REV100873,"Worst yoga mat I have ever bought, total regret.",News Headline,yoga mat,negative,2024-01-30
REV100874,This fitness tracker caused nothing but problems since day one.,Facebook Comment,fitness tracker,negative,2024-11-13
REV100875,The customer service team was super helpful with my restaurant chain order.!!,Product Forum,restaurant chain,positive,2024-04-16
REV100876,Highly recommend the streaming service to anyone looking for quality.,News Headline,streaming service,positive,2024-05-07
REV100877,"Excellent running shoes, exactly as described and super reliable.",Product Forum,running shoes,positive,2024-09-24
REV100878,The fitness tracker stopped working and support was unhelpful.,Twitter/X Post,fitness tracker,negative,2024-04-02
REV100879,"Terrible electric toothbrush, broke after just two days of use. 😡",News Headline,electric toothbrush,negative,2024-04-14
REV100880,"Five stars for the subscription plan, it changed the way I do things.",Twitter/X Post,subscription plan,positive,2024-03-28
REV100881,"This backpack is fantastic, best purchase I've made all year.",Amazon Review,backpack,positive,2024-08-28
REV100882,"Excellent subscription plan, exactly as described and super reliable. 😊",Twitter/X Post,subscription plan,positive,2024-03-13
REV100883,The mobile app arrived on time and matches the description.,Product Forum,mobile app,neutral,2024-09-20
REV100884,"Very frustrated with the restaurant chain, it never worked as advertised.",Amazon Review,restaurant chain,negative,2024-09-22
REV100885,"I bought the air purifier last week, still testing it out.",Twitter/X Post,air purifier,neutral,2024-12-27
REV100886,"I bought the airline last week, still testing it out.",Product Forum,airline,neutral,2024-12-01
REV100887,Great electric toothbrush! My whole family loves it.!!,Twitter/X Post,electric toothbrush,positive,2024-03-17
REV100888,The customer service team was super helpful with my fitness tracker order. Love it!,Product Forum,fitness tracker,positive,2024-07-26
REV100889,I hate how unreliable this office chair turned out to be.,Facebook Comment,office chair,negative,2024-12-17
REV100890,"Received the running shoes today, packaging was standard.",Amazon Review,running shoes,neutral,2024-12-19
REV100891,The bluetooth speaker arrived damaged and customer service ignored me.,Twitter/X Post,bluetooth speaker,negative,2024-08-12
REV100892,"Five stars for the desk lamp, it changed the way I do things.!!",Facebook Comment,desk lamp,positive,2024-01-14
REV100893,"Excellent air purifier, exactly as described and super reliable. 😊",News Headline,air purifier,positive,2024-10-19
REV100894,Highly recommend the airline to anyone looking for quality.,Facebook Comment,airline,positive,2024-04-30
REV100895,Comparing the software update to similar products on the market now.,News Headline,software update,neutral,2024-03-31
REV100896,"This coffee maker is a game changer, I use it every single day.",Product Forum,coffee maker,positive,2024-08-18
REV100897,"Terrible coffee maker, broke after just two days of use.",Facebook Comment,coffee maker,negative,2024-04-15
REV100898,"I'm so disappointed with this backpack, complete waste of money.",News Headline,backpack,negative,2024-06-13
REV100899,"Worst customer support experience I have ever bought, total regret.",Product Forum,customer support experience,negative,2024-07-13
REV100900,"The streaming service is okay, not great but not bad either.",Product Forum,streaming service,neutral,2024-11-10
REV100901,"Very frustrated with the mobile app, it never worked as advertised.",Product Forum,mobile app,negative,2024-04-07
REV100902,"I bought the water bottle last week, still testing it out.",News Headline,water bottle,neutral,2024-08-06
REV100903,"Awful experience with the coffee maker, would not recommend at all.",Amazon Review,coffee maker,negative,2024-06-08
REV100904,"I'm so disappointed with this fitness tracker, complete waste of money. Never again.",Product Forum,fitness tracker,negative,2024-05-09
REV100905,"Five stars for the running shoes, it changed the way I do things.",Facebook Comment,running shoes,positive,2024-05-31
REV100906,Highly recommend the backpack to anyone looking for quality. :),Product Forum,backpack,positive,2024-07-06
REV100907,"Received the delivery service today, packaging was standard.",Twitter/X Post,delivery service,neutral,2024-03-31
REV100908,"This office chair is fantastic, best purchase I've made all year.",Amazon Review,office chair,positive,2024-12-21
REV100909,"Excellent fitness tracker, exactly as described and super reliable.",Twitter/X Post,fitness tracker,positive,2024-05-06
REV100910,"Absolutely love this smartphone case, it exceeded all my expectations!",Twitter/X Post,smartphone case,positive,2024-09-01
REV100911,"Absolutely love this desk lamp, it exceeded all my expectations!",Twitter/X Post,desk lamp,positive,2024-12-25
REV100912,This yoga mat caused nothing but problems since day one.,Facebook Comment,yoga mat,negative,2024-09-16
REV100913,"Absolutely love this kitchen blender, it exceeded all my expectations!",News Headline,kitchen blender,positive,2024-04-07
REV100914,The yoga mat is overpriced for such low quality. :(,Facebook Comment,yoga mat,negative,2024-05-27
REV100915,"I'm so disappointed with this delivery service, complete waste of money. 😡",News Headline,delivery service,negative,2024-01-13
REV100916,The desk lamp is overpriced for such low quality.,Product Forum,desk lamp,negative,2024-10-30
REV100917,I hate how unreliable this fitness tracker turned out to be.,News Headline,fitness tracker,negative,2024-01-08
REV100918,Comparing the gaming mouse to similar products on the market now.,Amazon Review,gaming mouse,neutral,2024-01-21
REV100919,What a wonderful coffee maker! Great value for the price. 😊,Twitter/X Post,coffee maker,positive,2024-02-26
REV100920,"This coffee maker is fantastic, best purchase I've made all year.",Twitter/X Post,coffee maker,positive,2024-05-12
REV100921,What a wonderful electric toothbrush! Great value for the price. 😊,News Headline,electric toothbrush,positive,2024-12-28
REV100922,Highly recommend the coffee maker to anyone looking for quality. Love it!,News Headline,coffee maker,positive,2024-06-04
REV100923,"The laptop stand is okay, not great but not bad either.",Product Forum,laptop stand,neutral,2024-12-21
REV100924,The restaurant chain arrived on time and matches the description.,Twitter/X Post,restaurant chain,neutral,2024-01-28
REV100925,"Received the smartphone case today, packaging was standard.",News Headline,smartphone case,neutral,2024-08-06
REV100926,"The yoga mat works as expected, average performance overall.",Product Forum,yoga mat,neutral,2024-03-28
REV100927,The running shoes arrived quickly and the build quality is amazing. Love it!,News Headline,running shoes,positive,2024-01-04
REV100928,The water bottle arrived on time and matches the description.,Twitter/X Post,water bottle,neutral,2024-05-13
REV100929,Highly recommend the desk lamp to anyone looking for quality.,News Headline,desk lamp,positive,2024-09-20
REV100930,The restaurant chain arrived on time and matches the description.,Facebook Comment,restaurant chain,neutral,2024-11-17
REV100931,"The streaming service does what it's supposed to do, nothing special.",News Headline,streaming service,neutral,2024-04-03
REV100932,"Five stars for the streaming service, it changed the way I do things. Love it!",Amazon Review,streaming service,positive,2024-09-28
REV100933,The gaming mouse is overpriced for such low quality. 😡,Twitter/X Post,gaming mouse,negative,2024-08-20
REV100934,"I bought the subscription plan last week, still testing it out.",News Headline,subscription plan,neutral,2024-07-23
REV100935,The laptop stand arrived on time and matches the description.,Twitter/X Post,laptop stand,neutral,2024-03-18
REV100936,"Awful experience with the kitchen blender, would not recommend at all.",Facebook Comment,kitchen blender,negative,2024-04-25
REV100937,"Disappointing bluetooth speaker, definitely returning it.",Product Forum,bluetooth speaker,negative,2024-12-05
REV100938,Great smartphone case! My whole family loves it. :),Twitter/X Post,smartphone case,positive,2024-02-20
REV100939,What a wonderful smartphone case! Great value for the price.,Facebook Comment,smartphone case,positive,2024-06-26
REV100940,"Awful experience with the coffee maker, would not recommend at all.!!",Facebook Comment,coffee maker,negative,2024-12-10
REV100941,"This airline is a game changer, I use it every single day.",Twitter/X Post,airline,positive,2024-12-15
REV100942,What a wonderful bluetooth speaker! Great value for the price.,Amazon Review,bluetooth speaker,positive,2024-03-06
REV100943,The gaming mouse stopped working and support was unhelpful.,Facebook Comment,gaming mouse,negative,2024-09-24
REV100944,"Five stars for the kitchen blender, it changed the way I do things.",Amazon Review,kitchen blender,positive,2024-08-04
REV100945,The delivery service arrived quickly and the build quality is amazing.,Twitter/X Post,delivery service,positive,2024-01-30
REV100946,I hate how unreliable this subscription plan turned out to be. :(,Facebook Comment,subscription plan,negative,2024-12-05
REV100947,"The air purifier works as expected, average performance overall.",Facebook Comment,air purifier,neutral,2024-11-23
REV100948,"I'm so disappointed with this mobile app, complete waste of money.",Product Forum,mobile app,negative,2024-12-17
REV100949,Considering whether to keep the bluetooth speaker or exchange it.,Twitter/X Post,bluetooth speaker,neutral,2024-08-22
REV100950,"Worst desk lamp I have ever bought, total regret. :(",Amazon Review,desk lamp,negative,2024-06-03
REV100951,"I'm impressed by how well the airline performs, truly outstanding.!!",Twitter/X Post,airline,positive,2024-01-22
REV100952,"I'm impressed by how well the air purifier performs, truly outstanding. 😊",Product Forum,air purifier,positive,2024-03-21
REV100953,Here is my honest review of the backpack after a week of use.,Facebook Comment,backpack,neutral,2024-01-03
REV100954,"Disappointing desk lamp, definitely returning it.",Amazon Review,desk lamp,negative,2024-09-05
REV100955,Considering whether to keep the running shoes or exchange it.,Product Forum,running shoes,neutral,2024-12-12
REV100956,"Five stars for the delivery service, it changed the way I do things. :)",News Headline,delivery service,positive,2024-01-01
REV100957,"This fitness tracker is a game changer, I use it every single day.",Product Forum,fitness tracker,positive,2024-02-25
REV100958,"The electric toothbrush works as expected, average performance overall.",Product Forum,electric toothbrush,neutral,2024-08-09
REV100959,"I bought the smartphone case last week, still testing it out.",Twitter/X Post,smartphone case,neutral,2024-07-21
REV100960,"The laptop stand works as expected, average performance overall.",News Headline,laptop stand,neutral,2024-09-29
REV100961,The office chair arrived quickly and the build quality is amazing. Love it!,Facebook Comment,office chair,positive,2024-05-14
REV100962,"Five stars for the desk lamp, it changed the way I do things.",Twitter/X Post,desk lamp,positive,2024-05-02
REV100963,"Excellent software update, exactly as described and super reliable. :)",Amazon Review,software update,positive,2024-08-24
REV100964,The wireless headphones has some pros and cons worth mentioning.,Amazon Review,wireless headphones,neutral,2024-07-30
REV100965,"I'm so disappointed with this coffee maker, complete waste of money.",Twitter/X Post,coffee maker,negative,2024-06-09
REV100966,The streaming service arrived on time and matches the description.,Twitter/X Post,streaming service,neutral,2024-09-19
REV100967,"Five stars for the software update, it changed the way I do things.",Twitter/X Post,software update,positive,2024-10-06
REV100968,The streaming service arrived quickly and the build quality is amazing.,Amazon Review,streaming service,positive,2024-07-26
REV100969,"I'm impressed by how well the electric toothbrush performs, truly outstanding.",Product Forum,electric toothbrush,positive,2024-01-27
REV100970,"The bluetooth speaker does what it's supposed to do, nothing special.",Facebook Comment,bluetooth speaker,neutral,2024-09-04
REV100971,"Five stars for the backpack, it changed the way I do things.",Twitter/X Post,backpack,positive,2024-04-24
REV100972,"I bought the mobile app last week, still testing it out.",Twitter/X Post,mobile app,neutral,2024-09-18
REV100973,"Excellent electric toothbrush, exactly as described and super reliable.",Facebook Comment,electric toothbrush,positive,2024-01-08
REV100974,The restaurant chain stopped working and support was unhelpful.!!,Facebook Comment,restaurant chain,negative,2024-07-25
REV100975,Great software update! My whole family loves it.,Twitter/X Post,software update,positive,2024-05-05
REV100976,"Disappointing running shoes, definitely returning it.",Amazon Review,running shoes,negative,2024-02-19
REV100977,"I'm impressed by how well the wireless headphones performs, truly outstanding. 😊",News Headline,wireless headphones,positive,2024-05-28
REV100978,Highly recommend the running shoes to anyone looking for quality. Love it!,Facebook Comment,running shoes,positive,2024-08-22
REV100979,Great desk lamp! My whole family loves it.,News Headline,desk lamp,positive,2024-12-08
REV100980,"I'm so happy with the mobile app, works perfectly and looks great.",Twitter/X Post,mobile app,positive,2024-10-10
REV100981,"Just unboxed the coffee maker, will update this review later.",Twitter/X Post,coffee maker,neutral,2024-04-17
REV100982,"Received the subscription plan today, packaging was standard.",Amazon Review,subscription plan,neutral,2024-04-05
REV100983,"Absolutely love this bluetooth speaker, it exceeded all my expectations!",Product Forum,bluetooth speaker,positive,2024-06-03
REV100984,The electric toothbrush arrived on time and matches the description.,Twitter/X Post,electric toothbrush,neutral,2024-08-22
REV100985,"The kitchen blender meets the basic requirements, nothing more.",Facebook Comment,kitchen blender,neutral,2024-10-16
REV100986,"Received the office chair today, packaging was standard.",Twitter/X Post,office chair,neutral,2024-03-14
REV100987,"I'm so happy with the electric toothbrush, works perfectly and looks great.!!",Facebook Comment,electric toothbrush,positive,2024-12-24
REV100988,"Terrible wireless headphones, broke after just two days of use.",Facebook Comment,wireless headphones,negative,2024-08-08
REV100989,"The backpack does what it's supposed to do, nothing special.",Twitter/X Post,backpack,neutral,2024-01-13
REV100990,Great software update! My whole family loves it.,News Headline,software update,positive,2024-02-07
REV100991,This airline is poorly made and feels cheap.,Amazon Review,airline,negative,2024-01-19
REV100992,What a wonderful laptop stand! Great value for the price.!!,News Headline,laptop stand,positive,2024-12-09
REV100993,"The customer support experience is okay, not great but not bad either.",Facebook Comment,customer support experience,neutral,2024-06-18
REV100994,"Terrible backpack, broke after just two days of use. Never again.",Amazon Review,backpack,negative,2024-02-27
REV100995,"Worst bluetooth speaker I have ever bought, total regret.",News Headline,bluetooth speaker,negative,2024-11-22
REV100996,Great fitness tracker! My whole family loves it. Love it!,Facebook Comment,fitness tracker,positive,2024-03-11
REV100997,"I'm impressed by how well the backpack performs, truly outstanding.!!",News Headline,backpack,positive,2024-03-15
REV100998,"I bought the fitness tracker last week, still testing it out.",Amazon Review,fitness tracker,neutral,2024-07-07
REV100999,Considering whether to keep the customer support experience or exchange it.,News Headline,customer support experience,neutral,2024-06-21
REV101000,The laptop stand arrived quickly and the build quality is amazing.,Facebook Comment,laptop stand,positive,2024-07-04
REV101001,"Worst delivery service I have ever bought, total regret.",News Headline,delivery service,negative,2024-07-13
REV101002,"Very frustrated with the water bottle, it never worked as advertised.",News Headline,water bottle,negative,2024-03-21
REV101003,"The water bottle is okay, not great but not bad either.",Product Forum,water bottle,neutral,2024-07-20
REV101004,"Just unboxed the restaurant chain, will update this review later.",Twitter/X Post,restaurant chain,neutral,2024-11-01
REV101005,Comparing the backpack to similar products on the market now.,News Headline,backpack,neutral,2024-06-18
REV101006,"The software update works as expected, average performance overall.",Amazon Review,software update,neutral,2024-07-31
REV101007,The gaming mouse arrived on time and matches the description.,Amazon Review,gaming mouse,neutral,2024-08-02
REV101008,"The streaming service does what it's supposed to do, nothing special.",Twitter/X Post,streaming service,neutral,2024-02-21
REV101009,"Terrible air purifier, broke after just two days of use.",Product Forum,air purifier,negative,2024-12-03
REV101010,The customer service team was super helpful with my wireless headphones order.,News Headline,wireless headphones,positive,2024-09-23
REV101011,"This laptop stand is fantastic, best purchase I've made all year. Love it!",Facebook Comment,laptop stand,positive,2024-03-25
REV101012,Great fitness tracker! My whole family loves it.,Facebook Comment,fitness tracker,positive,2024-04-16
REV101013,What a wonderful air purifier! Great value for the price.,Twitter/X Post,air purifier,positive,2024-12-15
REV101014,"Received the electric toothbrush today, packaging was standard.",Amazon Review,electric toothbrush,neutral,2024-06-16
REV101015,"The running shoes does what it's supposed to do, nothing special.",Product Forum,running shoes,neutral,2024-03-10
REV101016,Here is my honest review of the mobile app after a week of use.,News Headline,mobile app,neutral,2024-04-07
REV101017,"This desk lamp is a game changer, I use it every single day. :)",Facebook Comment,desk lamp,positive,2024-01-12
REV101018,"Worst kitchen blender I have ever bought, total regret.",News Headline,kitchen blender,negative,2024-10-20
REV101019,I hate how unreliable this streaming service turned out to be. Never again.,Facebook Comment,streaming service,negative,2024-08-27
REV101020,"This gaming mouse is a game changer, I use it every single day.",Facebook Comment,gaming mouse,positive,2024-02-09
REV101021,The running shoes arrived damaged and customer service ignored me.!!,Amazon Review,running shoes,negative,2024-09-27
REV101022,Great airline! My whole family loves it.,Product Forum,airline,positive,2024-11-08
REV101023,"This software update is fantastic, best purchase I've made all year.",Product Forum,software update,positive,2024-01-25
REV101024,"Very frustrated with the desk lamp, it never worked as advertised.",Amazon Review,desk lamp,negative,2024-02-06
REV101025,"The air purifier meets the basic requirements, nothing more.",Amazon Review,air purifier,neutral,2024-06-01
REV101026,"Disappointing desk lamp, definitely returning it.",News Headline,desk lamp,negative,2024-06-20
REV101027,"The streaming service does what it's supposed to do, nothing special.",Facebook Comment,streaming service,neutral,2024-04-12
REV101028,The subscription plan has some pros and cons worth mentioning.,Amazon Review,subscription plan,neutral,2024-10-30
REV101029,I hate how unreliable this software update turned out to be.,Twitter/X Post,software update,negative,2024-02-23
REV101030,The streaming service arrived quickly and the build quality is amazing.,Twitter/X Post,streaming service,positive,2024-03-15
REV101031,"Terrible gaming mouse, broke after just two days of use.!!",Product Forum,gaming mouse,negative,2024-09-08
REV101032,"Received the office chair today, packaging was standard.",Amazon Review,office chair,neutral,2024-09-01
REV101033,"I'm so happy with the subscription plan, works perfectly and looks great. :)",Facebook Comment,subscription plan,positive,2024-01-03
REV101034,The smartphone case stopped working and support was unhelpful. :(,Product Forum,smartphone case,negative,2024-04-03
REV101035,"The laptop stand is okay, not great but not bad either.",Product Forum,laptop stand,neutral,2024-09-25
REV101036,"Just unboxed the water bottle, will update this review later.",Product Forum,water bottle,neutral,2024-03-03
REV101037,"Awful experience with the wireless headphones, would not recommend at all.",Facebook Comment,wireless headphones,negative,2024-12-15
REV101038,Here is my honest review of the restaurant chain after a week of use.,Amazon Review,restaurant chain,neutral,2024-11-04
REV101039,Great laptop stand! My whole family loves it.,Product Forum,laptop stand,positive,2024-05-30
REV101040,"The backpack is okay, not great but not bad either.",Amazon Review,backpack,neutral,2024-08-27
REV101041,The streaming service has some pros and cons worth mentioning.,Product Forum,streaming service,neutral,2024-03-30
REV101042,Considering whether to keep the subscription plan or exchange it.,News Headline,subscription plan,neutral,2024-02-07
REV101043,"The backpack works as expected, average performance overall.",Product Forum,backpack,neutral,2024-02-13
REV101044,Great desk lamp! My whole family loves it.!!,Amazon Review,desk lamp,positive,2024-10-02
REV101045,"This coffee maker is a game changer, I use it every single day.",Amazon Review,coffee maker,positive,2024-01-30
REV101046,This restaurant chain is poorly made and feels cheap. 😡,Facebook Comment,restaurant chain,negative,2024-04-03
REV101047,"Terrible office chair, broke after just two days of use. :(",Twitter/X Post,office chair,negative,2024-10-27
REV101048,"Just unboxed the customer support experience, will update this review later.",Amazon Review,customer support experience,neutral,2024-04-18
REV101049,The smartphone case has some pros and cons worth mentioning.,Facebook Comment,smartphone case,neutral,2024-09-04
REV101050,This customer support experience is poorly made and feels cheap.,,customer support experience,negative,2024-09-05
REV101051,The yoga mat is overpriced for such low quality.,Product Forum,yoga mat,negative,2024-08-13
REV101052,"The kitchen blender does what it's supposed to do, nothing special.",Amazon Review,kitchen blender,neutral,2024-12-07
REV101053,"Absolutely love this laptop stand, it exceeded all my expectations!",Product Forum,laptop stand,positive,2024-10-08
REV101054,"I'm so disappointed with this software update, complete waste of money.!!",Product Forum,software update,negative,2024-08-28
REV101055,"Just unboxed the electric toothbrush, will update this review later.",Amazon Review,electric toothbrush,neutral,2024-01-29
REV101056,What a wonderful smartphone case! Great value for the price.,Twitter/X Post,smartphone case,positive,2024-11-01
REV101057,"Excellent yoga mat, exactly as described and super reliable.",News Headline,yoga mat,positive,2024-04-18
REV101058,"I'm so disappointed with this customer support experience, complete waste of money.",Twitter/X Post,customer support experience,negative,2024-10-17
REV101059,"The kitchen blender does what it's supposed to do, nothing special.",Facebook Comment,kitchen blender,neutral,2024-10-05
REV101060,The gaming mouse arrived damaged and customer service ignored me.,Facebook Comment,gaming mouse,negative,2024-09-19
REV101061,The kitchen blender is overpriced for such low quality.,News Headline,kitchen blender,negative,2024-08-18
REV101062,The customer service team was super helpful with my airline order.,Product Forum,airline,positive,2024-04-04
REV101063,The streaming service is overpriced for such low quality.,Amazon Review,streaming service,negative,2024-01-06
REV101064,Comparing the laptop stand to similar products on the market now.,News Headline,laptop stand,neutral,2024-03-27
REV101065,The airline stopped working and support was unhelpful.,Twitter/X Post,airline,negative,2024-11-26
REV101066,"Terrible restaurant chain, broke after just two days of use.",Amazon Review,restaurant chain,negative,2024-11-13
REV101067,The airline arrived damaged and customer service ignored me.,News Headline,airline,negative,2024-04-28
REV101068,"Just unboxed the delivery service, will update this review later.",Twitter/X Post,delivery service,neutral,2024-09-10
REV101069,I hate how unreliable this fitness tracker turned out to be.!!,News Headline,fitness tracker,negative,2024-12-20
REV101070,"Very frustrated with the subscription plan, it never worked as advertised.!!",Facebook Comment,subscription plan,negative,2024-08-01
REV101071,"The wireless headphones meets the basic requirements, nothing more.",Amazon Review,wireless headphones,neutral,2024-09-23
REV101072,"I bought the kitchen blender last week, still testing it out.",News Headline,kitchen blender,neutral,2024-05-28
REV101073,"The subscription plan meets the basic requirements, nothing more.",Amazon Review,subscription plan,neutral,2024-06-15
REV101074,"This smartphone case is fantastic, best purchase I've made all year.",Amazon Review,smartphone case,positive,2024-12-18
REV101075,Here is my honest review of the wireless headphones after a week of use.,Amazon Review,wireless headphones,neutral,2024-09-21
REV101076,This customer support experience is poorly made and feels cheap.,Amazon Review,customer support experience,negative,2024-11-11
REV101077,"Terrible running shoes, broke after just two days of use.",Amazon Review,running shoes,negative,2024-07-14
REV101078,What a wonderful laptop stand! Great value for the price.,Twitter/X Post,laptop stand,positive,2024-12-15
REV101079,"Disappointing electric toothbrush, definitely returning it.!!",News Headline,electric toothbrush,negative,2024-07-10
REV101080,What a wonderful customer support experience! Great value for the price. 😊,Twitter/X Post,customer support experience,positive,2024-01-05
REV101081,"Just unboxed the coffee maker, will update this review later.",Product Forum,coffee maker,neutral,2024-09-16
REV101082,"The coffee maker does what it's supposed to do, nothing special.",Twitter/X Post,coffee maker,neutral,2024-07-15
REV101083,"I'm so happy with the airline, works perfectly and looks great.",News Headline,airline,positive,2024-10-21
REV101084,"Five stars for the delivery service, it changed the way I do things.",Amazon Review,delivery service,positive,2024-07-23
REV101085,"Absolutely love this mobile app, it exceeded all my expectations!",Facebook Comment,mobile app,positive,2024-03-03
REV101086,"I'm so happy with the customer support experience, works perfectly and looks great.",Twitter/X Post,customer support experience,positive,2024-06-11
REV101087,"Awful experience with the kitchen blender, would not recommend at all.!!",News Headline,kitchen blender,negative,2024-07-26
REV101088,Great restaurant chain! My whole family loves it.,Facebook Comment,restaurant chain,positive,2024-10-07
REV101089,"Worst delivery service I have ever bought, total regret.!!",Twitter/X Post,delivery service,negative,2024-07-13
REV101090,"Very frustrated with the smartphone case, it never worked as advertised.",Twitter/X Post,smartphone case,negative,2024-06-23
REV101091,"I'm so happy with the mobile app, works perfectly and looks great. 😊",Amazon Review,mobile app,positive,2024-12-21
REV101092,"The mobile app works as expected, average performance overall.",Twitter/X Post,mobile app,neutral,2024-11-04
REV101093,"Absolutely love this backpack, it exceeded all my expectations!",Twitter/X Post,backpack,positive,2024-05-05
REV101094,"I'm impressed by how well the delivery service performs, truly outstanding.",News Headline,delivery service,positive,2024-04-08
REV101095,"This fitness tracker is fantastic, best purchase I've made all year.",Twitter/X Post,fitness tracker,positive,2024-09-07
REV101096,The air purifier stopped working and support was unhelpful. Never again.,Product Forum,air purifier,negative,2024-10-26
REV101097,"This desk lamp is a game changer, I use it every single day.",Facebook Comment,desk lamp,positive,2024-05-01
REV101098,This smartphone case caused nothing but problems since day one. :(,Product Forum,smartphone case,negative,2024-04-26
REV101099,"Worst air purifier I have ever bought, total regret.",News Headline,air purifier,negative,2024-12-27
REV101100,The electric toothbrush arrived quickly and the build quality is amazing.,Twitter/X Post,electric toothbrush,positive,2024-07-10
REV101101,"Absolutely love this running shoes, it exceeded all my expectations!",Amazon Review,running shoes,positive,2024-02-17
REV101102,"This delivery service is a game changer, I use it every single day.",Product Forum,delivery service,positive,2024-04-09
REV101103,Comparing the mobile app to similar products on the market now.,Amazon Review,mobile app,neutral,2024-10-02
REV101104,The air purifier stopped working and support was unhelpful.,Amazon Review,air purifier,negative,2024-03-29
REV101105,"I'm so disappointed with this software update, complete waste of money. 😡",Facebook Comment,software update,negative,2024-01-07
REV101106,"Five stars for the fitness tracker, it changed the way I do things. Love it!",Product Forum,fitness tracker,positive,2024-03-31
REV101107,Here is my honest review of the gaming mouse after a week of use.,Facebook Comment,gaming mouse,neutral,2024-10-20
REV101108,"Worst yoga mat I have ever bought, total regret.",News Headline,yoga mat,negative,2024-06-03
REV101109,This running shoes caused nothing but problems since day one. Never again.,Facebook Comment,running shoes,negative,2024-03-11
REV101110,I hate how unreliable this mobile app turned out to be. Never again.,Product Forum,mobile app,negative,2024-12-11
REV101111,"I bought the desk lamp last week, still testing it out.",Product Forum,desk lamp,neutral,2024-11-17
REV101112,I hate how unreliable this air purifier turned out to be.,Amazon Review,air purifier,negative,2024-04-27
REV101113,Considering whether to keep the backpack or exchange it.,Twitter/X Post,backpack,neutral,2024-11-21
REV101114,Considering whether to keep the subscription plan or exchange it.,News Headline,subscription plan,neutral,2024-06-19
REV101115,"The desk lamp does what it's supposed to do, nothing special.",Twitter/X Post,desk lamp,neutral,2024-01-23
REV101116,"Received the gaming mouse today, packaging was standard.",Amazon Review,gaming mouse,neutral,2024-12-28
REV101117,"The laptop stand is okay, not great but not bad either.",Twitter/X Post,laptop stand,neutral,2024-09-07
REV101118,"I'm so happy with the airline, works perfectly and looks great.",Amazon Review,airline,positive,2024-12-23
REV101119,"Awful experience with the fitness tracker, would not recommend at all.",Product Forum,fitness tracker,negative,2024-05-30
REV101120,"Worst customer support experience I have ever bought, total regret.",News Headline,customer support experience,negative,2024-07-10
REV101121,"Just unboxed the office chair, will update this review later.",Twitter/X Post,office chair,neutral,2024-03-31
REV101122,"The water bottle does what it's supposed to do, nothing special.",Facebook Comment,water bottle,neutral,2024-05-11
REV101123,Great electric toothbrush! My whole family loves it. 😊,Amazon Review,electric toothbrush,positive,2024-12-29
REV101124,I hate how unreliable this restaurant chain turned out to be.,Facebook Comment,restaurant chain,negative,2024-05-06
REV101125,The restaurant chain arrived quickly and the build quality is amazing.,News Headline,restaurant chain,positive,2024-01-25
REV101126,The desk lamp is overpriced for such low quality.,News Headline,desk lamp,negative,2024-11-06
REV101127,"The customer support experience does what it's supposed to do, nothing special.",News Headline,customer support experience,neutral,2024-02-13
REV101128,Highly recommend the coffee maker to anyone looking for quality. Love it!,Facebook Comment,coffee maker,positive,2024-02-29
REV101129,I hate how unreliable this coffee maker turned out to be.,Amazon Review,coffee maker,negative,2024-04-02
REV101130,This kitchen blender caused nothing but problems since day one.,News Headline,kitchen blender,negative,2024-10-11
REV101131,"Awful experience with the streaming service, would not recommend at all.",News Headline,streaming service,negative,2024-05-22
REV101132,"Terrible software update, broke after just two days of use. 😡",News Headline,software update,negative,2024-12-31
REV101133,"Terrible airline, broke after just two days of use.",Twitter/X Post,airline,negative,2024-01-26
REV101134,"This kitchen blender is a game changer, I use it every single day.",News Headline,kitchen blender,positive,2024-07-24
REV101135,"The wireless headphones works as expected, average performance overall.",Product Forum,wireless headphones,neutral,2024-04-07
REV101136,"Disappointing air purifier, definitely returning it. Never again.",News Headline,air purifier,negative,2024-08-15
REV101137,"I'm impressed by how well the restaurant chain performs, truly outstanding.",Product Forum,restaurant chain,positive,2024-11-21
REV101138,"I'm so disappointed with this yoga mat, complete waste of money.",Product Forum,yoga mat,negative,2024-06-09
REV101139,"Disappointing air purifier, definitely returning it.",Facebook Comment,air purifier,negative,2024-06-11
REV101140,"This delivery service is a game changer, I use it every single day.",News Headline,delivery service,positive,2024-04-29
REV101141,"This fitness tracker is fantastic, best purchase I've made all year.",Facebook Comment,fitness tracker,positive,2024-06-28
REV101142,This water bottle is poorly made and feels cheap. 😡,Product Forum,water bottle,negative,2024-06-11
REV101143,"Excellent running shoes, exactly as described and super reliable.",Facebook Comment,running shoes,positive,2024-08-07
REV101144,"Absolutely love this desk lamp, it exceeded all my expectations!",Twitter/X Post,desk lamp,positive,2024-12-25
REV101145,"The electric toothbrush is okay, not great but not bad either.",Twitter/X Post,electric toothbrush,neutral,2024-08-21
REV101146,Great streaming service! My whole family loves it.,Amazon Review,streaming service,positive,2024-09-04
REV101147,I hate how unreliable this software update turned out to be.,Twitter/X Post,software update,negative,2024-05-14
REV101148,"This running shoes is a game changer, I use it every single day.!!",News Headline,running shoes,positive,2024-05-18
REV101149,The delivery service arrived damaged and customer service ignored me.!!,Product Forum,delivery service,negative,2024-03-19
REV101150,"Terrible air purifier, broke after just two days of use. 😡",News Headline,air purifier,negative,2024-12-04
REV101151,Highly recommend the gaming mouse to anyone looking for quality. 😊,Facebook Comment,gaming mouse,positive,2024-01-30
REV101152,"I'm so disappointed with this running shoes, complete waste of money.",Amazon Review,running shoes,negative,2024-10-18
REV101153,"Very frustrated with the software update, it never worked as advertised. 😡",News Headline,software update,negative,2024-04-18
REV101154,"I'm so happy with the subscription plan, works perfectly and looks great.!!",Amazon Review,subscription plan,positive,2024-07-19
REV101155,"This customer support experience is a game changer, I use it every single day.",News Headline,customer support experience,positive,2024-08-09
REV101156,"Worst delivery service I have ever bought, total regret.",Amazon Review,delivery service,negative,2024-09-27
REV101157,The office chair arrived quickly and the build quality is amazing. :),Product Forum,office chair,positive,2024-01-26
REV101158,"Worst water bottle I have ever bought, total regret. 😡",Amazon Review,water bottle,negative,2024-05-15
REV101159,The smartphone case is overpriced for such low quality.,Amazon Review,smartphone case,negative,2024-11-02
REV101160,"Disappointing kitchen blender, definitely returning it. :(",Amazon Review,kitchen blender,negative,2024-01-05
REV101161,"Excellent desk lamp, exactly as described and super reliable.!!",Product Forum,desk lamp,positive,2024-06-05
REV101162,"The coffee maker meets the basic requirements, nothing more.",Twitter/X Post,coffee maker,neutral,2024-02-09
REV101163,The customer service team was super helpful with my streaming service order.,Facebook Comment,streaming service,positive,2024-01-28
REV101164,Here is my honest review of the kitchen blender after a week of use.,Amazon Review,kitchen blender,neutral,2024-12-11
REV101165,"Just unboxed the smartphone case, will update this review later.",Amazon Review,smartphone case,neutral,2024-09-02
REV101166,"The customer support experience meets the basic requirements, nothing more.",Amazon Review,customer support experience,neutral,2024-08-24
REV101167,The kitchen blender stopped working and support was unhelpful. Never again.,Twitter/X Post,kitchen blender,negative,2024-10-22
REV101168,"The office chair meets the basic requirements, nothing more.",Amazon Review,office chair,neutral,2024-04-13
REV101169,"This mobile app is a game changer, I use it every single day.",Twitter/X Post,mobile app,positive,2024-10-18
REV101170,"Very frustrated with the gaming mouse, it never worked as advertised.!!",Facebook Comment,gaming mouse,negative,2024-06-17
REV101171,"Excellent air purifier, exactly as described and super reliable.",Product Forum,air purifier,positive,2024-03-25
REV101172,"This laptop stand is a game changer, I use it every single day. 😊",News Headline,laptop stand,positive,2024-02-15
REV101173,Here is my honest review of the desk lamp after a week of use.,Amazon Review,desk lamp,neutral,2024-12-09
REV101174,Highly recommend the wireless headphones to anyone looking for quality.,Facebook Comment,wireless headphones,positive,2024-10-15
REV101175,"The desk lamp works as expected, average performance overall.",Twitter/X Post,desk lamp,neutral,2024-10-11
REV101176,This smartphone case is poorly made and feels cheap.,News Headline,smartphone case,negative,2024-02-15
REV101177,"The subscription plan works as expected, average performance overall.",Twitter/X Post,subscription plan,neutral,2024-03-26
REV101178,"Five stars for the yoga mat, it changed the way I do things.",Product Forum,yoga mat,positive,2024-03-14
REV101179,Great water bottle! My whole family loves it. Love it!,Twitter/X Post,water bottle,positive,2024-10-25
REV101180,"I'm so happy with the mobile app, works perfectly and looks great.",News Headline,mobile app,positive,2024-05-16
REV101181,"I'm so happy with the bluetooth speaker, works perfectly and looks great.",Amazon Review,bluetooth speaker,positive,2024-06-01
REV101182,The mobile app is overpriced for such low quality.,Product Forum,mobile app,negative,2024-03-25
REV101183,"Just unboxed the electric toothbrush, will update this review later.",Twitter/X Post,electric toothbrush,neutral,2024-10-13
REV101184,The yoga mat stopped working and support was unhelpful.,Twitter/X Post,yoga mat,negative,2024-12-09
REV101185,"I'm so disappointed with this wireless headphones, complete waste of money.",Twitter/X Post,wireless headphones,negative,2024-09-02
REV101186,The air purifier arrived damaged and customer service ignored me.,Facebook Comment,air purifier,negative,2024-06-28
REV101187,Great bluetooth speaker! My whole family loves it.,Product Forum,bluetooth speaker,positive,2024-04-18
REV101188,The restaurant chain stopped working and support was unhelpful.,Amazon Review,restaurant chain,negative,2024-06-01
REV101189,What a wonderful subscription plan! Great value for the price. 😊,Facebook Comment,subscription plan,positive,2024-01-17
REV101190,The customer service team was super helpful with my fitness tracker order.,Product Forum,fitness tracker,positive,2024-07-31
REV101191,The air purifier arrived damaged and customer service ignored me.,Twitter/X Post,air purifier,negative,2024-12-14
REV101192,"I'm so disappointed with this yoga mat, complete waste of money. :(",Product Forum,yoga mat,negative,2024-09-23
REV101193,What a wonderful laptop stand! Great value for the price.,Facebook Comment,laptop stand,positive,2024-02-17
REV101194,"Disappointing fitness tracker, definitely returning it. Never again.",Facebook Comment,fitness tracker,negative,2024-12-21
REV101195,"Worst software update I have ever bought, total regret. 😡",Amazon Review,software update,negative,2024-08-05
REV101196,The customer service team was super helpful with my kitchen blender order.,Facebook Comment,kitchen blender,positive,2024-03-10
REV101197,Highly recommend the customer support experience to anyone looking for quality.,News Headline,customer support experience,positive,2024-11-04
REV101198,"Five stars for the desk lamp, it changed the way I do things.",Facebook Comment,desk lamp,positive,2024-03-05
REV101199,"Absolutely love this office chair, it exceeded all my expectations!",News Headline,office chair,positive,2024-03-11
REV101200,"Five stars for the backpack, it changed the way I do things. Love it!",Amazon Review,backpack,positive,2024-10-24
REV101201,Comparing the customer support experience to similar products on the market now.,Product Forum,customer support experience,neutral,2024-08-31
REV101202,This kitchen blender is poorly made and feels cheap.,Facebook Comment,kitchen blender,negative,2024-01-13
REV101203,"The mobile app does what it's supposed to do, nothing special.",Twitter/X Post,mobile app,neutral,2024-05-10
REV101204,"I bought the coffee maker last week, still testing it out.",Product Forum,coffee maker,neutral,2024-04-15
REV101205,"Very frustrated with the bluetooth speaker, it never worked as advertised.",Twitter/X Post,bluetooth speaker,negative,2024-07-30
REV101206,The backpack is overpriced for such low quality. 😡,News Headline,backpack,negative,2024-02-24
REV101207,This fitness tracker is poorly made and feels cheap.,Amazon Review,fitness tracker,negative,2024-07-31
REV101208,"I'm so disappointed with this delivery service, complete waste of money.",Product Forum,delivery service,negative,2024-10-11
REV101209,"I'm so disappointed with this smartphone case, complete waste of money.",Twitter/X Post,smartphone case,negative,2024-07-13
REV101210,Comparing the electric toothbrush to similar products on the market now.,Amazon Review,electric toothbrush,neutral,2024-10-09
REV101211,The smartphone case arrived quickly and the build quality is amazing.,News Headline,smartphone case,positive,2024-02-03
REV101212,"Excellent subscription plan, exactly as described and super reliable.",Facebook Comment,subscription plan,positive,2024-11-20
REV101213,The smartphone case arrived on time and matches the description.,Product Forum,smartphone case,neutral,2024-05-08
REV101214,"I'm so happy with the desk lamp, works perfectly and looks great. 😊",Twitter/X Post,desk lamp,positive,2024-10-30
REV101215,"Terrible software update, broke after just two days of use.",Facebook Comment,software update,negative,2024-07-23
REV101216,"The kitchen blender works as expected, average performance overall.",Facebook Comment,kitchen blender,neutral,2024-12-05
REV101217,"This fitness tracker is fantastic, best purchase I've made all year.",Facebook Comment,fitness tracker,positive,2024-06-28
REV101218,What a wonderful desk lamp! Great value for the price.,Twitter/X Post,desk lamp,positive,2024-03-12
REV101219,"The delivery service is okay, not great but not bad either.",Amazon Review,delivery service,neutral,2024-03-12
REV101220,The restaurant chain is overpriced for such low quality. :(,Product Forum,restaurant chain,negative,2024-05-11
REV101221,This water bottle caused nothing but problems since day one. :(,Product Forum,water bottle,negative,2024-02-07
REV101222,The wireless headphones arrived damaged and customer service ignored me.,Amazon Review,wireless headphones,negative,2024-06-23
REV101223,The air purifier arrived quickly and the build quality is amazing.,Facebook Comment,air purifier,positive,2024-02-05
REV101224,This customer support experience caused nothing but problems since day one.!!,Product Forum,customer support experience,negative,2024-07-31
REV101225,"Disappointing airline, definitely returning it.",News Headline,airline,negative,2024-06-15
REV101226,The airline is overpriced for such low quality.,News Headline,airline,negative,2024-03-16
REV101227,"Five stars for the restaurant chain, it changed the way I do things. 😊",Product Forum,restaurant chain,positive,2024-06-21
REV101228,"The restaurant chain meets the basic requirements, nothing more.",Amazon Review,restaurant chain,neutral,2024-03-30
REV101229,"Disappointing airline, definitely returning it.",Amazon Review,airline,negative,2024-06-22
REV101230,"Terrible office chair, broke after just two days of use.",Facebook Comment,office chair,negative,2024-03-24
REV101231,"The smartphone case does what it's supposed to do, nothing special.",Twitter/X Post,smartphone case,neutral,2024-03-13
REV101232,"Worst airline I have ever bought, total regret.",Amazon Review,airline,negative,2024-04-28
REV101233,Considering whether to keep the laptop stand or exchange it.,Amazon Review,laptop stand,neutral,2024-07-07
REV101234,"Received the restaurant chain today, packaging was standard.",Facebook Comment,restaurant chain,neutral,2024-05-11
REV101235,"The bluetooth speaker meets the basic requirements, nothing more.",Facebook Comment,bluetooth speaker,neutral,2024-05-26
REV101236,Highly recommend the yoga mat to anyone looking for quality.,Amazon Review,yoga mat,positive,2024-01-09
REV101237,The subscription plan is overpriced for such low quality.,Twitter/X Post,subscription plan,negative,2024-07-03
REV101238,"The subscription plan meets the basic requirements, nothing more.",Twitter/X Post,subscription plan,neutral,2024-09-29
REV101239,"The kitchen blender does what it's supposed to do, nothing special.",Facebook Comment,kitchen blender,neutral,2024-03-05
REV101240,The customer service team was super helpful with my mobile app order.,News Headline,mobile app,positive,2024-12-07
REV101241,The fitness tracker arrived damaged and customer service ignored me.!!,Product Forum,fitness tracker,negative,2024-05-21
REV101242,Here is my honest review of the subscription plan after a week of use.,News Headline,subscription plan,neutral,2024-03-15
REV101243,This yoga mat caused nothing but problems since day one.!!,Twitter/X Post,yoga mat,negative,2024-07-08
REV101244,"Awful experience with the mobile app, would not recommend at all.",Product Forum,mobile app,negative,2024-01-28
REV101245,This coffee maker is poorly made and feels cheap. Never again.,Product Forum,coffee maker,negative,2024-12-05
REV101246,This subscription plan is poorly made and feels cheap.,Product Forum,subscription plan,negative,2024-05-04
REV101247,This customer support experience is poorly made and feels cheap.,Product Forum,customer support experience,negative,2024-02-13
REV101248,"The customer support experience works as expected, average performance overall.",Product Forum,customer support experience,neutral,2024-08-07
REV101249,"Received the airline today, packaging was standard.",Twitter/X Post,airline,neutral,2024-03-21
REV101250,"I'm so happy with the coffee maker, works perfectly and looks great. :)",News Headline,coffee maker,positive,2024-06-08
REV101251,"Worst coffee maker I have ever bought, total regret.",Facebook Comment,coffee maker,negative,2024-04-28
REV101252,Considering whether to keep the yoga mat or exchange it.,Twitter/X Post,yoga mat,neutral,2024-06-03
REV101253,This laptop stand is poorly made and feels cheap.,Twitter/X Post,laptop stand,negative,2024-11-17
REV101254,"The subscription plan is okay, not great but not bad either.",Amazon Review,subscription plan,neutral,2024-08-19
REV101255,"Excellent software update, exactly as described and super reliable. :)",Twitter/X Post,software update,positive,2024-06-30
REV101256,"Just unboxed the electric toothbrush, will update this review later.",Twitter/X Post,electric toothbrush,neutral,2024-09-27
REV101257,I hate how unreliable this backpack turned out to be.,Facebook Comment,backpack,negative,2024-03-03
REV101258,Great bluetooth speaker! My whole family loves it.!!,Facebook Comment,bluetooth speaker,positive,2024-06-11
REV101259,"This coffee maker is fantastic, best purchase I've made all year.",Amazon Review,coffee maker,positive,2024-04-09
REV101260,"The desk lamp meets the basic requirements, nothing more.",Twitter/X Post,desk lamp,neutral,2024-08-14
REV101261,"I bought the delivery service last week, still testing it out.",Twitter/X Post,delivery service,neutral,2024-09-23
REV101262,Here is my honest review of the customer support experience after a week of use.,Twitter/X Post,customer support experience,neutral,2024-08-06
REV101263,The backpack arrived damaged and customer service ignored me.,Amazon Review,backpack,negative,2024-09-21
REV101264,"Awful experience with the yoga mat, would not recommend at all. :(",News Headline,yoga mat,negative,2024-01-29
REV101265,"This streaming service is fantastic, best purchase I've made all year.",Twitter/X Post,streaming service,positive,2024-05-09
REV101266,"Five stars for the office chair, it changed the way I do things.",News Headline,office chair,positive,2024-03-02
REV101267,Considering whether to keep the laptop stand or exchange it.,Amazon Review,laptop stand,neutral,2024-04-25
REV101268,"Five stars for the coffee maker, it changed the way I do things.",Twitter/X Post,coffee maker,positive,2024-03-27
REV101269,"I'm impressed by how well the software update performs, truly outstanding. :)",Amazon Review,software update,positive,2024-01-09
REV101270,"Disappointing airline, definitely returning it.",Twitter/X Post,airline,negative,2024-11-19
REV101271,Highly recommend the subscription plan to anyone looking for quality.,Twitter/X Post,subscription plan,positive,2024-03-01
REV101272,Great desk lamp! My whole family loves it.,Product Forum,desk lamp,positive,2024-11-05
REV101273,The customer service team was super helpful with my streaming service order.,Facebook Comment,streaming service,positive,2024-12-24
REV101274,"Awful experience with the wireless headphones, would not recommend at all.",Product Forum,wireless headphones,negative,2024-02-07
REV101275,"Very frustrated with the bluetooth speaker, it never worked as advertised.",Facebook Comment,bluetooth speaker,negative,2024-12-05
REV101276,The customer service team was super helpful with my software update order.,Twitter/X Post,software update,positive,2024-01-19
REV101277,"The wireless headphones does what it's supposed to do, nothing special.",News Headline,wireless headphones,neutral,2024-05-26
REV101278,"The running shoes works as expected, average performance overall.",Amazon Review,running shoes,neutral,2024-01-08
REV101279,"This delivery service is a game changer, I use it every single day.",Product Forum,delivery service,positive,2024-08-03
REV101280,"Excellent delivery service, exactly as described and super reliable.",Facebook Comment,delivery service,positive,2024-11-16
REV101281,The streaming service has some pros and cons worth mentioning.,Twitter/X Post,streaming service,neutral,2024-11-06
REV101282,"Received the subscription plan today, packaging was standard.",Product Forum,subscription plan,neutral,2024-04-27
REV101283,"Disappointing coffee maker, definitely returning it.",Amazon Review,coffee maker,negative,2024-12-03
REV101284,Highly recommend the mobile app to anyone looking for quality.,Amazon Review,mobile app,positive,2024-07-12
REV101285,Comparing the desk lamp to similar products on the market now.,Amazon Review,desk lamp,neutral,2024-11-06
REV101286,"I'm so happy with the office chair, works perfectly and looks great.",News Headline,office chair,positive,2024-06-01
REV101287,"Just unboxed the office chair, will update this review later.",Amazon Review,office chair,neutral,2024-12-30
REV101288,"Just unboxed the gaming mouse, will update this review later.",News Headline,gaming mouse,neutral,2024-05-07
REV101289,"Awful experience with the desk lamp, would not recommend at all.",News Headline,desk lamp,negative,2024-03-26
REV101290,Here is my honest review of the gaming mouse after a week of use.,Twitter/X Post,gaming mouse,neutral,2024-07-25
REV101291,Here is my honest review of the office chair after a week of use.,Twitter/X Post,office chair,neutral,2024-11-02
REV101292,"I bought the gaming mouse last week, still testing it out.",Twitter/X Post,gaming mouse,neutral,2024-05-29
REV101293,The restaurant chain arrived quickly and the build quality is amazing.,News Headline,restaurant chain,positive,2024-07-11
REV101294,The customer service team was super helpful with my wireless headphones order.!!,Amazon Review,wireless headphones,positive,2024-03-18
REV101295,This customer support experience is poorly made and feels cheap.,Twitter/X Post,customer support experience,negative,2024-11-15
REV101296,"I'm impressed by how well the backpack performs, truly outstanding.",Product Forum,backpack,positive,2024-02-12
REV101297,"Excellent software update, exactly as described and super reliable.",News Headline,software update,positive,2024-06-15
REV101298,"I bought the backpack last week, still testing it out.",Product Forum,backpack,neutral,2024-06-26
REV101299,The customer service team was super helpful with my subscription plan order.,Product Forum,subscription plan,positive,2024-03-01
REV101300,Highly recommend the gaming mouse to anyone looking for quality.,Twitter/X Post,gaming mouse,positive,2024-08-20
REV101301,"Received the restaurant chain today, packaging was standard.",Amazon Review,restaurant chain,neutral,2024-04-12
REV101302,"Five stars for the kitchen blender, it changed the way I do things.",Product Forum,kitchen blender,positive,2024-12-21
REV101303,"The backpack meets the basic requirements, nothing more.",Twitter/X Post,backpack,neutral,2024-04-10
REV101304,"Terrible airline, broke after just two days of use.",News Headline,airline,negative,2024-12-20
REV101305,Here is my honest review of the fitness tracker after a week of use.,News Headline,fitness tracker,neutral,2024-01-15
REV101306,"I'm impressed by how well the delivery service performs, truly outstanding.",Amazon Review,delivery service,positive,2024-12-27
REV101307,I hate how unreliable this airline turned out to be.,Facebook Comment,airline,negative,2024-07-10
REV101308,"Disappointing electric toothbrush, definitely returning it.",Facebook Comment,electric toothbrush,negative,2024-10-22
REV101309,"Disappointing restaurant chain, definitely returning it.!!",Facebook Comment,restaurant chain,negative,2024-11-28
REV101310,Comparing the laptop stand to similar products on the market now.,Amazon Review,laptop stand,neutral,2024-08-19
REV101311,"Excellent running shoes, exactly as described and super reliable.",News Headline,running shoes,positive,2024-05-02
REV101312,This running shoes is poorly made and feels cheap.,Twitter/X Post,running shoes,negative,2024-06-23
REV101313,Here is my honest review of the backpack after a week of use.,Facebook Comment,backpack,neutral,2024-10-02
REV101314,"The coffee maker works as expected, average performance overall.",Amazon Review,coffee maker,neutral,2024-04-04
REV101315,Great water bottle! My whole family loves it.,Product Forum,water bottle,positive,2024-09-24
REV101316,The yoga mat arrived quickly and the build quality is amazing.,Product Forum,yoga mat,positive,2024-03-30
REV101317,The desk lamp stopped working and support was unhelpful.,Facebook Comment,desk lamp,negative,2024-05-31
REV101318,The smartphone case has some pros and cons worth mentioning.,Amazon Review,smartphone case,neutral,2024-10-06
REV101319,"The gaming mouse works as expected, average performance overall.",Amazon Review,gaming mouse,neutral,2024-08-25
REV101320,"I'm so disappointed with this desk lamp, complete waste of money.",Facebook Comment,desk lamp,negative,2024-01-29
REV101321,Highly recommend the bluetooth speaker to anyone looking for quality. 😊,Facebook Comment,bluetooth speaker,positive,2024-08-10
REV101322,The yoga mat arrived quickly and the build quality is amazing. 😊,Amazon Review,yoga mat,positive,2024-08-29
REV101323,Considering whether to keep the delivery service or exchange it.,Product Forum,delivery service,neutral,2024-11-12
REV101324,"I'm impressed by how well the office chair performs, truly outstanding.",Product Forum,office chair,positive,2024-05-18
REV101325,"Received the wireless headphones today, packaging was standard.",Amazon Review,wireless headphones,neutral,2024-03-12
REV101326,This software update caused nothing but problems since day one.,Twitter/X Post,software update,negative,2024-05-26
REV101327,The air purifier arrived damaged and customer service ignored me.,Facebook Comment,air purifier,negative,2024-01-24
REV101328,The fitness tracker stopped working and support was unhelpful.,Product Forum,fitness tracker,negative,2024-02-22
REV101329,"I'm so happy with the fitness tracker, works perfectly and looks great.",Facebook Comment,fitness tracker,positive,2024-09-27
REV101330,"Very frustrated with the wireless headphones, it never worked as advertised.",Facebook Comment,wireless headphones,negative,2024-04-03
REV101331,"Excellent coffee maker, exactly as described and super reliable.",Amazon Review,coffee maker,positive,2024-02-03
REV101332,"I'm impressed by how well the gaming mouse performs, truly outstanding.",News Headline,gaming mouse,positive,2024-01-20
REV101333,"This fitness tracker is fantastic, best purchase I've made all year.",Product Forum,fitness tracker,positive,2024-11-25
REV101334,"The water bottle does what it's supposed to do, nothing special.",Facebook Comment,water bottle,neutral,2024-01-13
REV101335,Highly recommend the restaurant chain to anyone looking for quality. :),Twitter/X Post,restaurant chain,positive,2024-06-09
REV101336,"I'm impressed by how well the wireless headphones performs, truly outstanding.",Facebook Comment,wireless headphones,positive,2024-03-15
REV101337,The subscription plan arrived damaged and customer service ignored me.,News Headline,subscription plan,negative,2024-02-07
REV101338,"I'm so disappointed with this subscription plan, complete waste of money.",News Headline,subscription plan,negative,2024-10-08
REV101339,What a wonderful bluetooth speaker! Great value for the price.!!,Facebook Comment,bluetooth speaker,positive,2024-06-06
REV101340,Here is my honest review of the running shoes after a week of use.,Twitter/X Post,running shoes,neutral,2024-08-25
REV101341,"This subscription plan is a game changer, I use it every single day.",Product Forum,subscription plan,positive,2024-01-28
REV101342,"Absolutely love this coffee maker, it exceeded all my expectations! Love it!",Amazon Review,coffee maker,positive,2024-02-22
REV101343,Highly recommend the wireless headphones to anyone looking for quality.,Twitter/X Post,wireless headphones,positive,2024-10-16
REV101344,   ,Amazon Review,mobile app,positive,2024-10-05
REV101345,"I'm so disappointed with this restaurant chain, complete waste of money. :(",News Headline,restaurant chain,negative,2024-12-19
REV101346,Here is my honest review of the restaurant chain after a week of use.,Amazon Review,restaurant chain,neutral,2024-01-25
REV101347,"Just unboxed the smartphone case, will update this review later.",Product Forum,smartphone case,neutral,2024-11-14
REV101348,"Just unboxed the software update, will update this review later.",Product Forum,software update,neutral,2024-07-24
REV101349,"Very frustrated with the subscription plan, it never worked as advertised.",Twitter/X Post,subscription plan,negative,2024-01-21
REV101350,The smartphone case stopped working and support was unhelpful.,Facebook Comment,smartphone case,negative,2024-06-04
REV101351,What a wonderful bluetooth speaker! Great value for the price.!!,Twitter/X Post,bluetooth speaker,positive,2024-12-13
REV101352,Comparing the running shoes to similar products on the market now.,Amazon Review,running shoes,neutral,2024-05-03
REV101353,Comparing the delivery service to similar products on the market now.,Product Forum,delivery service,neutral,2024-05-03
REV101354,Considering whether to keep the gaming mouse or exchange it.,Amazon Review,gaming mouse,neutral,2024-02-06
REV101355,The electric toothbrush arrived on time and matches the description.,Twitter/X Post,electric toothbrush,neutral,2024-02-06
REV101356,This yoga mat is poorly made and feels cheap.!!,Amazon Review,yoga mat,negative,2024-07-13
REV101357,Highly recommend the electric toothbrush to anyone looking for quality.,Facebook Comment,electric toothbrush,positive,2024-04-29
REV101358,"Terrible smartphone case, broke after just two days of use.",Product Forum,smartphone case,negative,2024-04-28
REV101359,"Disappointing water bottle, definitely returning it. :(",Facebook Comment,water bottle,negative,2024-11-05
REV101360,"Five stars for the streaming service, it changed the way I do things.",Amazon Review,streaming service,positive,2024-05-03
REV101361,The customer support experience arrived quickly and the build quality is amazing. Love it!,Product Forum,customer support experience,positive,2024-05-28
REV101362,The water bottle arrived quickly and the build quality is amazing.,Twitter/X Post,water bottle,positive,2024-12-06
REV101363,"Absolutely love this wireless headphones, it exceeded all my expectations!",Amazon Review,wireless headphones,positive,2024-05-10
REV101364,"This yoga mat is fantastic, best purchase I've made all year.",News Headline,yoga mat,positive,2024-07-03
REV101365,"Excellent air purifier, exactly as described and super reliable. :)",Amazon Review,air purifier,positive,2024-11-08
REV101366,"The customer support experience meets the basic requirements, nothing more.",Twitter/X Post,customer support experience,neutral,2024-01-20
REV101367,"This software update is a game changer, I use it every single day.",Amazon Review,software update,positive,2024-04-29
REV101368,"Received the mobile app today, packaging was standard.",Facebook Comment,mobile app,neutral,2024-03-19
REV101369,Highly recommend the office chair to anyone looking for quality.,Facebook Comment,office chair,positive,2024-11-30
REV101370,"The restaurant chain meets the basic requirements, nothing more.",Amazon Review,restaurant chain,neutral,2024-02-15
REV101371,"This running shoes is fantastic, best purchase I've made all year.",News Headline,running shoes,positive,2024-11-21
REV101372,"Worst desk lamp I have ever bought, total regret.",Facebook Comment,desk lamp,negative,2024-11-23
REV101373,The kitchen blender arrived on time and matches the description.,Amazon Review,kitchen blender,neutral,2024-10-06
REV101374,This desk lamp is poorly made and feels cheap.,Product Forum,desk lamp,negative,2024-02-25
REV101375,The customer service team was super helpful with my software update order.,Facebook Comment,software update,positive,2024-07-13
REV101376,The coffee maker has some pros and cons worth mentioning.,News Headline,coffee maker,neutral,2024-11-10
REV101377,"Disappointing office chair, definitely returning it.",Amazon Review,office chair,negative,2024-12-26
REV101378,The water bottle stopped working and support was unhelpful.,Product Forum,water bottle,negative,2024-06-03
REV101379,The delivery service stopped working and support was unhelpful. 😡,News Headline,delivery service,negative,2024-03-15
REV101380,This smartphone case caused nothing but problems since day one.,Amazon Review,smartphone case,negative,2024-08-04
REV101381,This delivery service caused nothing but problems since day one.!!,Twitter/X Post,delivery service,negative,2024-11-02
REV101382,This running shoes caused nothing but problems since day one.,Facebook Comment,running shoes,negative,2024-04-10
REV101383,"Received the streaming service today, packaging was standard.",News Headline,streaming service,neutral,2024-06-02
REV101384,Here is my honest review of the smartphone case after a week of use.,Twitter/X Post,smartphone case,neutral,2024-01-19
REV101385,Comparing the delivery service to similar products on the market now.,Amazon Review,delivery service,neutral,2024-03-16
REV101386,Here is my honest review of the restaurant chain after a week of use.,News Headline,restaurant chain,neutral,2024-09-17
REV101387,"Disappointing desk lamp, definitely returning it.!!",News Headline,desk lamp,negative,2024-02-13
REV101388,"I bought the backpack last week, still testing it out.",Twitter/X Post,backpack,neutral,2024-08-03
REV101389,"Absolutely love this bluetooth speaker, it exceeded all my expectations!",,bluetooth speaker,positive,2024-05-02
REV101390,"I'm so disappointed with this electric toothbrush, complete waste of money.!!",Facebook Comment,electric toothbrush,negative,2024-05-21
REV101391,"Just unboxed the bluetooth speaker, will update this review later.",Product Forum,bluetooth speaker,neutral,2024-01-26
REV101392,The software update arrived quickly and the build quality is amazing.,Product Forum,software update,positive,2024-03-06
REV101393,"Excellent fitness tracker, exactly as described and super reliable.",Amazon Review,fitness tracker,positive,2024-08-07
REV101394,"Absolutely love this wireless headphones, it exceeded all my expectations! :)",Twitter/X Post,wireless headphones,positive,2024-06-24
REV101395,Considering whether to keep the bluetooth speaker or exchange it.,Product Forum,bluetooth speaker,neutral,2024-05-29
REV101396,"Disappointing delivery service, definitely returning it.",Amazon Review,delivery service,negative,2024-01-11
REV101397,The laptop stand has some pros and cons worth mentioning.,Twitter/X Post,laptop stand,neutral,2024-08-25
REV101398,Great delivery service! My whole family loves it. :),Amazon Review,delivery service,positive,2024-04-15
REV101399,"Awful experience with the airline, would not recommend at all. Never again.",Amazon Review,airline,negative,2024-09-05
REV101400,Here is my honest review of the bluetooth speaker after a week of use.,News Headline,bluetooth speaker,neutral,2024-09-10
REV101401,"Disappointing backpack, definitely returning it.",News Headline,backpack,negative,2024-11-05
REV101402,The software update arrived damaged and customer service ignored me.,Product Forum,software update,negative,2024-12-17
REV101403,"The laptop stand works as expected, average performance overall.",Product Forum,laptop stand,neutral,2024-08-11
REV101404,"Disappointing smartphone case, definitely returning it.",News Headline,smartphone case,negative,2024-05-03
REV101405,The yoga mat arrived on time and matches the description.,Facebook Comment,yoga mat,neutral,2024-08-31
REV101406,I hate how unreliable this streaming service turned out to be.,Amazon Review,streaming service,negative,2024-09-25
REV101407,What a wonderful air purifier! Great value for the price.,Facebook Comment,air purifier,positive,2024-11-10
REV101408,"I'm so happy with the gaming mouse, works perfectly and looks great. :)",Facebook Comment,gaming mouse,positive,2024-05-30
REV101409,"I'm impressed by how well the airline performs, truly outstanding.",Twitter/X Post,airline,positive,2024-09-13
REV101410,"I'm so disappointed with this kitchen blender, complete waste of money.",Product Forum,kitchen blender,negative,2024-10-19
REV101411,"Five stars for the laptop stand, it changed the way I do things. Love it!",Twitter/X Post,laptop stand,positive,2024-07-19
REV101412,"The wireless headphones meets the basic requirements, nothing more.",News Headline,wireless headphones,neutral,2024-07-29
REV101413,The bluetooth speaker is overpriced for such low quality. 😡,Facebook Comment,bluetooth speaker,negative,2024-03-16
REV101414,"Received the bluetooth speaker today, packaging was standard.",Amazon Review,bluetooth speaker,neutral,2024-02-01
REV101415,"Just unboxed the desk lamp, will update this review later.",Product Forum,desk lamp,neutral,2024-02-13
REV101416,The customer service team was super helpful with my wireless headphones order. 😊,Amazon Review,wireless headphones,positive,2024-12-16
REV101417,"I bought the bluetooth speaker last week, still testing it out.",Amazon Review,bluetooth speaker,neutral,2024-12-24
REV101418,"Excellent smartphone case, exactly as described and super reliable. Love it!",Amazon Review,smartphone case,positive,2024-03-18
REV101419,The coffee maker has some pros and cons worth mentioning.,Product Forum,coffee maker,neutral,2024-05-18
REV101420,"Absolutely love this airline, it exceeded all my expectations!",Amazon Review,airline,positive,2024-03-27
REV101421,The airline stopped working and support was unhelpful.,Twitter/X Post,airline,negative,2024-11-13
REV101422,The customer service team was super helpful with my mobile app order.,Amazon Review,mobile app,positive,2024-01-13
REV101423,"Just unboxed the electric toothbrush, will update this review later.",Facebook Comment,electric toothbrush,neutral,2024-07-08
REV101424,"Just unboxed the water bottle, will update this review later.",Twitter/X Post,water bottle,neutral,2024-10-14
REV101425,Comparing the delivery service to similar products on the market now.,Facebook Comment,delivery service,neutral,2024-02-10
REV101426,Here is my honest review of the electric toothbrush after a week of use.,News Headline,electric toothbrush,neutral,2024-09-20
REV101427,"I'm so disappointed with this subscription plan, complete waste of money.",Product Forum,subscription plan,negative,2024-12-02
REV101428,"Disappointing backpack, definitely returning it.",News Headline,backpack,negative,2024-06-05
REV101429,"Worst restaurant chain I have ever bought, total regret.!!",Product Forum,restaurant chain,negative,2024-06-23
REV101430,"Five stars for the office chair, it changed the way I do things.",Facebook Comment,office chair,positive,2024-11-07
REV101431,"Absolutely love this subscription plan, it exceeded all my expectations!",Facebook Comment,subscription plan,positive,2024-01-17
REV101432,"Just unboxed the smartphone case, will update this review later.",News Headline,smartphone case,neutral,2024-11-27
REV101433,"I'm impressed by how well the customer support experience performs, truly outstanding.",Product Forum,customer support experience,positive,2024-06-03
REV101434,"Awful experience with the customer support experience, would not recommend at all. Never again.",Product Forum,customer support experience,negative,2024-08-18
REV101435,"Received the wireless headphones today, packaging was standard.",Amazon Review,wireless headphones,neutral,2024-08-11
REV101436,"Terrible bluetooth speaker, broke after just two days of use. :(",News Headline,bluetooth speaker,negative,2024-12-11
REV101437,Comparing the water bottle to similar products on the market now.,News Headline,water bottle,neutral,2024-01-15
REV101438,The customer service team was super helpful with my streaming service order.,Facebook Comment,streaming service,positive,2024-01-20
REV101439,"Terrible subscription plan, broke after just two days of use.",Amazon Review,subscription plan,negative,2024-08-14
REV101440,The kitchen blender arrived quickly and the build quality is amazing.,News Headline,kitchen blender,positive,2024-06-30
REV101441,"The subscription plan works as expected, average performance overall.",Amazon Review,subscription plan,neutral,2024-12-02
REV101442,Comparing the kitchen blender to similar products on the market now.,Product Forum,kitchen blender,neutral,2024-10-16
REV101443,The software update arrived on time and matches the description.,Twitter/X Post,software update,neutral,2024-02-27
REV101444,The customer service team was super helpful with my delivery service order.,News Headline,delivery service,positive,2024-06-16
REV101445,"Absolutely love this mobile app, it exceeded all my expectations!",Twitter/X Post,mobile app,positive,2024-06-16
REV101446,"This gaming mouse is fantastic, best purchase I've made all year.",Twitter/X Post,gaming mouse,positive,2024-09-26
REV101447,"Awful experience with the wireless headphones, would not recommend at all.",Product Forum,wireless headphones,negative,2024-02-15
REV101448,Considering whether to keep the desk lamp or exchange it.,Twitter/X Post,desk lamp,neutral,2024-01-08
REV101449,This yoga mat is poorly made and feels cheap.,Product Forum,yoga mat,negative,2024-03-29
REV101450,"I'm impressed by how well the backpack performs, truly outstanding.",Twitter/X Post,backpack,positive,2024-06-28
REV101451,What a wonderful electric toothbrush! Great value for the price.,Product Forum,electric toothbrush,positive,2024-10-03
REV101452,"Just unboxed the restaurant chain, will update this review later.",News Headline,restaurant chain,neutral,2024-09-10
REV101453,"Excellent mobile app, exactly as described and super reliable.",News Headline,mobile app,positive,2024-08-21
REV101454,The electric toothbrush has some pros and cons worth mentioning.,Product Forum,electric toothbrush,neutral,2024-07-04
REV101455,Considering whether to keep the mobile app or exchange it.,Facebook Comment,mobile app,neutral,2024-02-02
REV101456,"The laptop stand works as expected, average performance overall.",Twitter/X Post,laptop stand,neutral,2024-09-22
REV101457,"Five stars for the laptop stand, it changed the way I do things.",Amazon Review,laptop stand,positive,2024-04-07
REV101458,"Just unboxed the desk lamp, will update this review later.",Product Forum,desk lamp,neutral,2024-12-23
REV101459,"This kitchen blender is fantastic, best purchase I've made all year. 😊",Facebook Comment,kitchen blender,positive,2024-01-05
REV101460,The running shoes arrived quickly and the build quality is amazing.,Facebook Comment,running shoes,positive,2024-08-12
REV101461,The airline arrived on time and matches the description.,Facebook Comment,airline,neutral,2024-12-16
REV101462,"The streaming service meets the basic requirements, nothing more.",Product Forum,streaming service,neutral,2024-05-22
REV101463,The delivery service is overpriced for such low quality.,Product Forum,delivery service,negative,2024-08-06
REV101464,Here is my honest review of the subscription plan after a week of use.,News Headline,subscription plan,neutral,2024-09-20
REV101465,Highly recommend the desk lamp to anyone looking for quality.,Product Forum,desk lamp,positive,2024-03-14
REV101466,"Disappointing kitchen blender, definitely returning it. :(",Amazon Review,kitchen blender,negative,2024-06-20
REV101467,"The bluetooth speaker is okay, not great but not bad either.",Product Forum,bluetooth speaker,neutral,2024-11-05
REV101468,"Disappointing wireless headphones, definitely returning it. :(",Twitter/X Post,wireless headphones,negative,2024-08-01
REV101469,"Awful experience with the restaurant chain, would not recommend at all. Never again.",Facebook Comment,restaurant chain,negative,2024-10-01
REV101470,The office chair arrived damaged and customer service ignored me. :(,News Headline,office chair,negative,2024-01-01
REV101471,I hate how unreliable this fitness tracker turned out to be. Never again.,Twitter/X Post,fitness tracker,negative,2024-10-22
REV101472,The streaming service is overpriced for such low quality.,News Headline,streaming service,negative,2024-12-24
REV101473,Great office chair! My whole family loves it.,Amazon Review,office chair,positive,2024-12-02
REV101474,Considering whether to keep the desk lamp or exchange it.,Product Forum,desk lamp,neutral,2024-07-04
REV101475,"The smartphone case is okay, not great but not bad either.",News Headline,smartphone case,neutral,2024-01-15
REV101476,I hate how unreliable this software update turned out to be.,Product Forum,software update,negative,2024-12-28
REV101477,"The backpack does what it's supposed to do, nothing special.",Facebook Comment,backpack,neutral,2024-03-14
REV101478,"Worst wireless headphones I have ever bought, total regret.!!",News Headline,wireless headphones,negative,2024-06-04
REV101479,The smartphone case stopped working and support was unhelpful.!!,Amazon Review,smartphone case,negative,2024-09-01
REV101480,The office chair has some pros and cons worth mentioning.,News Headline,office chair,neutral,2024-07-15
REV101481,Comparing the desk lamp to similar products on the market now.,Facebook Comment,desk lamp,neutral,2024-10-28
REV101482,The fitness tracker arrived on time and matches the description.,Amazon Review,fitness tracker,neutral,2024-07-11
REV101483,The air purifier is overpriced for such low quality. 😡,Product Forum,air purifier,negative,2024-08-04
REV101484,Great kitchen blender! My whole family loves it.,Twitter/X Post,kitchen blender,positive,2024-07-26
REV101485,"Received the desk lamp today, packaging was standard.",News Headline,desk lamp,neutral,2024-06-25
REV101486,Comparing the running shoes to similar products on the market now.,Product Forum,running shoes,neutral,2024-12-12
REV101487,Here is my honest review of the running shoes after a week of use.,Facebook Comment,running shoes,neutral,2024-02-13
REV101488,"Terrible kitchen blender, broke after just two days of use.!!",Twitter/X Post,kitchen blender,negative,2024-09-22
REV101489,"Excellent airline, exactly as described and super reliable.",Amazon Review,airline,positive,2024-07-22
REV101490,What a wonderful wireless headphones! Great value for the price.,News Headline,wireless headphones,positive,2024-11-13
REV101491,The kitchen blender arrived on time and matches the description.,Product Forum,kitchen blender,neutral,2024-03-24
REV101492,What a wonderful running shoes! Great value for the price.,Amazon Review,running shoes,positive,2024-05-13
REV101493,"The gaming mouse is okay, not great but not bad either.",News Headline,gaming mouse,neutral,2024-07-29
REV101494,"I'm so happy with the smartphone case, works perfectly and looks great.",Twitter/X Post,smartphone case,positive,2024-09-29
REV101495,"This air purifier is fantastic, best purchase I've made all year.",Twitter/X Post,air purifier,positive,2024-10-17
REV101496,"This water bottle is a game changer, I use it every single day.",Amazon Review,water bottle,positive,2024-02-01
REV101497,"Terrible airline, broke after just two days of use.",Twitter/X Post,airline,negative,2024-04-24
REV101498,"The laptop stand does what it's supposed to do, nothing special.",Twitter/X Post,laptop stand,neutral,2024-08-31
REV101499,This software update is poorly made and feels cheap. 😡,Amazon Review,software update,negative,2024-03-09
REV101500,This air purifier is poorly made and feels cheap. Never again.,Facebook Comment,air purifier,negative,2024-04-16
REV101501,This restaurant chain caused nothing but problems since day one.!!,News Headline,restaurant chain,negative,2024-03-27
REV101502,"Excellent fitness tracker, exactly as described and super reliable.",Facebook Comment,fitness tracker,positive,2024-04-18
REV101503,Great running shoes! My whole family loves it.,Facebook Comment,running shoes,positive,2024-09-03
REV101504,"Terrible kitchen blender, broke after just two days of use.!!",News Headline,kitchen blender,negative,2024-04-22
REV101505,"I'm impressed by how well the airline performs, truly outstanding.",Amazon Review,airline,positive,2024-10-24
REV101506,"The electric toothbrush meets the basic requirements, nothing more.",News Headline,electric toothbrush,neutral,2024-08-25
REV101507,Highly recommend the running shoes to anyone looking for quality.,News Headline,running shoes,positive,2024-11-22
REV101508,This water bottle caused nothing but problems since day one.,Product Forum,water bottle,negative,2024-04-14
REV101509,"I'm so disappointed with this wireless headphones, complete waste of money.",Product Forum,wireless headphones,negative,2024-09-24
REV101510,Considering whether to keep the office chair or exchange it.,Amazon Review,office chair,neutral,2024-02-05
REV101511,"Absolutely love this yoga mat, it exceeded all my expectations!",Twitter/X Post,yoga mat,positive,2024-09-11
REV101512,"I'm impressed by how well the subscription plan performs, truly outstanding.",Amazon Review,subscription plan,positive,2024-11-19
REV101513,The coffee maker stopped working and support was unhelpful.,Product Forum,coffee maker,negative,2024-04-22
REV101514,Comparing the backpack to similar products on the market now.,Facebook Comment,backpack,neutral,2024-08-12
REV101515,The delivery service arrived damaged and customer service ignored me.,Amazon Review,delivery service,negative,2024-08-09
REV101516,"The coffee maker works as expected, average performance overall.",Amazon Review,coffee maker,neutral,2024-01-12
REV101517,"The gaming mouse meets the basic requirements, nothing more.",Product Forum,gaming mouse,neutral,2024-09-14
REV101518,"The electric toothbrush is okay, not great but not bad either.",Product Forum,electric toothbrush,neutral,2024-03-21
REV101519,"I'm so disappointed with this desk lamp, complete waste of money.",Product Forum,desk lamp,negative,2024-05-22
REV101520,"I'm so disappointed with this streaming service, complete waste of money. 😡",Twitter/X Post,streaming service,negative,2024-02-19
REV101521,Great laptop stand! My whole family loves it.,Amazon Review,laptop stand,positive,2024-05-25
REV101522,"The delivery service does what it's supposed to do, nothing special.",Facebook Comment,delivery service,neutral,2024-03-18
REV101523,"Absolutely love this software update, it exceeded all my expectations!",Product Forum,software update,positive,2024-01-29
REV101524,Considering whether to keep the restaurant chain or exchange it.,Amazon Review,restaurant chain,neutral,2024-08-26
REV101525,"The office chair works as expected, average performance overall.",Product Forum,office chair,neutral,2024-12-04
REV101526,"I'm impressed by how well the laptop stand performs, truly outstanding.",Facebook Comment,laptop stand,positive,2024-11-16
REV101527,"Five stars for the streaming service, it changed the way I do things. 😊",News Headline,streaming service,positive,2024-10-23
REV101528,The backpack arrived quickly and the build quality is amazing.,Facebook Comment,backpack,positive,2024-02-13
REV101529,"Very frustrated with the bluetooth speaker, it never worked as advertised.",Product Forum,bluetooth speaker,negative,2024-04-12
REV101530,I hate how unreliable this fitness tracker turned out to be.,Amazon Review,fitness tracker,negative,2024-05-17
REV101531,"The fitness tracker meets the basic requirements, nothing more.",Amazon Review,fitness tracker,neutral,2024-09-02
REV101532,This desk lamp is poorly made and feels cheap.,Twitter/X Post,desk lamp,negative,2024-07-04
REV101533,Considering whether to keep the laptop stand or exchange it.,Twitter/X Post,laptop stand,neutral,2024-10-10
REV101534,The customer service team was super helpful with my backpack order.,Facebook Comment,backpack,positive,2024-10-06
REV101535,"Absolutely love this airline, it exceeded all my expectations!",Facebook Comment,airline,positive,2024-09-07
REV101536,"The yoga mat works as expected, average performance overall.",News Headline,yoga mat,neutral,2024-05-01
REV101537,"Awful experience with the delivery service, would not recommend at all. Never again.",Twitter/X Post,delivery service,negative,2024-08-29
REV101538,"Just unboxed the laptop stand, will update this review later.",Amazon Review,laptop stand,neutral,2024-03-07
REV101539,"Just unboxed the streaming service, will update this review later.",Twitter/X Post,streaming service,neutral,2024-06-08
REV101540,The coffee maker is overpriced for such low quality. Never again.,Amazon Review,coffee maker,negative,2024-07-06
REV101541,This fitness tracker is poorly made and feels cheap.,Twitter/X Post,fitness tracker,negative,2024-06-05
REV101542,This customer support experience is poorly made and feels cheap.,Product Forum,customer support experience,negative,2024-12-17
REV101543,"Absolutely love this office chair, it exceeded all my expectations!",Amazon Review,office chair,positive,2024-04-03
REV101544,"Five stars for the restaurant chain, it changed the way I do things.",News Headline,restaurant chain,positive,2024-04-11
REV101545,The customer support experience has some pros and cons worth mentioning.,Amazon Review,customer support experience,neutral,2024-02-01
REV101546,The water bottle arrived damaged and customer service ignored me.,News Headline,water bottle,negative,2024-05-19
REV101547,"The customer support experience works as expected, average performance overall.",Product Forum,customer support experience,neutral,2024-09-28
REV101548,The airline stopped working and support was unhelpful.,Amazon Review,airline,negative,2024-01-07
REV101549,"This software update is fantastic, best purchase I've made all year. :)",Twitter/X Post,software update,positive,2024-11-23
REV101550,"I'm so happy with the running shoes, works perfectly and looks great.",Product Forum,running shoes,positive,2024-04-18
REV101551,"Just unboxed the coffee maker, will update this review later.",Twitter/X Post,coffee maker,neutral,2024-01-01
REV101552,"I bought the bluetooth speaker last week, still testing it out.",News Headline,bluetooth speaker,neutral,2024-04-22
REV101553,The customer service team was super helpful with my software update order.,Facebook Comment,software update,positive,2024-12-22
REV101554,The streaming service has some pros and cons worth mentioning.,Twitter/X Post,streaming service,neutral,2024-01-15
REV101555,Here is my honest review of the electric toothbrush after a week of use.,Facebook Comment,electric toothbrush,neutral,2024-12-28
REV101556,Great customer support experience! My whole family loves it.,Amazon Review,customer support experience,positive,2024-10-17
REV101557,The customer service team was super helpful with my fitness tracker order.,Facebook Comment,fitness tracker,positive,2024-04-07
REV101558,"I'm impressed by how well the smartphone case performs, truly outstanding.",Amazon Review,smartphone case,positive,2024-08-22
REV101559,Here is my honest review of the bluetooth speaker after a week of use.,Facebook Comment,bluetooth speaker,neutral,2024-08-22
REV101560,Comparing the kitchen blender to similar products on the market now.,News Headline,kitchen blender,neutral,2024-03-27
REV101561,The fitness tracker arrived on time and matches the description.,Product Forum,fitness tracker,neutral,2024-05-29
REV101562,The fitness tracker arrived quickly and the build quality is amazing.,News Headline,fitness tracker,positive,2024-12-14
REV101563,"Five stars for the bluetooth speaker, it changed the way I do things. 😊",Product Forum,bluetooth speaker,positive,2024-03-09
REV101564,The subscription plan arrived on time and matches the description.,News Headline,subscription plan,neutral,2024-11-08
REV101565,"I'm so disappointed with this restaurant chain, complete waste of money.",Facebook Comment,restaurant chain,negative,2024-07-08
REV101566,The yoga mat arrived on time and matches the description.,Amazon Review,yoga mat,neutral,2024-09-18
REV101567,"Disappointing fitness tracker, definitely returning it.",Product Forum,fitness tracker,negative,2024-10-16
REV101568,The delivery service is overpriced for such low quality.,Facebook Comment,delivery service,negative,2024-11-13
REV101569,This smartphone case is poorly made and feels cheap.,Amazon Review,smartphone case,negative,2024-12-18
REV101570,"Received the airline today, packaging was standard.",Amazon Review,airline,neutral,2024-04-16
REV101571,"This desk lamp is fantastic, best purchase I've made all year. Love it!",Twitter/X Post,desk lamp,positive,2024-09-24
REV101572,Here is my honest review of the running shoes after a week of use.,News Headline,running shoes,neutral,2024-10-29
REV101573,I hate how unreliable this subscription plan turned out to be. :(,News Headline,subscription plan,negative,2024-08-23
REV101574,"The restaurant chain is okay, not great but not bad either.",Twitter/X Post,restaurant chain,neutral,2024-01-25
REV101575,"The delivery service meets the basic requirements, nothing more.",Twitter/X Post,delivery service,neutral,2024-10-28
REV101576,"Received the customer support experience today, packaging was standard.",Product Forum,customer support experience,neutral,2024-06-15
REV101577,"Absolutely love this air purifier, it exceeded all my expectations!",Facebook Comment,air purifier,positive,2024-02-08
REV101578,"Worst water bottle I have ever bought, total regret.",Amazon Review,water bottle,negative,2024-04-26
REV101579,"Absolutely love this mobile app, it exceeded all my expectations!",Facebook Comment,mobile app,positive,2024-06-28
REV101580,"Worst software update I have ever bought, total regret.",Facebook Comment,software update,negative,2024-11-29
REV101581,The customer support experience stopped working and support was unhelpful.,Amazon Review,customer support experience,negative,2024-10-24
REV101582,"I'm so disappointed with this fitness tracker, complete waste of money.",Facebook Comment,fitness tracker,negative,2024-05-30
REV101583,"Five stars for the kitchen blender, it changed the way I do things.",Facebook Comment,kitchen blender,positive,2024-12-12
REV101584,What a wonderful restaurant chain! Great value for the price.!!,News Headline,restaurant chain,positive,2024-12-24
REV101585,"Received the mobile app today, packaging was standard.",News Headline,mobile app,neutral,2024-07-22
REV101586,"The electric toothbrush does what it's supposed to do, nothing special.",Twitter/X Post,electric toothbrush,neutral,2024-10-13
REV101587,"Disappointing bluetooth speaker, definitely returning it. 😡",Amazon Review,bluetooth speaker,negative,2024-06-07
REV101588,"Awful experience with the software update, would not recommend at all.",Twitter/X Post,software update,negative,2024-11-21
REV101589,Comparing the wireless headphones to similar products on the market now.,Facebook Comment,wireless headphones,neutral,2024-06-15
REV101590,The laptop stand arrived quickly and the build quality is amazing. :),Amazon Review,laptop stand,positive,2024-04-18
REV101591,This yoga mat caused nothing but problems since day one.,Amazon Review,yoga mat,negative,2024-08-30
REV101592,"This bluetooth speaker is a game changer, I use it every single day.",Facebook Comment,bluetooth speaker,positive,2024-04-08
REV101593,"Worst running shoes I have ever bought, total regret.",News Headline,running shoes,negative,2024-12-11
REV101594,The customer service team was super helpful with my streaming service order.,Facebook Comment,streaming service,positive,2024-07-22
REV101595,I hate how unreliable this water bottle turned out to be.,News Headline,water bottle,negative,2024-08-02
REV101596,"Disappointing kitchen blender, definitely returning it.",News Headline,kitchen blender,negative,2024-07-08
REV101597,Considering whether to keep the gaming mouse or exchange it.,Twitter/X Post,gaming mouse,neutral,2024-09-08
REV101598,"Terrible office chair, broke after just two days of use.",Amazon Review,office chair,negative,2024-04-10
REV101599,"The airline does what it's supposed to do, nothing special.",Facebook Comment,airline,neutral,2024-11-12
REV101600,The bluetooth speaker stopped working and support was unhelpful.,Amazon Review,bluetooth speaker,negative,2024-03-04
REV101601,The customer service team was super helpful with my mobile app order.,Amazon Review,mobile app,positive,2024-12-11
REV101602,I hate how unreliable this airline turned out to be.!!,Product Forum,airline,negative,2024-02-03
REV101603,"Received the office chair today, packaging was standard.",Amazon Review,office chair,neutral,2024-05-17
REV101604,"Five stars for the wireless headphones, it changed the way I do things.",Product Forum,wireless headphones,positive,2024-02-02
REV101605,"Worst laptop stand I have ever bought, total regret.",Facebook Comment,laptop stand,negative,2024-05-14
REV101606,"Very frustrated with the mobile app, it never worked as advertised.",Amazon Review,mobile app,negative,2024-10-15
REV101607,"The office chair does what it's supposed to do, nothing special.",Twitter/X Post,office chair,neutral,2024-01-01
REV101608,"Excellent mobile app, exactly as described and super reliable. 😊",Twitter/X Post,mobile app,positive,2024-02-11
REV101609,"Excellent backpack, exactly as described and super reliable.",Twitter/X Post,backpack,positive,2024-08-07
REV101610,The air purifier arrived on time and matches the description.,Product Forum,air purifier,neutral,2024-12-18
REV101611,Great streaming service! My whole family loves it.,Twitter/X Post,streaming service,positive,2024-10-22
REV101612,"I'm impressed by how well the software update performs, truly outstanding. 😊",Facebook Comment,software update,positive,2024-09-03
REV101613,"This gaming mouse is fantastic, best purchase I've made all year.",Amazon Review,gaming mouse,positive,2024-03-20
REV101614,"Very frustrated with the bluetooth speaker, it never worked as advertised.!!",News Headline,bluetooth speaker,negative,2024-07-23
REV101615,"This airline is a game changer, I use it every single day.",Amazon Review,airline,positive,2024-10-31
REV101616,The software update is overpriced for such low quality.!!,Product Forum,software update,negative,2024-11-12
REV101617,"I bought the streaming service last week, still testing it out.",News Headline,streaming service,neutral,2024-04-10
REV101618,"I'm so disappointed with this office chair, complete waste of money.!!",Facebook Comment,office chair,negative,2024-05-17
REV101619,"Disappointing yoga mat, definitely returning it.",Amazon Review,yoga mat,negative,2024-09-20
REV101620,"This mobile app is fantastic, best purchase I've made all year. :)",Product Forum,mobile app,positive,2024-08-09
REV101621,"I'm impressed by how well the water bottle performs, truly outstanding.!!",Facebook Comment,water bottle,positive,2024-05-27
REV101622,"Five stars for the yoga mat, it changed the way I do things.",Amazon Review,yoga mat,positive,2024-09-19
REV101623,"Just unboxed the streaming service, will update this review later.",Amazon Review,streaming service,neutral,2024-07-11
REV101624,The office chair is overpriced for such low quality.,Product Forum,office chair,negative,2024-07-11
REV101625,Here is my honest review of the office chair after a week of use.,Facebook Comment,office chair,neutral,2024-06-14
REV101626,The running shoes has some pros and cons worth mentioning.,Amazon Review,running shoes,neutral,2024-09-30
REV101627,The streaming service has some pros and cons worth mentioning.,News Headline,streaming service,neutral,2024-07-31
REV101628,"I bought the subscription plan last week, still testing it out.",Amazon Review,subscription plan,neutral,2024-06-02
REV101629,"This delivery service is fantastic, best purchase I've made all year. 😊",Amazon Review,delivery service,positive,2024-04-21
REV101630,Great air purifier! My whole family loves it.,Twitter/X Post,air purifier,positive,2024-08-08
REV101631,"I'm so disappointed with this mobile app, complete waste of money.",Twitter/X Post,mobile app,negative,2024-05-10
REV101632,"I bought the kitchen blender last week, still testing it out.",News Headline,kitchen blender,neutral,2024-08-30
REV101633,"Very frustrated with the water bottle, it never worked as advertised.!!",Facebook Comment,water bottle,negative,2024-08-23
REV101634,"Disappointing airline, definitely returning it.",Amazon Review,airline,negative,2024-01-15
REV101635,"Very frustrated with the kitchen blender, it never worked as advertised. :(",Facebook Comment,kitchen blender,negative,2024-02-01
REV101636,"Just unboxed the yoga mat, will update this review later.",Twitter/X Post,yoga mat,neutral,2024-07-28
REV101637,The airline arrived quickly and the build quality is amazing.,Twitter/X Post,airline,positive,2024-11-06
REV101638,The software update stopped working and support was unhelpful.,Amazon Review,software update,negative,2024-08-18
REV101639,"This software update is a game changer, I use it every single day. :)",Product Forum,software update,positive,2024-12-12
REV101640,I hate how unreliable this office chair turned out to be.,Facebook Comment,office chair,negative,2024-02-15
REV101641,The laptop stand has some pros and cons worth mentioning.,Product Forum,laptop stand,neutral,2024-04-06
REV101642,What a wonderful gaming mouse! Great value for the price.,Amazon Review,gaming mouse,positive,2024-12-05
REV101643,The air purifier stopped working and support was unhelpful.,Facebook Comment,air purifier,negative,2024-08-30
REV101644,"Five stars for the yoga mat, it changed the way I do things. 😊",Amazon Review,yoga mat,positive,2024-05-27
REV101645,Great air purifier! My whole family loves it.!!,Twitter/X Post,air purifier,positive,2024-03-25
REV101646,"Absolutely love this yoga mat, it exceeded all my expectations!",Twitter/X Post,yoga mat,positive,2024-05-19
REV101647,"I bought the laptop stand last week, still testing it out.",Amazon Review,laptop stand,neutral,2024-03-24
REV101648,Comparing the smartphone case to similar products on the market now.,Twitter/X Post,smartphone case,neutral,2024-06-21
REV101649,"Excellent air purifier, exactly as described and super reliable.",Amazon Review,air purifier,positive,2024-10-27
REV101650,"The wireless headphones is okay, not great but not bad either.",News Headline,wireless headphones,neutral,2024-01-28
REV101651,The mobile app has some pros and cons worth mentioning.,Facebook Comment,mobile app,neutral,2024-06-17
REV101652,This fitness tracker is poorly made and feels cheap. Never again.,Facebook Comment,fitness tracker,negative,2024-02-11
REV101653,"I'm so disappointed with this electric toothbrush, complete waste of money. :(",Amazon Review,electric toothbrush,negative,2024-08-16
REV101654,Highly recommend the smartphone case to anyone looking for quality.,Twitter/X Post,smartphone case,positive,2024-10-27
REV101655,"I'm so disappointed with this yoga mat, complete waste of money. :(",News Headline,yoga mat,negative,2024-11-03
REV101656,This delivery service is poorly made and feels cheap.,News Headline,delivery service,negative,2024-01-01
REV101657,Highly recommend the restaurant chain to anyone looking for quality.,Facebook Comment,restaurant chain,positive,2024-08-21
REV101658,"Awful experience with the office chair, would not recommend at all.",News Headline,office chair,negative,2024-12-22
REV101659,"Very frustrated with the desk lamp, it never worked as advertised.!!",News Headline,desk lamp,negative,2024-02-23
REV101660,"I'm impressed by how well the kitchen blender performs, truly outstanding.",Product Forum,kitchen blender,positive,2024-03-31
REV101661,"I'm so disappointed with this gaming mouse, complete waste of money. :(",Amazon Review,gaming mouse,negative,2024-10-27
REV101662,Considering whether to keep the smartphone case or exchange it.,News Headline,smartphone case,neutral,2024-12-09
REV101663,"This coffee maker is a game changer, I use it every single day.",News Headline,coffee maker,positive,2024-11-04
REV101664,"Absolutely love this gaming mouse, it exceeded all my expectations!",Amazon Review,gaming mouse,positive,2024-10-12
REV101665,The customer service team was super helpful with my coffee maker order.,Twitter/X Post,coffee maker,positive,2024-07-31
REV101666,"Worst backpack I have ever bought, total regret.",Facebook Comment,backpack,negative,2024-12-14
REV101667,"The smartphone case meets the basic requirements, nothing more.",Product Forum,smartphone case,neutral,2024-06-12
REV101668,The delivery service arrived on time and matches the description.,Facebook Comment,delivery service,neutral,2024-12-08
REV101669,The electric toothbrush is overpriced for such low quality. :(,Facebook Comment,electric toothbrush,negative,2024-06-24
REV101670,"Five stars for the backpack, it changed the way I do things.",Twitter/X Post,backpack,positive,2024-08-16
REV101671,The fitness tracker arrived damaged and customer service ignored me.,Twitter/X Post,fitness tracker,negative,2024-06-30
REV101672,I hate how unreliable this gaming mouse turned out to be. :(,Product Forum,gaming mouse,negative,2024-12-24
REV101673,The customer service team was super helpful with my air purifier order. :),News Headline,air purifier,positive,2024-10-08
REV101674,"The gaming mouse is okay, not great but not bad either.",News Headline,gaming mouse,neutral,2024-10-31
REV101675,Highly recommend the water bottle to anyone looking for quality.,Amazon Review,water bottle,positive,2024-04-04
REV101676,"I bought the desk lamp last week, still testing it out.",Facebook Comment,desk lamp,neutral,2024-09-09
REV101677,The software update is overpriced for such low quality.,News Headline,software update,negative,2024-08-17
REV101678,Great wireless headphones! My whole family loves it.,Twitter/X Post,wireless headphones,positive,2024-01-05
REV101679,"Disappointing water bottle, definitely returning it.",Facebook Comment,water bottle,negative,2024-06-07
REV101680,"Very frustrated with the running shoes, it never worked as advertised.",Amazon Review,running shoes,negative,2024-07-05
REV101681,Here is my honest review of the streaming service after a week of use.,Amazon Review,streaming service,neutral,2024-09-13
REV101682,What a wonderful customer support experience! Great value for the price.,Facebook Comment,customer support experience,positive,2024-09-01
REV101683,The laptop stand has some pros and cons worth mentioning.,Facebook Comment,laptop stand,neutral,2024-11-01
REV101684,"I'm so disappointed with this office chair, complete waste of money. 😡",Product Forum,office chair,negative,2024-05-13
REV101685,"This subscription plan is a game changer, I use it every single day.",Facebook Comment,subscription plan,positive,2024-06-19
REV101686,"The bluetooth speaker works as expected, average performance overall.",Twitter/X Post,bluetooth speaker,neutral,2024-01-07
REV101687,"Received the yoga mat today, packaging was standard.",Amazon Review,yoga mat,neutral,2024-05-25
REV101688,The airline is overpriced for such low quality. :(,Twitter/X Post,airline,negative,2024-04-14
REV101689,"Just unboxed the wireless headphones, will update this review later.",Twitter/X Post,wireless headphones,neutral,2024-12-02
REV101690,Comparing the subscription plan to similar products on the market now.,News Headline,subscription plan,neutral,2024-01-29
REV101691,"The air purifier does what it's supposed to do, nothing special.",Product Forum,air purifier,neutral,2024-12-07
REV101692,Here is my honest review of the software update after a week of use.,Twitter/X Post,software update,neutral,2024-08-29
REV101693,"Received the running shoes today, packaging was standard.",News Headline,running shoes,neutral,2024-07-28
REV101694,"Terrible office chair, broke after just two days of use. 😡",Amazon Review,office chair,negative,2024-12-03
REV101695,"This gaming mouse is a game changer, I use it every single day.",Twitter/X Post,gaming mouse,positive,2024-11-16
REV101696,The office chair stopped working and support was unhelpful.,Twitter/X Post,office chair,negative,2024-01-21
REV101697,"Excellent streaming service, exactly as described and super reliable. :)",Product Forum,streaming service,positive,2024-07-26
REV101698,"Terrible airline, broke after just two days of use.",Twitter/X Post,airline,negative,2024-02-23
REV101699,"I bought the laptop stand last week, still testing it out.",Product Forum,laptop stand,neutral,2024-11-29
REV101700,"The streaming service does what it's supposed to do, nothing special.",Twitter/X Post,streaming service,neutral,2024-11-04
REV101701,"Worst software update I have ever bought, total regret.!!",Facebook Comment,software update,negative,2024-12-22
REV101702,The customer service team was super helpful with my mobile app order. Love it!,Amazon Review,mobile app,positive,2024-10-15
REV101703,The fitness tracker arrived on time and matches the description.,Product Forum,fitness tracker,neutral,2024-01-29
REV101704,"Absolutely love this air purifier, it exceeded all my expectations!",Amazon Review,air purifier,positive,2024-08-08
REV101705,This delivery service is poorly made and feels cheap.,Twitter/X Post,delivery service,negative,2024-10-10
REV101706,"I'm so happy with the laptop stand, works perfectly and looks great.",Product Forum,laptop stand,positive,2024-12-17
REV101707,The laptop stand arrived damaged and customer service ignored me.,Twitter/X Post,laptop stand,negative,2024-03-10
REV101708,"Just unboxed the mobile app, will update this review later.",Product Forum,mobile app,neutral,2024-04-30
REV101709,"Received the fitness tracker today, packaging was standard.",Twitter/X Post,fitness tracker,neutral,2024-04-05
REV101710,"Terrible desk lamp, broke after just two days of use.",Amazon Review,desk lamp,negative,2024-08-12
REV101711,The smartphone case is overpriced for such low quality.,News Headline,smartphone case,negative,2024-02-28
REV101712,The yoga mat is overpriced for such low quality.,Facebook Comment,yoga mat,negative,2024-04-28
REV101713,"The mobile app works as expected, average performance overall.",Product Forum,mobile app,neutral,2024-01-19
REV101714,"The fitness tracker meets the basic requirements, nothing more.",Facebook Comment,fitness tracker,neutral,2024-01-24
REV101715,What a wonderful restaurant chain! Great value for the price.,Amazon Review,restaurant chain,positive,2024-04-17
REV101716,"I'm so happy with the streaming service, works perfectly and looks great. Love it!",Amazon Review,streaming service,positive,2024-06-05
REV101717,The laptop stand stopped working and support was unhelpful.,Product Forum,laptop stand,negative,2024-10-09
REV101718,The customer service team was super helpful with my restaurant chain order.,Amazon Review,restaurant chain,positive,2024-09-29
REV101719,"Absolutely love this smartphone case, it exceeded all my expectations!",Product Forum,smartphone case,positive,2024-11-13
REV101720,The backpack has some pros and cons worth mentioning.,Amazon Review,backpack,neutral,2024-05-02
REV101721,The yoga mat arrived on time and matches the description.,Facebook Comment,yoga mat,neutral,2024-12-31
REV101722,The air purifier has some pros and cons worth mentioning.,News Headline,air purifier,neutral,2024-11-12
REV101723,Considering whether to keep the delivery service or exchange it.,Product Forum,delivery service,neutral,2024-12-15
REV101724,"I bought the laptop stand last week, still testing it out.",Product Forum,laptop stand,neutral,2024-10-16
REV101725,"Awful experience with the subscription plan, would not recommend at all.",Facebook Comment,subscription plan,negative,2024-11-08
REV101726,"Terrible mobile app, broke after just two days of use. Never again.",Facebook Comment,mobile app,negative,2024-10-21
REV101727,This yoga mat is poorly made and feels cheap.,Amazon Review,yoga mat,negative,2024-03-01
REV101728,"I'm impressed by how well the smartphone case performs, truly outstanding. Love it!",Product Forum,smartphone case,positive,2024-01-07
REV101729,This air purifier is poorly made and feels cheap. :(,Twitter/X Post,air purifier,negative,2024-11-28
REV101730,"Worst smartphone case I have ever bought, total regret.",Facebook Comment,smartphone case,negative,2024-09-10
REV101731,"I bought the kitchen blender last week, still testing it out.",Product Forum,kitchen blender,neutral,2024-11-14
REV101732,Highly recommend the fitness tracker to anyone looking for quality.,Amazon Review,fitness tracker,positive,2024-02-27
REV101733,The office chair arrived on time and matches the description.,Product Forum,office chair,neutral,2024-01-11
REV101734,"Terrible kitchen blender, broke after just two days of use. 😡",Amazon Review,kitchen blender,negative,2024-01-20
REV101735,This backpack is poorly made and feels cheap. Never again.,Product Forum,backpack,negative,2024-11-12
REV101736,Highly recommend the restaurant chain to anyone looking for quality.,Facebook Comment,restaurant chain,positive,2024-05-02
REV101737,Great water bottle! My whole family loves it.,News Headline,water bottle,positive,2024-11-01
REV101738,Here is my honest review of the customer support experience after a week of use.,Amazon Review,customer support experience,neutral,2024-08-24
REV101739,The electric toothbrush arrived on time and matches the description.,Facebook Comment,electric toothbrush,neutral,2024-04-04
REV101740,This desk lamp caused nothing but problems since day one.,Amazon Review,desk lamp,negative,2024-06-09
REV101741,The yoga mat stopped working and support was unhelpful.!!,News Headline,yoga mat,negative,2024-05-10
REV101742,"Worst air purifier I have ever bought, total regret.",News Headline,air purifier,negative,2024-11-13
REV101743,"The office chair does what it's supposed to do, nothing special.",Facebook Comment,office chair,neutral,2024-05-25
REV101744,"Excellent yoga mat, exactly as described and super reliable.",Product Forum,yoga mat,positive,2024-08-18
REV101745,"This subscription plan is fantastic, best purchase I've made all year. Love it!",Facebook Comment,subscription plan,positive,2024-12-24
REV101746,"Received the wireless headphones today, packaging was standard.",Product Forum,wireless headphones,neutral,2024-09-29
REV101747,"Disappointing laptop stand, definitely returning it.",Facebook Comment,laptop stand,negative,2024-07-26
REV101748,"Just unboxed the customer support experience, will update this review later.",News Headline,customer support experience,neutral,2024-03-13
REV101749,The kitchen blender stopped working and support was unhelpful.,Product Forum,kitchen blender,negative,2024-11-10
REV101750,The water bottle is overpriced for such low quality.!!,Amazon Review,water bottle,negative,2024-02-07
REV101751,I hate how unreliable this streaming service turned out to be. :(,Twitter/X Post,streaming service,negative,2024-11-17
REV101752,This backpack caused nothing but problems since day one. 😡,News Headline,backpack,negative,2024-04-22
REV101753,"Terrible air purifier, broke after just two days of use.",Facebook Comment,air purifier,negative,2024-09-16
REV101754,What a wonderful water bottle! Great value for the price.,Amazon Review,water bottle,positive,2024-01-09
REV101755,The electric toothbrush arrived on time and matches the description.,Twitter/X Post,electric toothbrush,neutral,2024-08-26
REV101756,"The backpack does what it's supposed to do, nothing special.",Amazon Review,backpack,neutral,2024-05-10
REV101757,"I'm impressed by how well the bluetooth speaker performs, truly outstanding.!!",Product Forum,bluetooth speaker,positive,2024-03-16
REV101758,Here is my honest review of the bluetooth speaker after a week of use.,Amazon Review,bluetooth speaker,neutral,2024-05-18
REV101759,"Terrible running shoes, broke after just two days of use.",Twitter/X Post,running shoes,negative,2024-03-04
REV101760,Comparing the air purifier to similar products on the market now.,Facebook Comment,air purifier,neutral,2024-02-05
REV101761,"Just unboxed the water bottle, will update this review later.",Amazon Review,water bottle,neutral,2024-11-11
REV101762,"The fitness tracker meets the basic requirements, nothing more.",Facebook Comment,fitness tracker,neutral,2024-01-17
REV101763,The customer service team was super helpful with my kitchen blender order.,Product Forum,kitchen blender,positive,2024-01-27
REV101764,"Very frustrated with the bluetooth speaker, it never worked as advertised. :(",News Headline,bluetooth speaker,negative,2024-02-02
REV101765,The smartphone case has some pros and cons worth mentioning.,Twitter/X Post,smartphone case,neutral,2024-06-15
REV101766,Comparing the airline to similar products on the market now.,News Headline,airline,neutral,2024-06-12
REV101767,"Excellent yoga mat, exactly as described and super reliable.",Product Forum,yoga mat,positive,2024-05-03
REV101768,"The bluetooth speaker works as expected, average performance overall.",News Headline,bluetooth speaker,neutral,2024-08-21
REV101769,"The kitchen blender does what it's supposed to do, nothing special.",News Headline,kitchen blender,neutral,2024-01-14
REV101770,The airline arrived on time and matches the description.,Amazon Review,airline,neutral,2024-12-09
REV101771,What a wonderful running shoes! Great value for the price. :),Product Forum,running shoes,positive,2024-11-07
REV101772,"Received the desk lamp today, packaging was standard.",Twitter/X Post,desk lamp,neutral,2024-08-07
REV101773,"Worst streaming service I have ever bought, total regret.",Facebook Comment,streaming service,negative,2024-01-04
REV101774,The bluetooth speaker arrived quickly and the build quality is amazing.,Product Forum,bluetooth speaker,positive,2024-03-18
REV101775,Great kitchen blender! My whole family loves it. Love it!,Twitter/X Post,kitchen blender,positive,2024-09-12
REV101776,Comparing the delivery service to similar products on the market now.,Twitter/X Post,delivery service,neutral,2024-07-08
REV101777,"This software update is fantastic, best purchase I've made all year. 😊",Amazon Review,software update,positive,2024-01-06
REV101778,"Very frustrated with the streaming service, it never worked as advertised.",Twitter/X Post,streaming service,negative,2024-07-27
REV101779,"I'm so disappointed with this fitness tracker, complete waste of money.",Twitter/X Post,fitness tracker,negative,2024-06-11
REV101780,The software update arrived on time and matches the description.,Twitter/X Post,software update,neutral,2024-07-02
REV101781,"The yoga mat works as expected, average performance overall.",Product Forum,yoga mat,neutral,2024-06-08
REV101782,"Worst coffee maker I have ever bought, total regret.",Amazon Review,coffee maker,negative,2024-01-22
REV101783,The delivery service arrived damaged and customer service ignored me.,Product Forum,delivery service,negative,2024-02-12
REV101784,The yoga mat has some pros and cons worth mentioning.,Twitter/X Post,yoga mat,neutral,2024-01-05
REV101785,"Disappointing running shoes, definitely returning it.",Product Forum,running shoes,negative,2024-03-24
REV101786,The electric toothbrush arrived quickly and the build quality is amazing.,Twitter/X Post,electric toothbrush,positive,2024-05-01
REV101787,"Worst running shoes I have ever bought, total regret.!!",Twitter/X Post,running shoes,negative,2024-02-20
REV101788,"Worst coffee maker I have ever bought, total regret. 😡",News Headline,coffee maker,negative,2024-04-10
REV101789,"Very frustrated with the customer support experience, it never worked as advertised. Never again.",Twitter/X Post,customer support experience,negative,2024-01-24
REV101790,"Terrible gaming mouse, broke after just two days of use.",Facebook Comment,gaming mouse,negative,2024-10-18
REV101791,The customer service team was super helpful with my kitchen blender order.,Product Forum,kitchen blender,positive,2024-07-25
REV101792,This office chair caused nothing but problems since day one.,News Headline,office chair,negative,2024-04-16
REV101793,Great kitchen blender! My whole family loves it.,Twitter/X Post,kitchen blender,positive,2024-08-18
REV101794,This yoga mat is poorly made and feels cheap. 😡,Product Forum,yoga mat,negative,2024-10-07
REV101795,"This water bottle is a game changer, I use it every single day.",Facebook Comment,water bottle,positive,2024-01-07
REV101796,The yoga mat has some pros and cons worth mentioning.,Product Forum,yoga mat,neutral,2024-07-20
REV101797,Great software update! My whole family loves it.,Facebook Comment,software update,positive,2024-02-14
REV101798,I hate how unreliable this software update turned out to be.,Twitter/X Post,software update,negative,2024-06-21
REV101799,"Worst kitchen blender I have ever bought, total regret.",Amazon Review,kitchen blender,negative,2024-12-16
REV101800,Comparing the gaming mouse to similar products on the market now.,Facebook Comment,gaming mouse,neutral,2024-04-09
REV101801,"The subscription plan does what it's supposed to do, nothing special.",Amazon Review,subscription plan,neutral,2024-12-04
REV101802,"I'm impressed by how well the fitness tracker performs, truly outstanding. Love it!",Twitter/X Post,fitness tracker,positive,2024-10-01
REV101803,The subscription plan is overpriced for such low quality.,Twitter/X Post,subscription plan,negative,2024-11-09
REV101804,The airline stopped working and support was unhelpful. :(,Product Forum,airline,negative,2024-02-17
REV101805,"Worst streaming service I have ever bought, total regret.",Twitter/X Post,streaming service,negative,2024-08-12
REV101806,"I'm impressed by how well the yoga mat performs, truly outstanding. :)",Amazon Review,yoga mat,positive,2024-10-20
REV101807,I hate how unreliable this gaming mouse turned out to be.,Twitter/X Post,gaming mouse,negative,2024-12-17
REV101808,The backpack is overpriced for such low quality. :(,Product Forum,backpack,negative,2024-06-11
REV101809,This airline is poorly made and feels cheap.,Amazon Review,airline,negative,2024-03-22
REV101810,Here is my honest review of the mobile app after a week of use.,News Headline,mobile app,neutral,2024-12-30
REV101811,This airline is poorly made and feels cheap.,Product Forum,airline,negative,2024-07-01
REV101812,What a wonderful coffee maker! Great value for the price.,Amazon Review,coffee maker,positive,2024-10-10
REV101813,"This backpack is fantastic, best purchase I've made all year.",News Headline,backpack,positive,2024-03-11
REV101814,"Terrible coffee maker, broke after just two days of use. 😡",Product Forum,coffee maker,negative,2024-08-04
REV101815,Highly recommend the delivery service to anyone looking for quality.,Facebook Comment,delivery service,positive,2024-04-09
REV101816,"Five stars for the laptop stand, it changed the way I do things.",Amazon Review,laptop stand,positive,2024-01-12
REV101817,Great laptop stand! My whole family loves it. 😊,Twitter/X Post,laptop stand,positive,2024-08-24
REV101818,Here is my honest review of the smartphone case after a week of use.,Twitter/X Post,smartphone case,neutral,2024-09-17
REV101819,The electric toothbrush arrived on time and matches the description.,Amazon Review,electric toothbrush,neutral,2024-07-05
REV101820,This bluetooth speaker caused nothing but problems since day one.,Facebook Comment,bluetooth speaker,negative,2024-08-03
REV101821,Considering whether to keep the customer support experience or exchange it.,Twitter/X Post,customer support experience,neutral,2024-03-17
REV101822,"I'm so happy with the office chair, works perfectly and looks great. :)",Product Forum,office chair,positive,2024-04-20
REV101823,"I'm impressed by how well the running shoes performs, truly outstanding.",Product Forum,running shoes,positive,2024-05-14
REV101824,"Five stars for the customer support experience, it changed the way I do things.",News Headline,customer support experience,positive,2024-07-22
REV101825,The office chair arrived damaged and customer service ignored me. 😡,Twitter/X Post,office chair,negative,2024-01-30
REV101826,Highly recommend the backpack to anyone looking for quality.,Twitter/X Post,backpack,positive,2024-10-21
REV101827,"Awful experience with the mobile app, would not recommend at all.",Amazon Review,mobile app,negative,2024-10-25
REV101828,What a wonderful restaurant chain! Great value for the price.,Twitter/X Post,restaurant chain,positive,2024-03-25
REV101829,"Five stars for the air purifier, it changed the way I do things.",Twitter/X Post,air purifier,positive,2024-06-05
REV101830,"Excellent running shoes, exactly as described and super reliable.",Amazon Review,running shoes,positive,2024-10-28
REV101831,"The delivery service meets the basic requirements, nothing more.",Twitter/X Post,delivery service,neutral,2024-04-03
REV101832,Great running shoes! My whole family loves it.,Twitter/X Post,running shoes,positive,2024-12-17
REV101833,"Disappointing water bottle, definitely returning it.!!",Facebook Comment,water bottle,negative,2024-07-30
REV101834,"I'm so disappointed with this bluetooth speaker, complete waste of money.",Twitter/X Post,bluetooth speaker,negative,2024-04-09
REV101835,"Excellent fitness tracker, exactly as described and super reliable.",Amazon Review,fitness tracker,positive,2024-10-10
REV101836,Comparing the software update to similar products on the market now.,Amazon Review,software update,neutral,2024-07-20
REV101837,The fitness tracker arrived quickly and the build quality is amazing.,News Headline,fitness tracker,positive,2024-04-08
REV101838,"I'm impressed by how well the bluetooth speaker performs, truly outstanding.",Product Forum,bluetooth speaker,positive,2024-09-24
REV101839,"I'm so happy with the fitness tracker, works perfectly and looks great.",Facebook Comment,fitness tracker,positive,2024-05-19
REV101840,Highly recommend the streaming service to anyone looking for quality.,Twitter/X Post,streaming service,positive,2024-04-10
REV101841,The bluetooth speaker stopped working and support was unhelpful.,Amazon Review,bluetooth speaker,negative,2024-10-07
REV101842,"I'm impressed by how well the backpack performs, truly outstanding.",Amazon Review,backpack,positive,2024-06-17
REV101843,The customer support experience arrived damaged and customer service ignored me.,Twitter/X Post,customer support experience,negative,2024-08-26
REV101844,What a wonderful restaurant chain! Great value for the price.,Twitter/X Post,restaurant chain,positive,2024-03-25
REV101845,Considering whether to keep the backpack or exchange it.,News Headline,backpack,neutral,2024-07-18
REV101846,The coffee maker has some pros and cons worth mentioning.,News Headline,coffee maker,neutral,2024-12-28
REV101847,The water bottle is overpriced for such low quality.,Facebook Comment,water bottle,negative,2024-07-04
REV101848,"I bought the streaming service last week, still testing it out.",Amazon Review,streaming service,neutral,2024-09-11
REV101849,I hate how unreliable this office chair turned out to be.,Facebook Comment,office chair,negative,2024-12-16
REV101850,The customer service team was super helpful with my bluetooth speaker order. :),Facebook Comment,bluetooth speaker,positive,2024-03-01
REV101851,"Terrible yoga mat, broke after just two days of use. :(",News Headline,yoga mat,negative,2024-01-26
REV101852,"Very frustrated with the gaming mouse, it never worked as advertised.",News Headline,gaming mouse,negative,2024-08-17
REV101853,"Awful experience with the mobile app, would not recommend at all. 😡",Twitter/X Post,mobile app,negative,2024-04-25
REV101854,"The office chair works as expected, average performance overall.",Product Forum,office chair,neutral,2024-12-03
REV101855,The running shoes is overpriced for such low quality.,Facebook Comment,running shoes,negative,2024-01-24
REV101856,"I'm so disappointed with this fitness tracker, complete waste of money.",Product Forum,fitness tracker,negative,2024-04-22
REV101857,The customer service team was super helpful with my restaurant chain order.,Twitter/X Post,restaurant chain,positive,2024-06-20
REV101858,"I'm so happy with the water bottle, works perfectly and looks great. :)",Product Forum,water bottle,positive,2024-04-10
REV101859,This restaurant chain is poorly made and feels cheap.,Product Forum,restaurant chain,negative,2024-06-30
REV101860,"This desk lamp is a game changer, I use it every single day.",Amazon Review,desk lamp,positive,2024-03-13
REV101861,The backpack arrived quickly and the build quality is amazing. Love it!,Facebook Comment,backpack,positive,2024-06-27
REV101862,"Terrible air purifier, broke after just two days of use.",Amazon Review,air purifier,negative,2024-07-13
REV101863,"I'm so disappointed with this kitchen blender, complete waste of money.",Product Forum,kitchen blender,negative,2024-09-30
REV101864,"Just unboxed the backpack, will update this review later.",Product Forum,backpack,neutral,2024-12-17
REV101865,"Excellent backpack, exactly as described and super reliable.",Twitter/X Post,backpack,positive,2024-09-03
REV101866,Considering whether to keep the backpack or exchange it.,Product Forum,backpack,neutral,2024-08-29
REV101867,"I bought the smartphone case last week, still testing it out.",Product Forum,smartphone case,neutral,2024-02-07
REV101868,"I'm so disappointed with this software update, complete waste of money.",Amazon Review,software update,negative,2024-02-01
REV101869,"Very frustrated with the laptop stand, it never worked as advertised.",Amazon Review,laptop stand,negative,2024-03-25
REV101870,"I'm so disappointed with this air purifier, complete waste of money. :(",News Headline,air purifier,negative,2024-08-03
REV101871,The kitchen blender has some pros and cons worth mentioning.,Facebook Comment,kitchen blender,neutral,2024-08-13
REV101872,Comparing the bluetooth speaker to similar products on the market now.,News Headline,bluetooth speaker,neutral,2024-04-24
REV101873,"The office chair works as expected, average performance overall.",Amazon Review,office chair,neutral,2024-11-02
REV101874,"I'm so disappointed with this smartphone case, complete waste of money.",Facebook Comment,smartphone case,negative,2024-03-21
REV101875,"Received the yoga mat today, packaging was standard.",News Headline,yoga mat,neutral,2024-09-18
REV101876,Great delivery service! My whole family loves it.,Facebook Comment,delivery service,positive,2024-11-23
REV101877,"Excellent streaming service, exactly as described and super reliable.",Facebook Comment,streaming service,positive,2024-11-07
REV101878,"Absolutely love this streaming service, it exceeded all my expectations!",Amazon Review,streaming service,positive,2024-02-22
REV101879,"Excellent software update, exactly as described and super reliable.!!",Twitter/X Post,software update,positive,2024-05-29
REV101880,The wireless headphones stopped working and support was unhelpful.,Facebook Comment,wireless headphones,negative,2024-09-20
REV101881,This wireless headphones caused nothing but problems since day one.,Facebook Comment,wireless headphones,negative,2024-12-21
REV101882,"I'm impressed by how well the delivery service performs, truly outstanding. Love it!",Amazon Review,delivery service,positive,2024-01-17
REV101883,This yoga mat caused nothing but problems since day one.,Amazon Review,yoga mat,negative,2024-02-25
REV101884,What a wonderful backpack! Great value for the price.,Amazon Review,backpack,positive,2024-01-11
REV101885,"Absolutely love this electric toothbrush, it exceeded all my expectations! 😊",Facebook Comment,electric toothbrush,positive,2024-10-19
REV101886,The mobile app stopped working and support was unhelpful.,News Headline,mobile app,negative,2024-12-22
REV101887,The delivery service has some pros and cons worth mentioning.,Twitter/X Post,delivery service,neutral,2024-04-22
REV101888,The coffee maker has some pros and cons worth mentioning.,Facebook Comment,coffee maker,neutral,2024-04-17
REV101889,The water bottle stopped working and support was unhelpful.,News Headline,water bottle,negative,2024-02-02
REV101890,"Excellent air purifier, exactly as described and super reliable.",Twitter/X Post,air purifier,positive,2024-01-02
REV101891,"Absolutely love this mobile app, it exceeded all my expectations!",Facebook Comment,mobile app,positive,2024-02-12
REV101892,Here is my honest review of the electric toothbrush after a week of use.,Amazon Review,electric toothbrush,neutral,2024-05-18
REV101893,"This airline is a game changer, I use it every single day.",Amazon Review,airline,positive,2024-11-10
REV101894,The laptop stand stopped working and support was unhelpful.,Amazon Review,laptop stand,negative,2024-02-26
REV101895,"This restaurant chain is a game changer, I use it every single day. 😊",Amazon Review,restaurant chain,positive,2024-10-24
REV101896,What a wonderful laptop stand! Great value for the price.,Facebook Comment,laptop stand,positive,2024-03-01
REV101897,Considering whether to keep the subscription plan or exchange it.,Product Forum,subscription plan,neutral,2024-02-03
REV101898,The bluetooth speaker has some pros and cons worth mentioning.,Facebook Comment,bluetooth speaker,neutral,2024-11-25
REV101899,The customer service team was super helpful with my wireless headphones order.,Twitter/X Post,wireless headphones,positive,2024-01-25
REV101900,"This desk lamp is fantastic, best purchase I've made all year.",News Headline,desk lamp,positive,2024-07-08
REV101901,"Disappointing mobile app, definitely returning it.",Product Forum,mobile app,negative,2024-09-19
REV101902,"This wireless headphones is a game changer, I use it every single day.",News Headline,wireless headphones,positive,2024-07-30
REV101903,"Awful experience with the air purifier, would not recommend at all.!!",News Headline,air purifier,negative,2024-05-14
REV101904,"I'm so happy with the subscription plan, works perfectly and looks great.",News Headline,subscription plan,positive,2024-11-06
REV101905,"I'm so happy with the smartphone case, works perfectly and looks great.",Facebook Comment,smartphone case,positive,2024-06-28
REV101906,"Very frustrated with the gaming mouse, it never worked as advertised.",News Headline,gaming mouse,negative,2024-10-05
REV101907,Comparing the kitchen blender to similar products on the market now.,Twitter/X Post,kitchen blender,neutral,2024-05-17
REV101908,"Absolutely love this bluetooth speaker, it exceeded all my expectations! Love it!",News Headline,bluetooth speaker,positive,2024-05-30
REV101909,Highly recommend the gaming mouse to anyone looking for quality. :),Product Forum,gaming mouse,positive,2024-11-16
REV101910,"Worst laptop stand I have ever bought, total regret.",Amazon Review,laptop stand,negative,2024-07-30
REV101911,"I bought the fitness tracker last week, still testing it out.",News Headline,fitness tracker,neutral,2024-10-13
REV101912,"Disappointing kitchen blender, definitely returning it. 😡",News Headline,kitchen blender,negative,2024-05-30
REV101913,The running shoes arrived quickly and the build quality is amazing. Love it!,Facebook Comment,running shoes,positive,2024-02-03
REV101914,"The air purifier works as expected, average performance overall.",Product Forum,air purifier,neutral,2024-08-07
REV101915,"The subscription plan does what it's supposed to do, nothing special.",Amazon Review,subscription plan,neutral,2024-12-14
REV101916,Great mobile app! My whole family loves it.,Amazon Review,mobile app,positive,2024-02-07
REV101917,Highly recommend the backpack to anyone looking for quality. 😊,News Headline,backpack,positive,2024-08-09
REV101918,"Disappointing kitchen blender, definitely returning it.",Amazon Review,kitchen blender,negative,2024-08-31
REV101919,"Very frustrated with the electric toothbrush, it never worked as advertised.!!",News Headline,electric toothbrush,negative,2024-12-31
REV101920,The wireless headphones stopped working and support was unhelpful.,Facebook Comment,wireless headphones,negative,2024-04-15
REV101921,"The restaurant chain meets the basic requirements, nothing more.",Twitter/X Post,restaurant chain,neutral,2024-02-28
REV101922,Comparing the smartphone case to similar products on the market now.,Product Forum,smartphone case,neutral,2024-07-02
REV101923,"Very frustrated with the smartphone case, it never worked as advertised.",Product Forum,smartphone case,negative,2024-05-29
REV101924,"I bought the water bottle last week, still testing it out.",News Headline,water bottle,neutral,2024-11-09
REV101925,"The mobile app works as expected, average performance overall.",Facebook Comment,mobile app,neutral,2024-08-29
REV101926,The bluetooth speaker arrived on time and matches the description.,Facebook Comment,bluetooth speaker,neutral,2024-06-01
REV101927,"Received the fitness tracker today, packaging was standard.",Product Forum,fitness tracker,neutral,2024-10-08
REV101928,This laptop stand is poorly made and feels cheap.,Amazon Review,laptop stand,negative,2024-09-05
REV101929,"Excellent software update, exactly as described and super reliable.",News Headline,software update,positive,2024-04-11
REV101930,The customer service team was super helpful with my mobile app order.,News Headline,mobile app,positive,2024-04-05
REV101931,"Five stars for the restaurant chain, it changed the way I do things. Love it!",News Headline,restaurant chain,positive,2024-10-10
REV101932,"I'm so disappointed with this air purifier, complete waste of money.",Facebook Comment,air purifier,negative,2024-09-24
REV101933,"Received the backpack today, packaging was standard.",Facebook Comment,backpack,neutral,2024-02-01
REV101934,"I'm impressed by how well the electric toothbrush performs, truly outstanding. :)",News Headline,electric toothbrush,positive,2024-04-26
REV101935,"Awful experience with the smartphone case, would not recommend at all.",Facebook Comment,smartphone case,negative,2024-02-27
REV101936,I hate how unreliable this fitness tracker turned out to be.,Product Forum,fitness tracker,negative,2024-10-25
REV101937,"The running shoes meets the basic requirements, nothing more.",Product Forum,running shoes,neutral,2024-05-13
REV101938,This gaming mouse caused nothing but problems since day one.,Product Forum,gaming mouse,negative,2024-09-01
REV101939,"Just unboxed the streaming service, will update this review later.",Facebook Comment,streaming service,neutral,2024-07-04
REV101940,The smartphone case is overpriced for such low quality. Never again.,Twitter/X Post,smartphone case,negative,2024-11-28
REV101941,"I'm impressed by how well the fitness tracker performs, truly outstanding.",News Headline,fitness tracker,positive,2024-12-26
REV101942,The desk lamp stopped working and support was unhelpful.,Amazon Review,desk lamp,negative,2024-02-14
REV101943,"Absolutely love this laptop stand, it exceeded all my expectations! :)",Amazon Review,laptop stand,positive,2024-12-21
REV101944,The coffee maker arrived damaged and customer service ignored me.,Facebook Comment,coffee maker,negative,2024-01-28
REV101945,"I'm impressed by how well the laptop stand performs, truly outstanding. 😊",Amazon Review,laptop stand,positive,2024-04-04
REV101946,The airline is overpriced for such low quality. :(,Amazon Review,airline,negative,2024-09-22
REV101947,Considering whether to keep the subscription plan or exchange it.,News Headline,subscription plan,neutral,2024-11-28
REV101948,"This office chair is fantastic, best purchase I've made all year. :)",Twitter/X Post,office chair,positive,2024-02-15
REV101949,Considering whether to keep the software update or exchange it.,Product Forum,software update,neutral,2024-04-25
REV101950,"Excellent airline, exactly as described and super reliable.",Twitter/X Post,airline,positive,2024-04-01
REV101951,"The running shoes meets the basic requirements, nothing more.",Facebook Comment,running shoes,neutral,2024-08-27
REV101952,"I'm so disappointed with this desk lamp, complete waste of money.!!",Twitter/X Post,desk lamp,negative,2024-07-26
REV101953,"I'm impressed by how well the kitchen blender performs, truly outstanding.",Product Forum,kitchen blender,positive,2024-05-04
REV101954,Here is my honest review of the electric toothbrush after a week of use.,Twitter/X Post,electric toothbrush,neutral,2024-10-18
REV101955,"Excellent water bottle, exactly as described and super reliable.",Amazon Review,water bottle,positive,2024-04-24
REV101956,The customer service team was super helpful with my streaming service order.,Amazon Review,streaming service,positive,2024-08-13
REV101957,The customer support experience arrived quickly and the build quality is amazing. :),Twitter/X Post,customer support experience,positive,2024-11-10
REV101958,Comparing the gaming mouse to similar products on the market now.,Amazon Review,gaming mouse,neutral,2024-07-02
REV101959,"Excellent kitchen blender, exactly as described and super reliable.!!",Amazon Review,kitchen blender,positive,2024-10-12
REV101960,Highly recommend the restaurant chain to anyone looking for quality.,Twitter/X Post,restaurant chain,positive,2024-04-27
REV101961,Here is my honest review of the airline after a week of use.,Facebook Comment,airline,neutral,2024-03-10
REV101962,"Absolutely love this software update, it exceeded all my expectations!",Product Forum,software update,positive,2024-10-28
REV101963,The laptop stand arrived quickly and the build quality is amazing.,Facebook Comment,laptop stand,positive,2024-02-16
REV101964,"The yoga mat works as expected, average performance overall.",News Headline,yoga mat,neutral,2024-05-11
REV101965,The mobile app has some pros and cons worth mentioning.,Product Forum,mobile app,neutral,2024-05-27
REV101966,The delivery service arrived on time and matches the description.,News Headline,delivery service,neutral,2024-05-02
REV101967,"Terrible kitchen blender, broke after just two days of use.",News Headline,kitchen blender,negative,2024-09-24
REV101968,"The backpack is okay, not great but not bad either.",Product Forum,backpack,neutral,2024-07-07
REV101969,"The wireless headphones is okay, not great but not bad either.",Amazon Review,wireless headphones,neutral,2024-06-28
REV101970,"Disappointing streaming service, definitely returning it.!!",News Headline,streaming service,negative,2024-09-04
REV101971,"Awful experience with the desk lamp, would not recommend at all.",Twitter/X Post,desk lamp,negative,2024-01-28
REV101972,The backpack is overpriced for such low quality.,Facebook Comment,backpack,negative,2024-09-15
REV101973,Considering whether to keep the streaming service or exchange it.,News Headline,streaming service,neutral,2024-03-27
REV101974,The software update arrived quickly and the build quality is amazing. 😊,News Headline,software update,positive,2024-05-10
REV101975,The delivery service arrived quickly and the build quality is amazing. :),Product Forum,delivery service,positive,2024-07-04
REV101976,"Very frustrated with the delivery service, it never worked as advertised. :(",Twitter/X Post,delivery service,negative,2024-02-10
REV101977,"I'm impressed by how well the gaming mouse performs, truly outstanding.",Amazon Review,gaming mouse,positive,2024-10-13
REV101978,The customer service team was super helpful with my electric toothbrush order.,Twitter/X Post,electric toothbrush,positive,2024-12-03
REV101979,"Disappointing delivery service, definitely returning it. :(",Amazon Review,delivery service,negative,2024-09-03
REV101980,"The laptop stand works as expected, average performance overall.",Twitter/X Post,laptop stand,neutral,2024-10-16
REV101981,"The gaming mouse works as expected, average performance overall.",News Headline,gaming mouse,neutral,2024-01-23
REV101982,"Worst air purifier I have ever bought, total regret.",News Headline,air purifier,negative,2024-02-19
REV101983,What a wonderful software update! Great value for the price. :),Facebook Comment,software update,positive,2024-11-07
REV101984,I hate how unreliable this coffee maker turned out to be.,Twitter/X Post,coffee maker,negative,2024-11-10
REV101985,"The airline works as expected, average performance overall.",Amazon Review,airline,neutral,2024-02-25
REV101986,"Five stars for the delivery service, it changed the way I do things.",Product Forum,delivery service,positive,2024-08-31
REV101987,Considering whether to keep the laptop stand or exchange it.,Twitter/X Post,laptop stand,neutral,2024-08-22
REV101988,"The electric toothbrush is okay, not great but not bad either.",Twitter/X Post,electric toothbrush,neutral,2024-06-26
REV101989,I hate how unreliable this airline turned out to be.,Amazon Review,airline,negative,2024-07-08
REV101990,"The backpack does what it's supposed to do, nothing special.",Facebook Comment,backpack,neutral,2024-10-22
REV101991,"Excellent yoga mat, exactly as described and super reliable.",News Headline,yoga mat,positive,2024-08-24
REV101992,"I'm so happy with the air purifier, works perfectly and looks great.!!",News Headline,air purifier,positive,2024-11-10
REV101993,What a wonderful mobile app! Great value for the price.,Twitter/X Post,mobile app,positive,2024-01-30
REV101994,"I'm impressed by how well the electric toothbrush performs, truly outstanding.!!",News Headline,electric toothbrush,positive,2024-07-26
REV101995,"Very frustrated with the air purifier, it never worked as advertised.",Product Forum,air purifier,negative,2024-11-12
REV101996,The delivery service stopped working and support was unhelpful.!!,Facebook Comment,delivery service,negative,2024-09-28
REV101997,"Received the gaming mouse today, packaging was standard.",Facebook Comment,gaming mouse,neutral,2024-09-09
REV101998,"I'm so happy with the mobile app, works perfectly and looks great. 😊",News Headline,mobile app,positive,2024-01-07
REV101999,Highly recommend the kitchen blender to anyone looking for quality. :),Facebook Comment,kitchen blender,positive,2024-11-06
REV102000,"Terrible yoga mat, broke after just two days of use. Never again.",Twitter/X Post,yoga mat,negative,2024-08-15
REV102001,I hate how unreliable this smartphone case turned out to be.,Amazon Review,smartphone case,negative,2024-08-07
REV102002,Great coffee maker! My whole family loves it.,Facebook Comment,coffee maker,positive,2024-06-19
REV102003,"I'm impressed by how well the smartphone case performs, truly outstanding.",Twitter/X Post,smartphone case,positive,2024-11-02
REV102004,"I bought the backpack last week, still testing it out.",Amazon Review,backpack,neutral,2024-06-11
REV102005,What a wonderful backpack! Great value for the price.,Facebook Comment,backpack,positive,2024-08-05
REV102006,"The running shoes works as expected, average performance overall.",Facebook Comment,running shoes,neutral,2024-10-14
REV102007,"I'm so disappointed with this laptop stand, complete waste of money. 😡",Product Forum,laptop stand,negative,2024-04-09
REV102008,"The customer support experience meets the basic requirements, nothing more.",Product Forum,customer support experience,neutral,2024-08-15
REV102009,"This smartphone case is fantastic, best purchase I've made all year.",Product Forum,smartphone case,positive,2024-08-22
REV102010,"The office chair does what it's supposed to do, nothing special.",Amazon Review,office chair,neutral,2024-08-28
REV102011,"Absolutely love this customer support experience, it exceeded all my expectations!",News Headline,customer support experience,positive,2024-12-27
REV102012,"Just unboxed the restaurant chain, will update this review later.",Product Forum,restaurant chain,neutral,2024-03-16
REV102013,The coffee maker arrived damaged and customer service ignored me.,News Headline,coffee maker,negative,2024-12-24
REV102014,"Absolutely love this electric toothbrush, it exceeded all my expectations!",Twitter/X Post,electric toothbrush,positive,2024-10-09
REV102015,"Absolutely love this customer support experience, it exceeded all my expectations! Love it!",Amazon Review,customer support experience,positive,2024-07-20
REV102016,"The running shoes does what it's supposed to do, nothing special.",Twitter/X Post,running shoes,neutral,2024-09-15
REV102017,Great electric toothbrush! My whole family loves it. :),Twitter/X Post,electric toothbrush,positive,2024-04-17
REV102018,"This running shoes is fantastic, best purchase I've made all year.",Amazon Review,running shoes,positive,2024-12-15
REV102019,Considering whether to keep the streaming service or exchange it.,Twitter/X Post,streaming service,neutral,2024-01-20
REV102020,The air purifier arrived on time and matches the description.,Product Forum,air purifier,neutral,2024-04-30
REV102021,Here is my honest review of the airline after a week of use.,Product Forum,airline,neutral,2024-01-27
REV102022,Great bluetooth speaker! My whole family loves it.,News Headline,bluetooth speaker,positive,2024-10-09
REV102023,The yoga mat stopped working and support was unhelpful. :(,News Headline,yoga mat,negative,2024-11-11
REV102024,"The gaming mouse meets the basic requirements, nothing more.",Product Forum,gaming mouse,neutral,2024-11-24
REV102025,"The fitness tracker meets the basic requirements, nothing more.",Amazon Review,fitness tracker,neutral,2024-12-14
REV102026,What a wonderful subscription plan! Great value for the price.,Facebook Comment,subscription plan,positive,2024-04-24
REV102027,"Excellent yoga mat, exactly as described and super reliable. :)",Twitter/X Post,yoga mat,positive,2024-04-08
REV102028,Here is my honest review of the coffee maker after a week of use.,News Headline,coffee maker,neutral,2024-12-14
REV102029,"Terrible office chair, broke after just two days of use.!!",Amazon Review,office chair,negative,2024-07-20
REV102030,This wireless headphones is poorly made and feels cheap.,Twitter/X Post,wireless headphones,negative,2024-01-25
REV102031,"This delivery service is fantastic, best purchase I've made all year.",Twitter/X Post,delivery service,positive,2024-01-18
REV102032,"The water bottle works as expected, average performance overall.",Twitter/X Post,water bottle,neutral,2024-01-19
REV102033,The customer service team was super helpful with my subscription plan order.,Twitter/X Post,subscription plan,positive,2024-12-26
REV102034,"Awful experience with the smartphone case, would not recommend at all.",Facebook Comment,smartphone case,negative,2024-09-13
REV102035,The coffee maker arrived damaged and customer service ignored me.!!,Twitter/X Post,coffee maker,negative,2024-06-01
REV102036,"I'm so disappointed with this smartphone case, complete waste of money.",Amazon Review,smartphone case,negative,2024-02-06
REV102037,Comparing the mobile app to similar products on the market now.,Facebook Comment,mobile app,neutral,2024-02-06
REV102038,Here is my honest review of the backpack after a week of use.,Twitter/X Post,backpack,neutral,2024-11-17
REV102039,"Received the office chair today, packaging was standard.",Product Forum,office chair,neutral,2024-05-31
REV102040,"The delivery service meets the basic requirements, nothing more.",Twitter/X Post,delivery service,neutral,2024-06-01
REV102041,"Very frustrated with the streaming service, it never worked as advertised.",Twitter/X Post,streaming service,negative,2024-08-16
REV102042,Here is my honest review of the electric toothbrush after a week of use.,Amazon Review,electric toothbrush,neutral,2024-11-06
REV102043,"I bought the backpack last week, still testing it out.",Facebook Comment,backpack,neutral,2024-02-27
REV102044,"I'm impressed by how well the electric toothbrush performs, truly outstanding.",Product Forum,electric toothbrush,positive,2024-09-08
REV102045,"Disappointing fitness tracker, definitely returning it.",News Headline,fitness tracker,negative,2024-08-15
REV102046,"This laptop stand is a game changer, I use it every single day.!!",Amazon Review,laptop stand,positive,2024-12-04
REV102047,The coffee maker arrived on time and matches the description.,Product Forum,coffee maker,neutral,2024-06-02
REV102048,The water bottle arrived on time and matches the description.,Product Forum,water bottle,neutral,2024-02-09
REV102049,Highly recommend the kitchen blender to anyone looking for quality.,Amazon Review,kitchen blender,positive,2024-01-10
REV102050,The desk lamp arrived damaged and customer service ignored me.,News Headline,desk lamp,negative,2024-01-27
REV102051,"The delivery service is okay, not great but not bad either.",Product Forum,delivery service,neutral,2024-01-13
REV102052,"Terrible fitness tracker, broke after just two days of use.",Product Forum,fitness tracker,negative,2024-04-03
REV102053,The smartphone case has some pros and cons worth mentioning.,News Headline,smartphone case,neutral,2024-05-10
REV102054,"I bought the streaming service last week, still testing it out.",News Headline,streaming service,neutral,2024-02-17
REV102055,What a wonderful mobile app! Great value for the price. 😊,Twitter/X Post,mobile app,positive,2024-03-29
REV102056,The bluetooth speaker has some pros and cons worth mentioning.,Amazon Review,bluetooth speaker,neutral,2024-05-08
REV102057,The mobile app has some pros and cons worth mentioning.,Product Forum,mobile app,neutral,2024-06-10
REV102058,"The gaming mouse meets the basic requirements, nothing more.",Amazon Review,gaming mouse,neutral,2024-07-12
REV102059,The gaming mouse arrived quickly and the build quality is amazing.,Product Forum,gaming mouse,positive,2024-12-05
REV102060,"The water bottle works as expected, average performance overall.",News Headline,water bottle,neutral,2024-03-12
REV102061,"I bought the coffee maker last week, still testing it out.",Facebook Comment,coffee maker,neutral,2024-09-07
REV102062,"The streaming service meets the basic requirements, nothing more.",Facebook Comment,streaming service,neutral,2024-10-10
REV102063,The customer service team was super helpful with my airline order.,Twitter/X Post,airline,positive,2024-11-07
REV102064,"I'm impressed by how well the running shoes performs, truly outstanding.",Amazon Review,running shoes,positive,2024-03-16
REV102065,What a wonderful office chair! Great value for the price.,Facebook Comment,office chair,positive,2024-10-28
REV102066,This wireless headphones caused nothing but problems since day one.,Product Forum,wireless headphones,negative,2024-01-01
REV102067,"Five stars for the fitness tracker, it changed the way I do things.",Facebook Comment,fitness tracker,positive,2024-11-15
REV102068,"I bought the electric toothbrush last week, still testing it out.",News Headline,electric toothbrush,neutral,2024-01-31
REV102069,"Received the software update today, packaging was standard.",Facebook Comment,software update,neutral,2024-01-19
REV102070,The laptop stand arrived damaged and customer service ignored me.,Facebook Comment,laptop stand,negative,2024-09-14
REV102071,The desk lamp arrived damaged and customer service ignored me. 😡,Amazon Review,desk lamp,negative,2024-04-14
REV102072,"Excellent gaming mouse, exactly as described and super reliable.",News Headline,gaming mouse,positive,2024-06-27
REV102073,The yoga mat is overpriced for such low quality.,Facebook Comment,yoga mat,negative,2024-10-24
REV102074,The customer service team was super helpful with my bluetooth speaker order.,News Headline,bluetooth speaker,positive,2024-11-18
REV102075,I hate how unreliable this coffee maker turned out to be. 😡,Product Forum,coffee maker,negative,2024-04-20
REV102076,The streaming service has some pros and cons worth mentioning.,Facebook Comment,streaming service,neutral,2024-01-16
REV102077,"The running shoes is okay, not great but not bad either.",News Headline,running shoes,neutral,2024-08-21
REV102078,The software update has some pros and cons worth mentioning.,Product Forum,software update,neutral,2024-06-26
REV102079,The customer service team was super helpful with my smartphone case order.,News Headline,smartphone case,positive,2024-11-10
REV102080,The smartphone case stopped working and support was unhelpful.,News Headline,smartphone case,negative,2024-11-20
REV102081,"Excellent backpack, exactly as described and super reliable.",Product Forum,backpack,positive,2024-05-11
REV102082,"The restaurant chain works as expected, average performance overall.",News Headline,restaurant chain,neutral,2024-10-10
REV102083,"I bought the streaming service last week, still testing it out.",Product Forum,streaming service,neutral,2024-11-19
REV102084,"The kitchen blender meets the basic requirements, nothing more.",Amazon Review,kitchen blender,neutral,2024-06-08
REV102085,"Five stars for the electric toothbrush, it changed the way I do things. Love it!",Facebook Comment,electric toothbrush,positive,2024-09-14
REV102086,The coffee maker is overpriced for such low quality.,Facebook Comment,coffee maker,negative,2024-03-26
REV102087,The customer service team was super helpful with my mobile app order. Love it!,Twitter/X Post,mobile app,positive,2024-12-21
REV102088,"I bought the running shoes last week, still testing it out.",Product Forum,running shoes,neutral,2024-05-29
REV102089,"I'm so disappointed with this mobile app, complete waste of money.",News Headline,mobile app,negative,2024-01-26
REV102090,"Just unboxed the kitchen blender, will update this review later.",Twitter/X Post,kitchen blender,neutral,2024-03-12
REV102091,"This software update is fantastic, best purchase I've made all year. Love it!",News Headline,software update,positive,2024-05-30
REV102092,"The coffee maker works as expected, average performance overall.",Facebook Comment,coffee maker,neutral,2024-06-17
REV102093,Comparing the smartphone case to similar products on the market now.,Twitter/X Post,smartphone case,neutral,2024-12-17
REV102094,"Very frustrated with the smartphone case, it never worked as advertised. 😡",Amazon Review,smartphone case,negative,2024-02-02
REV102095,The kitchen blender arrived damaged and customer service ignored me. Never again.,Facebook Comment,kitchen blender,negative,2024-12-20
REV102096,Comparing the smartphone case to similar products on the market now.,Twitter/X Post,smartphone case,neutral,2024-10-04
REV102097,"Worst coffee maker I have ever bought, total regret.",Product Forum,coffee maker,negative,2024-04-03
REV102098,The water bottle arrived damaged and customer service ignored me.,News Headline,water bottle,negative,2024-06-18
REV102099,The coffee maker is overpriced for such low quality.,News Headline,coffee maker,negative,2024-10-21
REV102100,The electric toothbrush arrived damaged and customer service ignored me.,News Headline,electric toothbrush,negative,2024-07-23
REV102101,This airline is poorly made and feels cheap.!!,Facebook Comment,airline,negative,2024-05-22
REV102102,The customer support experience stopped working and support was unhelpful. :(,News Headline,customer support experience,negative,2024-12-21
REV102103,Great bluetooth speaker! My whole family loves it.,Amazon Review,bluetooth speaker,positive,2024-05-04
REV102104,I hate how unreliable this bluetooth speaker turned out to be.!!,Twitter/X Post,bluetooth speaker,negative,2024-08-06
REV102105,"I'm so disappointed with this desk lamp, complete waste of money.",Product Forum,desk lamp,negative,2024-12-03
REV102106,This laptop stand is poorly made and feels cheap.,Facebook Comment,laptop stand,negative,2024-01-23
REV102107,"Terrible bluetooth speaker, broke after just two days of use.",Facebook Comment,bluetooth speaker,negative,2024-01-05
REV102108,"Worst fitness tracker I have ever bought, total regret.!!",News Headline,fitness tracker,negative,2024-01-16
REV102109,"Received the streaming service today, packaging was standard.",News Headline,streaming service,neutral,2024-02-26
REV102110,"Five stars for the water bottle, it changed the way I do things. :)",Product Forum,water bottle,positive,2024-01-20
REV102111,"Just unboxed the fitness tracker, will update this review later.",Twitter/X Post,fitness tracker,neutral,2024-09-28
REV102112,"Excellent subscription plan, exactly as described and super reliable.",News Headline,subscription plan,positive,2024-08-02
REV102113,"Terrible delivery service, broke after just two days of use.",Twitter/X Post,delivery service,negative,2024-06-01
REV102114,"Received the yoga mat today, packaging was standard.",News Headline,yoga mat,neutral,2024-10-21
REV102115,This air purifier is poorly made and feels cheap. 😡,News Headline,air purifier,negative,2024-05-02
REV102116,"This laptop stand is fantastic, best purchase I've made all year. :)",Facebook Comment,laptop stand,positive,2024-01-24
REV102117,The customer service team was super helpful with my fitness tracker order. :),Facebook Comment,fitness tracker,positive,2024-11-09
REV102118,"I'm so happy with the yoga mat, works perfectly and looks great.",News Headline,yoga mat,positive,2024-04-09
REV102119,"I'm impressed by how well the streaming service performs, truly outstanding.",Product Forum,streaming service,positive,2024-07-08
REV102120,What a wonderful laptop stand! Great value for the price.,Twitter/X Post,laptop stand,positive,2024-03-15
REV102121,The yoga mat is overpriced for such low quality.,Product Forum,yoga mat,negative,2024-10-17
REV102122,Great mobile app! My whole family loves it.,Twitter/X Post,mobile app,positive,2024-05-04
REV102123,This customer support experience is poorly made and feels cheap.,Product Forum,customer support experience,negative,2024-03-22
REV102124,This airline is poorly made and feels cheap.,Product Forum,airline,negative,2024-07-15
REV102125,This coffee maker is poorly made and feels cheap.,Twitter/X Post,coffee maker,negative,2024-04-06
REV102126,"Worst yoga mat I have ever bought, total regret.",Product Forum,yoga mat,negative,2024-05-27
REV102127,"I'm so happy with the laptop stand, works perfectly and looks great. :)",Facebook Comment,laptop stand,positive,2024-09-13
REV102128,This customer support experience is poorly made and feels cheap.,Product Forum,customer support experience,negative,2024-09-02
REV102129,Highly recommend the streaming service to anyone looking for quality.,Facebook Comment,streaming service,positive,2024-09-28
REV102130,"This bluetooth speaker is fantastic, best purchase I've made all year.",Amazon Review,bluetooth speaker,positive,2024-11-23
REV102131,"Absolutely love this air purifier, it exceeded all my expectations!",Twitter/X Post,air purifier,positive,2024-08-27
REV102132,The subscription plan arrived on time and matches the description.,Amazon Review,subscription plan,neutral,2024-02-06
REV102133,This air purifier is poorly made and feels cheap.,Facebook Comment,air purifier,negative,2024-06-28
REV102134,"Terrible customer support experience, broke after just two days of use.",Twitter/X Post,customer support experience,negative,2024-05-11
REV102135,"The desk lamp is okay, not great but not bad either.",News Headline,desk lamp,neutral,2024-01-28
REV102136,"This air purifier is a game changer, I use it every single day. Love it!",Facebook Comment,air purifier,positive,2024-02-26
REV102137,"I'm impressed by how well the bluetooth speaker performs, truly outstanding.",Product Forum,bluetooth speaker,positive,2024-02-18
REV102138,"Five stars for the office chair, it changed the way I do things. :)",Facebook Comment,office chair,positive,2024-06-16
REV102139,"The fitness tracker is okay, not great but not bad either.",News Headline,fitness tracker,neutral,2024-09-15
REV102140,"Excellent backpack, exactly as described and super reliable.",News Headline,backpack,positive,2024-09-19
REV102141,The yoga mat arrived on time and matches the description.,Product Forum,yoga mat,neutral,2024-08-06
REV102142,Highly recommend the fitness tracker to anyone looking for quality.,Facebook Comment,fitness tracker,positive,2024-11-02
REV102143,The air purifier arrived quickly and the build quality is amazing.,News Headline,air purifier,positive,2024-07-22
REV102144,"Received the mobile app today, packaging was standard.",Product Forum,mobile app,neutral,2024-04-02
REV102145,"Disappointing delivery service, definitely returning it.",Facebook Comment,delivery service,negative,2024-07-30
REV102146,The water bottle arrived damaged and customer service ignored me.!!,Amazon Review,water bottle,negative,2024-04-22
REV102147,"Disappointing kitchen blender, definitely returning it.!!",Facebook Comment,kitchen blender,negative,2024-01-23
REV102148,"This mobile app is fantastic, best purchase I've made all year. Love it!",Amazon Review,mobile app,positive,2024-12-31
REV102149,"Awful experience with the water bottle, would not recommend at all.",Amazon Review,water bottle,negative,2024-02-14
REV102150,Here is my honest review of the mobile app after a week of use.,Twitter/X Post,mobile app,neutral,2024-12-31
REV102151,"This software update is a game changer, I use it every single day.",News Headline,software update,positive,2024-08-03
REV102152,Considering whether to keep the electric toothbrush or exchange it.,Facebook Comment,electric toothbrush,neutral,2024-12-21
REV102153,"The restaurant chain works as expected, average performance overall.",Twitter/X Post,restaurant chain,neutral,2024-07-24
REV102154,"Just unboxed the restaurant chain, will update this review later.",Product Forum,restaurant chain,neutral,2024-02-02
REV102155,Highly recommend the airline to anyone looking for quality.,News Headline,airline,positive,2024-10-27
REV102156,"Excellent mobile app, exactly as described and super reliable.",Facebook Comment,mobile app,positive,2024-05-01
REV102157,The running shoes arrived damaged and customer service ignored me. :(,News Headline,running shoes,negative,2024-06-09
REV102158,What a wonderful restaurant chain! Great value for the price.,Amazon Review,restaurant chain,positive,2024-12-11
REV102159,This laptop stand is poorly made and feels cheap.,Product Forum,laptop stand,negative,2024-07-17
REV102160,"I bought the wireless headphones last week, still testing it out.",Facebook Comment,wireless headphones,neutral,2024-04-11
REV102161,The restaurant chain arrived quickly and the build quality is amazing. :),Twitter/X Post,restaurant chain,positive,2024-01-23
REV102162,"The software update does what it's supposed to do, nothing special.",Facebook Comment,software update,neutral,2024-09-07
REV102163,"The air purifier does what it's supposed to do, nothing special.",News Headline,air purifier,neutral,2024-06-03
REV102164,"I'm impressed by how well the air purifier performs, truly outstanding.",Amazon Review,air purifier,positive,2024-06-07
REV102165,Highly recommend the streaming service to anyone looking for quality.,News Headline,streaming service,positive,2024-05-07
REV102166,Great office chair! My whole family loves it.,Amazon Review,office chair,positive,2024-03-15
REV102167,"Disappointing office chair, definitely returning it.",Product Forum,office chair,negative,2024-07-06
REV102168,"The coffee maker does what it's supposed to do, nothing special.",Twitter/X Post,coffee maker,neutral,2024-07-12
REV102169,The customer service team was super helpful with my running shoes order.,News Headline,running shoes,positive,2024-01-02
REV102170,"I bought the software update last week, still testing it out.",Amazon Review,software update,neutral,2024-08-28
REV102171,"I'm impressed by how well the fitness tracker performs, truly outstanding.",News Headline,fitness tracker,positive,2024-11-27
REV102172,The delivery service stopped working and support was unhelpful.,Facebook Comment,delivery service,negative,2024-05-21
REV102173,"Disappointing delivery service, definitely returning it.",Amazon Review,delivery service,negative,2024-04-02
REV102174,"Terrible office chair, broke after just two days of use.",News Headline,office chair,negative,2024-06-23
REV102175,This gaming mouse caused nothing but problems since day one. :(,Amazon Review,gaming mouse,negative,2024-02-02
REV102176,"Absolutely love this running shoes, it exceeded all my expectations!",Product Forum,running shoes,positive,2024-07-29
REV102177,"Excellent customer support experience, exactly as described and super reliable.!!",Twitter/X Post,customer support experience,positive,2024-05-24
REV102178,"Received the software update today, packaging was standard.",Twitter/X Post,software update,neutral,2024-09-30
REV102179,"Five stars for the wireless headphones, it changed the way I do things.",News Headline,wireless headphones,positive,2024-03-12
REV102180,Here is my honest review of the desk lamp after a week of use.,Amazon Review,desk lamp,neutral,2024-08-22
REV102181,Great delivery service! My whole family loves it.,News Headline,delivery service,positive,2024-01-25
REV102182,"Just unboxed the desk lamp, will update this review later.",Facebook Comment,desk lamp,neutral,2024-05-12
REV102183,Highly recommend the water bottle to anyone looking for quality.,Product Forum,water bottle,positive,2024-08-06
REV102184,This backpack is poorly made and feels cheap.,Facebook Comment,backpack,negative,2024-07-01
REV102185,This gaming mouse is poorly made and feels cheap.,Product Forum,gaming mouse,negative,2024-07-02
REV102186,"Received the airline today, packaging was standard.",Twitter/X Post,airline,neutral,2024-11-10
REV102187,What a wonderful kitchen blender! Great value for the price.,Product Forum,kitchen blender,positive,2024-11-05
REV102188,"I bought the desk lamp last week, still testing it out.",Twitter/X Post,desk lamp,neutral,2024-04-12
REV102189,"Absolutely love this water bottle, it exceeded all my expectations!",Product Forum,water bottle,positive,2024-03-09
REV102190,"Just unboxed the water bottle, will update this review later.",Facebook Comment,water bottle,neutral,2024-03-09
REV102191,"The streaming service meets the basic requirements, nothing more.",Product Forum,streaming service,neutral,2024-05-17
REV102192,"Just unboxed the coffee maker, will update this review later.",Amazon Review,coffee maker,neutral,2024-05-29
REV102193,"Excellent delivery service, exactly as described and super reliable.",News Headline,delivery service,positive,2024-02-16
REV102194,"The wireless headphones meets the basic requirements, nothing more.",Amazon Review,wireless headphones,neutral,2024-10-25
REV102195,"Excellent smartphone case, exactly as described and super reliable.!!",News Headline,smartphone case,positive,2024-07-21
REV102196,This laptop stand is poorly made and feels cheap.!!,Twitter/X Post,laptop stand,negative,2024-02-28
REV102197,The restaurant chain has some pros and cons worth mentioning.,Amazon Review,restaurant chain,neutral,2024-10-15
REV102198,The customer service team was super helpful with my gaming mouse order.,Twitter/X Post,gaming mouse,positive,2024-02-25
REV102199,The wireless headphones arrived damaged and customer service ignored me.,News Headline,wireless headphones,negative,2024-08-05
REV102200,Comparing the water bottle to similar products on the market now.,Product Forum,water bottle,neutral,2024-07-03
REV102201,What a wonderful customer support experience! Great value for the price. Love it!,News Headline,customer support experience,positive,2024-12-11
REV102202,The desk lamp arrived damaged and customer service ignored me. Never again.,Product Forum,desk lamp,negative,2024-09-14
REV102203,The customer service team was super helpful with my delivery service order. :),Product Forum,delivery service,positive,2024-09-04
REV102204,"Very frustrated with the wireless headphones, it never worked as advertised.",Amazon Review,wireless headphones,negative,2024-12-18
REV102205,Here is my honest review of the running shoes after a week of use.,Facebook Comment,running shoes,neutral,2024-06-20
REV102206,"I bought the gaming mouse last week, still testing it out.",Facebook Comment,gaming mouse,neutral,2024-11-14
REV102207,I hate how unreliable this coffee maker turned out to be.,Product Forum,coffee maker,negative,2024-02-18
REV102208,What a wonderful running shoes! Great value for the price.!!,News Headline,running shoes,positive,2024-12-25
REV102209,"I bought the delivery service last week, still testing it out.",Twitter/X Post,delivery service,neutral,2024-02-18
REV102210,This desk lamp caused nothing but problems since day one.!!,Amazon Review,desk lamp,negative,2024-03-07
REV102211,"This delivery service is fantastic, best purchase I've made all year.",Amazon Review,delivery service,positive,2024-05-20
REV102212,Here is my honest review of the electric toothbrush after a week of use.,Facebook Comment,electric toothbrush,neutral,2024-10-06
REV102213,The gaming mouse arrived quickly and the build quality is amazing.,Amazon Review,gaming mouse,positive,2024-08-14
REV102214,"Terrible airline, broke after just two days of use. Never again.",News Headline,airline,negative,2024-04-09
REV102215,Comparing the wireless headphones to similar products on the market now.,Amazon Review,wireless headphones,neutral,2024-02-16
REV102216,Highly recommend the airline to anyone looking for quality.,Facebook Comment,airline,positive,2024-09-15
REV102217,The streaming service arrived quickly and the build quality is amazing. :),News Headline,streaming service,positive,2024-07-13
REV102218,The air purifier stopped working and support was unhelpful.,Twitter/X Post,air purifier,negative,2024-11-17
REV102219,This bluetooth speaker caused nothing but problems since day one.,Facebook Comment,bluetooth speaker,negative,2024-05-27
REV102220,Great backpack! My whole family loves it. :),Amazon Review,backpack,positive,2024-08-12
REV102221,"I'm impressed by how well the electric toothbrush performs, truly outstanding. Love it!",News Headline,electric toothbrush,positive,2024-03-13
REV102222,The electric toothbrush is overpriced for such low quality.,News Headline,electric toothbrush,negative,2024-10-14
REV102223,"Awful experience with the water bottle, would not recommend at all.",Facebook Comment,water bottle,negative,2024-01-15
REV102224,"I bought the coffee maker last week, still testing it out.",News Headline,coffee maker,neutral,2024-06-04
REV102225,"This laptop stand is fantastic, best purchase I've made all year.",Product Forum,laptop stand,positive,2024-06-11
REV102226,This airline caused nothing but problems since day one. :(,Amazon Review,airline,negative,2024-07-20
REV102227,"Very frustrated with the water bottle, it never worked as advertised.",Twitter/X Post,water bottle,negative,2024-04-06
REV102228,"Disappointing airline, definitely returning it. :(",Amazon Review,airline,negative,2024-04-22
REV102229,Comparing the water bottle to similar products on the market now.,Twitter/X Post,water bottle,neutral,2024-11-06
REV102230,I hate how unreliable this kitchen blender turned out to be.,News Headline,kitchen blender,negative,2024-05-29
REV102231,"The delivery service meets the basic requirements, nothing more.",Facebook Comment,delivery service,neutral,2024-02-24
REV102232,"Absolutely love this kitchen blender, it exceeded all my expectations!",Facebook Comment,kitchen blender,positive,2024-08-01
REV102233,Here is my honest review of the fitness tracker after a week of use.,Twitter/X Post,fitness tracker,neutral,2024-09-03
REV102234,The laptop stand arrived on time and matches the description.,Amazon Review,laptop stand,neutral,2024-07-16
REV102235,The software update is overpriced for such low quality.,Twitter/X Post,software update,negative,2024-04-03
REV102236,"Five stars for the electric toothbrush, it changed the way I do things. 😊",Product Forum,electric toothbrush,positive,2024-02-01
REV102237,This gaming mouse caused nothing but problems since day one. Never again.,Amazon Review,gaming mouse,negative,2024-10-06
REV102238,Great yoga mat! My whole family loves it. 😊,Product Forum,yoga mat,positive,2024-04-16
REV102239,The airline is overpriced for such low quality.,Facebook Comment,airline,negative,2024-08-14
REV102240,"The streaming service meets the basic requirements, nothing more.",Twitter/X Post,streaming service,neutral,2024-12-14
REV102241,"This streaming service is a game changer, I use it every single day. Love it!",Facebook Comment,streaming service,positive,2024-07-04
REV102242,What a wonderful office chair! Great value for the price.,Facebook Comment,office chair,positive,2024-10-06
REV102243,Great coffee maker! My whole family loves it.,Product Forum,coffee maker,positive,2024-04-20
REV102244,I hate how unreliable this smartphone case turned out to be.,News Headline,smartphone case,negative,2024-10-08
REV102245,"Just unboxed the customer support experience, will update this review later.",Amazon Review,customer support experience,neutral,2024-02-25
REV102246,"I'm so disappointed with this electric toothbrush, complete waste of money.",Facebook Comment,electric toothbrush,negative,2024-03-04
REV102247,"The streaming service is okay, not great but not bad either.",Product Forum,streaming service,neutral,2024-12-02
REV102248,"Received the running shoes today, packaging was standard.",Twitter/X Post,running shoes,neutral,2024-01-13
REV102249,The coffee maker is overpriced for such low quality.,Facebook Comment,coffee maker,negative,2024-05-12
REV102250,"I'm so disappointed with this water bottle, complete waste of money.",News Headline,water bottle,negative,2024-06-04
REV102251,I hate how unreliable this kitchen blender turned out to be.!!,Product Forum,kitchen blender,negative,2024-11-24
REV102252,What a wonderful customer support experience! Great value for the price. 😊,Amazon Review,customer support experience,positive,2024-05-04
REV102253,"I'm so disappointed with this running shoes, complete waste of money.",News Headline,running shoes,negative,2024-10-28
REV102254,The delivery service is overpriced for such low quality.!!,News Headline,delivery service,negative,2024-01-13
REV102255,"Received the coffee maker today, packaging was standard.",Product Forum,coffee maker,neutral,2024-03-28
REV102256,Great delivery service! My whole family loves it.,News Headline,delivery service,positive,2024-11-21
REV102257,The water bottle stopped working and support was unhelpful.,News Headline,water bottle,negative,2024-11-03
REV102258,"I'm impressed by how well the coffee maker performs, truly outstanding.",Twitter/X Post,coffee maker,positive,2024-07-29
REV102259,"The yoga mat works as expected, average performance overall.",Product Forum,yoga mat,neutral,2024-04-02
REV102260,"This wireless headphones is a game changer, I use it every single day.",Facebook Comment,wireless headphones,positive,2024-05-29
REV102261,The running shoes is overpriced for such low quality.,Product Forum,running shoes,negative,2024-09-02
REV102262,What a wonderful software update! Great value for the price.,Facebook Comment,software update,positive,2024-07-18
REV102263,"Very frustrated with the office chair, it never worked as advertised.",Amazon Review,office chair,negative,2024-07-13
REV102264,"Excellent subscription plan, exactly as described and super reliable.",Twitter/X Post,subscription plan,positive,2024-10-24
REV102265,Highly recommend the streaming service to anyone looking for quality.,Product Forum,streaming service,positive,2024-02-04
REV102266,"Just unboxed the gaming mouse, will update this review later.",Amazon Review,gaming mouse,neutral,2024-11-13
REV102267,"Terrible fitness tracker, broke after just two days of use.",Twitter/X Post,fitness tracker,negative,2024-01-27
REV102268,"This smartphone case is a game changer, I use it every single day.",Twitter/X Post,smartphone case,positive,2024-03-27
REV102269,I hate how unreliable this delivery service turned out to be.,Facebook Comment,delivery service,negative,2024-09-12
REV102270,"Received the gaming mouse today, packaging was standard.",Amazon Review,gaming mouse,neutral,2024-04-18
REV102271,"Awful experience with the kitchen blender, would not recommend at all.!!",Twitter/X Post,kitchen blender,negative,2024-05-24
REV102272,"Just unboxed the electric toothbrush, will update this review later.",Product Forum,electric toothbrush,neutral,2024-01-02
REV102273,"Awful experience with the electric toothbrush, would not recommend at all.",News Headline,electric toothbrush,negative,2024-06-11
REV102274,"Awful experience with the laptop stand, would not recommend at all.",Facebook Comment,laptop stand,negative,2024-05-07
REV102275,"The delivery service works as expected, average performance overall.",News Headline,delivery service,neutral,2024-02-15
REV102276,"Excellent streaming service, exactly as described and super reliable.",Amazon Review,streaming service,positive,2024-10-31
REV102277,The customer service team was super helpful with my electric toothbrush order.,News Headline,electric toothbrush,positive,2024-11-28
REV102278,The backpack arrived on time and matches the description.,Facebook Comment,backpack,neutral,2024-03-29
REV102279,The laptop stand stopped working and support was unhelpful.,Amazon Review,laptop stand,negative,2024-05-28
REV102280,Considering whether to keep the software update or exchange it.,Amazon Review,software update,neutral,2024-09-15
REV102281,I hate how unreliable this kitchen blender turned out to be.,,kitchen blender,negative,2024-12-31
REV102282,The running shoes stopped working and support was unhelpful. 😡,Product Forum,running shoes,negative,2024-06-12
REV102283,The wireless headphones arrived damaged and customer service ignored me.,Twitter/X Post,wireless headphones,negative,2024-05-11
REV102284,"This air purifier is fantastic, best purchase I've made all year.",Amazon Review,air purifier,positive,2024-11-13
REV102285,"I'm impressed by how well the bluetooth speaker performs, truly outstanding.",Facebook Comment,bluetooth speaker,positive,2024-12-11
REV102286,The streaming service is overpriced for such low quality.,Product Forum,streaming service,negative,2024-10-16
REV102287,"The bluetooth speaker meets the basic requirements, nothing more.",News Headline,bluetooth speaker,neutral,2024-01-25
REV102288,"Terrible streaming service, broke after just two days of use.!!",Twitter/X Post,streaming service,negative,2024-08-10
REV102289,The air purifier is overpriced for such low quality.,Twitter/X Post,air purifier,negative,2024-03-12
REV102290,The kitchen blender arrived on time and matches the description.,News Headline,kitchen blender,neutral,2024-04-17
REV102291,"This software update is fantastic, best purchase I've made all year.",News Headline,software update,positive,2024-01-26
REV102292,"I'm so happy with the fitness tracker, works perfectly and looks great.",Amazon Review,fitness tracker,positive,2024-02-29
REV102293,Great restaurant chain! My whole family loves it.,Product Forum,restaurant chain,positive,2024-07-08
REV102294,The software update arrived on time and matches the description.,Twitter/X Post,software update,neutral,2024-01-12
REV102295,The smartphone case arrived on time and matches the description.,Facebook Comment,smartphone case,neutral,2024-08-23
REV102296,"This bluetooth speaker is fantastic, best purchase I've made all year.",Product Forum,bluetooth speaker,positive,2024-02-07
REV102297,"Worst fitness tracker I have ever bought, total regret.!!",News Headline,fitness tracker,negative,2024-01-14
REV102298,"The water bottle does what it's supposed to do, nothing special.",Twitter/X Post,water bottle,neutral,2024-08-02
REV102299,"Absolutely love this yoga mat, it exceeded all my expectations! 😊",News Headline,yoga mat,positive,2024-07-07
REV102300,"I'm impressed by how well the electric toothbrush performs, truly outstanding.",News Headline,electric toothbrush,positive,2024-01-22
REV102301,This electric toothbrush caused nothing but problems since day one. :(,Product Forum,electric toothbrush,negative,2024-02-03
REV102302,I hate how unreliable this backpack turned out to be. Never again.,Twitter/X Post,backpack,negative,2024-10-17
REV102303,Great bluetooth speaker! My whole family loves it. Love it!,Facebook Comment,bluetooth speaker,positive,2024-02-07
REV102304,Here is my honest review of the restaurant chain after a week of use.,Twitter/X Post,restaurant chain,neutral,2024-01-10
REV102305,"I'm so disappointed with this subscription plan, complete waste of money.",Twitter/X Post,subscription plan,negative,2024-07-28
REV102306,"Received the delivery service today, packaging was standard.",News Headline,delivery service,neutral,2024-11-09
REV102307,"The running shoes does what it's supposed to do, nothing special.",Amazon Review,running shoes,neutral,2024-12-18
REV102308,The restaurant chain arrived quickly and the build quality is amazing.,Amazon Review,restaurant chain,positive,2024-01-03
REV102309,"Worst bluetooth speaker I have ever bought, total regret.",Amazon Review,bluetooth speaker,negative,2024-10-30
REV102310,"This streaming service is a game changer, I use it every single day.",Facebook Comment,streaming service,positive,2024-10-24
REV102311,The subscription plan arrived on time and matches the description.,Product Forum,subscription plan,neutral,2024-10-27
REV102312,The kitchen blender is overpriced for such low quality.,Facebook Comment,kitchen blender,negative,2024-10-17
REV102313,"I'm so happy with the gaming mouse, works perfectly and looks great.",News Headline,gaming mouse,positive,2024-02-17
REV102314,"Worst gaming mouse I have ever bought, total regret.",Amazon Review,gaming mouse,negative,2024-10-22
REV102315,"The airline meets the basic requirements, nothing more.",Twitter/X Post,airline,neutral,2024-06-14
REV102316,The software update has some pros and cons worth mentioning.,Product Forum,software update,neutral,2024-06-22
REV102317,"I'm so happy with the smartphone case, works perfectly and looks great.",Product Forum,smartphone case,positive,2024-02-29
REV102318,Here is my honest review of the fitness tracker after a week of use.,Facebook Comment,fitness tracker,neutral,2024-12-25
REV102319,"This running shoes is a game changer, I use it every single day. :)",News Headline,running shoes,positive,2024-02-17
REV102320,The gaming mouse arrived quickly and the build quality is amazing.,Amazon Review,gaming mouse,positive,2024-11-18
REV102321,The bluetooth speaker arrived damaged and customer service ignored me.,Product Forum,bluetooth speaker,negative,2024-10-31
REV102322,Highly recommend the coffee maker to anyone looking for quality.,News Headline,coffee maker,positive,2024-08-05
REV102323,The gaming mouse has some pros and cons worth mentioning.,News Headline,gaming mouse,neutral,2024-08-08
REV102324,The laptop stand arrived quickly and the build quality is amazing.,News Headline,laptop stand,positive,2024-08-05
REV102325,"Awful experience with the software update, would not recommend at all. Never again.",Facebook Comment,software update,negative,2024-05-13
REV102326,The air purifier has some pros and cons worth mentioning.,Facebook Comment,air purifier,neutral,2024-12-28
REV102327,"I'm so disappointed with this water bottle, complete waste of money. 😡",News Headline,water bottle,negative,2024-12-09
REV102328,"I'm so disappointed with this office chair, complete waste of money.",Twitter/X Post,office chair,negative,2024-07-08
REV102329,This laptop stand is poorly made and feels cheap.,Amazon Review,laptop stand,negative,2024-03-27
REV102330,"I'm impressed by how well the airline performs, truly outstanding.",Facebook Comment,airline,positive,2024-04-16
REV102331,"Awful experience with the bluetooth speaker, would not recommend at all.",Amazon Review,bluetooth speaker,negative,2024-12-03
REV102332,"I'm so happy with the delivery service, works perfectly and looks great.",News Headline,delivery service,positive,2024-08-01
REV102333,The air purifier arrived on time and matches the description.,Twitter/X Post,air purifier,neutral,2024-07-15
REV102334,The delivery service arrived on time and matches the description.,Facebook Comment,delivery service,neutral,2024-11-30
REV102335,Considering whether to keep the backpack or exchange it.,Amazon Review,backpack,neutral,2024-01-25
REV102336,"I'm impressed by how well the desk lamp performs, truly outstanding. :)",News Headline,desk lamp,positive,2024-06-10
REV102337,"I'm impressed by how well the subscription plan performs, truly outstanding.",Product Forum,subscription plan,positive,2024-08-04
REV102338,Highly recommend the running shoes to anyone looking for quality. :),Product Forum,running shoes,positive,2024-07-05
REV102339,The mobile app is overpriced for such low quality.,Facebook Comment,mobile app,negative,2024-05-09
REV102340,The customer service team was super helpful with my kitchen blender order.,Product Forum,kitchen blender,positive,2024-05-28
REV102341,"The restaurant chain is okay, not great but not bad either.",Twitter/X Post,restaurant chain,neutral,2024-01-03
REV102342,This gaming mouse is poorly made and feels cheap.,Facebook Comment,gaming mouse,negative,2024-08-30
REV102343,This electric toothbrush is poorly made and feels cheap.,Facebook Comment,electric toothbrush,negative,2024-07-23
REV102344,The wireless headphones arrived quickly and the build quality is amazing.,Amazon Review,wireless headphones,positive,2024-11-28
REV102345,"Worst water bottle I have ever bought, total regret.",Facebook Comment,water bottle,negative,2024-12-03
REV102346,"Absolutely love this delivery service, it exceeded all my expectations!",Product Forum,delivery service,positive,2024-12-25
REV102347,The laptop stand is overpriced for such low quality.,Amazon Review,laptop stand,negative,2024-09-01
REV102348,"This software update is fantastic, best purchase I've made all year. 😊",Product Forum,software update,positive,2024-08-09
REV102349,"The running shoes is okay, not great but not bad either.",Facebook Comment,running shoes,neutral,2024-10-21
REV102350,Highly recommend the yoga mat to anyone looking for quality.,Twitter/X Post,yoga mat,positive,2024-03-26
REV102351,"This electric toothbrush is fantastic, best purchase I've made all year.",News Headline,electric toothbrush,positive,2024-09-15
REV102352,"The subscription plan is okay, not great but not bad either.",Twitter/X Post,subscription plan,neutral,2024-10-10
REV102353,I hate how unreliable this laptop stand turned out to be.,Amazon Review,laptop stand,negative,2024-01-26
REV102354,Comparing the gaming mouse to similar products on the market now.,Twitter/X Post,gaming mouse,neutral,2024-11-15
REV102355,This kitchen blender caused nothing but problems since day one. :(,Amazon Review,kitchen blender,negative,2024-01-01
REV102356,The delivery service stopped working and support was unhelpful.!!,Twitter/X Post,delivery service,negative,2024-10-03
REV102357,"Awful experience with the backpack, would not recommend at all. Never again.",News Headline,backpack,negative,2024-06-11
REV102358,The coffee maker stopped working and support was unhelpful. 😡,News Headline,coffee maker,negative,2024-11-14
REV102359,"The kitchen blender works as expected, average performance overall.",Amazon Review,kitchen blender,neutral,2024-07-07
REV102360,Here is my honest review of the office chair after a week of use.,Product Forum,office chair,neutral,2024-11-17
REV102361,"Disappointing wireless headphones, definitely returning it. 😡",Amazon Review,wireless headphones,negative,2024-08-06
REV102362,Considering whether to keep the kitchen blender or exchange it.,Product Forum,kitchen blender,neutral,2024-04-27
REV102363,"I bought the electric toothbrush last week, still testing it out.",News Headline,electric toothbrush,neutral,2024-07-15
REV102364,"The wireless headphones is okay, not great but not bad either.",Twitter/X Post,wireless headphones,neutral,2024-12-07
REV102365,The desk lamp arrived quickly and the build quality is amazing.,Amazon Review,desk lamp,positive,2024-08-27
REV102366,Highly recommend the running shoes to anyone looking for quality.,News Headline,running shoes,positive,2024-03-23
REV102367,"Disappointing gaming mouse, definitely returning it.",News Headline,gaming mouse,negative,2024-03-26
REV102368,"I bought the kitchen blender last week, still testing it out.",Amazon Review,kitchen blender,neutral,2024-07-26
REV102369,The water bottle arrived on time and matches the description.,Amazon Review,water bottle,neutral,2024-04-17
REV102370,"The gaming mouse works as expected, average performance overall.",Product Forum,gaming mouse,neutral,2024-12-01
REV102371,"Awful experience with the water bottle, would not recommend at all.",Twitter/X Post,water bottle,negative,2024-03-26
REV102372,Comparing the fitness tracker to similar products on the market now.,Product Forum,fitness tracker,neutral,2024-10-24
REV102373,"This air purifier is a game changer, I use it every single day.",Facebook Comment,air purifier,positive,2024-05-10
REV102374,I hate how unreliable this yoga mat turned out to be.,Product Forum,yoga mat,negative,2024-05-30
REV102375,"Disappointing subscription plan, definitely returning it.",Product Forum,subscription plan,negative,2024-12-15
REV102376,This restaurant chain is poorly made and feels cheap.,Product Forum,restaurant chain,negative,2024-06-10
REV102377,The coffee maker has some pros and cons worth mentioning.,Product Forum,coffee maker,neutral,2024-11-30
REV102378,"The bluetooth speaker is okay, not great but not bad either.",Amazon Review,bluetooth speaker,neutral,2024-02-24
REV102379,The restaurant chain arrived quickly and the build quality is amazing.,Facebook Comment,restaurant chain,positive,2024-11-11
REV102380,"The software update is okay, not great but not bad either.",Facebook Comment,software update,neutral,2024-05-09
REV102381,"I'm so happy with the bluetooth speaker, works perfectly and looks great.",Facebook Comment,bluetooth speaker,positive,2024-06-16
REV102382,The airline arrived on time and matches the description.,Product Forum,airline,neutral,2024-06-17
REV102383,"The bluetooth speaker does what it's supposed to do, nothing special.",Twitter/X Post,bluetooth speaker,neutral,2024-04-28
REV102384,"The mobile app works as expected, average performance overall.",News Headline,mobile app,neutral,2024-12-03
REV102385,"Excellent air purifier, exactly as described and super reliable.",Amazon Review,air purifier,positive,2024-09-25
REV102386,Highly recommend the running shoes to anyone looking for quality.,Twitter/X Post,running shoes,positive,2024-02-14
REV102387,I hate how unreliable this subscription plan turned out to be.,Product Forum,subscription plan,negative,2024-04-24
REV102388,"I bought the desk lamp last week, still testing it out.",Facebook Comment,desk lamp,neutral,2024-03-28
REV102389,"Just unboxed the fitness tracker, will update this review later.",Facebook Comment,fitness tracker,neutral,2024-05-03
REV102390,"The software update is okay, not great but not bad either.",Product Forum,software update,neutral,2024-08-07
REV102391,The wireless headphones arrived damaged and customer service ignored me.,Product Forum,wireless headphones,negative,2024-07-26
REV102392,"Just unboxed the coffee maker, will update this review later.",Facebook Comment,coffee maker,neutral,2024-01-27
REV102393,I hate how unreliable this coffee maker turned out to be.,Facebook Comment,coffee maker,negative,2024-06-22
REV102394,"This smartphone case is fantastic, best purchase I've made all year.",Twitter/X Post,smartphone case,positive,2024-12-13
REV102395,This gaming mouse is poorly made and feels cheap.,Product Forum,gaming mouse,negative,2024-06-29
REV102396,"Five stars for the coffee maker, it changed the way I do things.",Product Forum,coffee maker,positive,2024-09-03
REV102397,The airline is overpriced for such low quality.,Amazon Review,airline,negative,2024-06-24
REV102398,"Received the running shoes today, packaging was standard.",News Headline,running shoes,neutral,2024-09-24
REV102399,This restaurant chain caused nothing but problems since day one.,Twitter/X Post,restaurant chain,negative,2024-01-19
REV102400,The fitness tracker has some pros and cons worth mentioning.,Product Forum,fitness tracker,neutral,2024-02-17
REV102401,"Absolutely love this smartphone case, it exceeded all my expectations!",News Headline,smartphone case,positive,2024-04-22
REV102402,"The laptop stand does what it's supposed to do, nothing special.",News Headline,laptop stand,neutral,2024-03-31
REV102403,"This office chair is a game changer, I use it every single day.",Facebook Comment,office chair,positive,2024-07-19
REV102404,"The software update meets the basic requirements, nothing more.",Product Forum,software update,neutral,2024-02-15
REV102405,Highly recommend the electric toothbrush to anyone looking for quality. 😊,Amazon Review,electric toothbrush,positive,2024-08-30
REV102406,"The water bottle does what it's supposed to do, nothing special.",Product Forum,water bottle,neutral,2024-12-01
REV102407,Considering whether to keep the streaming service or exchange it.,Facebook Comment,streaming service,neutral,2024-02-20
REV102408,"This delivery service is fantastic, best purchase I've made all year.",Twitter/X Post,delivery service,positive,2024-09-29
REV102409,"I'm impressed by how well the software update performs, truly outstanding.",Product Forum,software update,positive,2024-09-21
REV102410,"Awful experience with the restaurant chain, would not recommend at all.!!",Product Forum,restaurant chain,negative,2024-06-17
REV102411,"Terrible office chair, broke after just two days of use. 😡",Amazon Review,office chair,negative,2024-01-08
REV102412,"Worst laptop stand I have ever bought, total regret.!!",Amazon Review,laptop stand,negative,2024-04-09
REV102413,This office chair is poorly made and feels cheap.,Twitter/X Post,office chair,negative,2024-11-21
REV102414,"Awful experience with the running shoes, would not recommend at all.",Facebook Comment,running shoes,negative,2024-05-30
REV102415,The customer service team was super helpful with my coffee maker order.,Product Forum,coffee maker,positive,2024-11-08
REV102416,The smartphone case is overpriced for such low quality. :(,News Headline,smartphone case,negative,2024-07-16
REV102417,Comparing the desk lamp to similar products on the market now.,Facebook Comment,desk lamp,neutral,2024-09-09
REV102418,"Very frustrated with the customer support experience, it never worked as advertised.",Product Forum,customer support experience,negative,2024-02-18
REV102419,"Excellent laptop stand, exactly as described and super reliable.",News Headline,laptop stand,positive,2024-05-17
REV102420,"Terrible bluetooth speaker, broke after just two days of use.",Facebook Comment,bluetooth speaker,negative,2024-08-15
REV102421,"I'm so disappointed with this bluetooth speaker, complete waste of money.",Twitter/X Post,bluetooth speaker,negative,2024-12-22
REV102422,The customer support experience arrived on time and matches the description.,News Headline,customer support experience,neutral,2024-10-11
REV102423,The subscription plan is overpriced for such low quality. Never again.,Facebook Comment,subscription plan,negative,2024-05-18
REV102424,The gaming mouse arrived on time and matches the description.,Twitter/X Post,gaming mouse,neutral,2024-08-19
REV102425,The electric toothbrush arrived on time and matches the description.,News Headline,electric toothbrush,neutral,2024-12-05
REV102426,"The coffee maker meets the basic requirements, nothing more.",Product Forum,coffee maker,neutral,2024-09-27
REV102427,The mobile app arrived damaged and customer service ignored me. 😡,Facebook Comment,mobile app,negative,2024-05-16
REV102428,The coffee maker arrived on time and matches the description.,News Headline,coffee maker,neutral,2024-09-03
REV102429,"I'm so disappointed with this wireless headphones, complete waste of money.",Twitter/X Post,wireless headphones,negative,2024-06-05
REV102430,The customer service team was super helpful with my backpack order.,News Headline,backpack,positive,2024-05-14
REV102431,"Terrible streaming service, broke after just two days of use.",Facebook Comment,streaming service,negative,2024-10-16
REV102432,This electric toothbrush caused nothing but problems since day one.,Twitter/X Post,electric toothbrush,negative,2024-05-01
REV102433,The subscription plan arrived quickly and the build quality is amazing.,Facebook Comment,subscription plan,positive,2024-03-14
REV102434,"Just unboxed the wireless headphones, will update this review later.",Amazon Review,wireless headphones,neutral,2024-01-28
REV102435,Highly recommend the streaming service to anyone looking for quality. Love it!,Amazon Review,streaming service,positive,2024-03-05
REV102436,Great office chair! My whole family loves it.,Product Forum,office chair,positive,2024-10-17
REV102437,The delivery service stopped working and support was unhelpful. :(,Twitter/X Post,delivery service,negative,2024-02-20
REV102438,"Absolutely love this subscription plan, it exceeded all my expectations! 😊",News Headline,subscription plan,positive,2024-11-25
REV102439,"Worst subscription plan I have ever bought, total regret.",Product Forum,subscription plan,negative,2024-09-02
REV102440,"I'm so disappointed with this running shoes, complete waste of money.",Facebook Comment,running shoes,negative,2024-09-29
REV102441,Considering whether to keep the wireless headphones or exchange it.,Twitter/X Post,wireless headphones,neutral,2024-03-28
REV102442,"Terrible customer support experience, broke after just two days of use. 😡",Twitter/X Post,customer support experience,negative,2024-08-17
REV102443,"This streaming service is fantastic, best purchase I've made all year.",Product Forum,streaming service,positive,2024-06-23
REV102444,"The delivery service works as expected, average performance overall.",Twitter/X Post,delivery service,neutral,2024-06-07
REV102445,"Awful experience with the desk lamp, would not recommend at all.!!",Twitter/X Post,desk lamp,negative,2024-06-29
REV102446,"This gaming mouse is a game changer, I use it every single day. :)",Facebook Comment,gaming mouse,positive,2024-06-10
REV102447,The restaurant chain is overpriced for such low quality.,Amazon Review,restaurant chain,negative,2024-10-26
REV102448,"The laptop stand meets the basic requirements, nothing more.",News Headline,laptop stand,neutral,2024-05-13
REV102449,The customer support experience arrived quickly and the build quality is amazing. Love it!,News Headline,customer support experience,positive,2024-03-28
REV102450,"The desk lamp does what it's supposed to do, nothing special.",Facebook Comment,desk lamp,neutral,2024-10-09
REV102451,"Excellent yoga mat, exactly as described and super reliable. 😊",Product Forum,yoga mat,positive,2024-10-14
REV102452,This software update caused nothing but problems since day one.,News Headline,software update,negative,2024-02-01
REV102453,"Disappointing running shoes, definitely returning it.",Amazon Review,running shoes,negative,2024-09-02
REV102454,"This desk lamp is fantastic, best purchase I've made all year.",Twitter/X Post,desk lamp,positive,2024-04-20
REV102455,The laptop stand arrived damaged and customer service ignored me.!!,Twitter/X Post,laptop stand,negative,2024-12-18
REV102456,"I'm impressed by how well the customer support experience performs, truly outstanding.",News Headline,customer support experience,positive,2024-08-26
REV102457,This laptop stand is poorly made and feels cheap.,Product Forum,laptop stand,negative,2024-05-19
REV102458,This kitchen blender caused nothing but problems since day one.,Amazon Review,kitchen blender,negative,2024-08-27
REV102459,The streaming service arrived damaged and customer service ignored me.,Product Forum,streaming service,negative,2024-06-27
REV102460,What a wonderful electric toothbrush! Great value for the price.,News Headline,electric toothbrush,positive,2024-06-24
REV102461,"I'm impressed by how well the coffee maker performs, truly outstanding.",Product Forum,coffee maker,positive,2024-03-16
REV102462,"I'm so happy with the water bottle, works perfectly and looks great.",Twitter/X Post,water bottle,positive,2024-12-04
REV102463,I hate how unreliable this customer support experience turned out to be.,Amazon Review,customer support experience,negative,2024-09-14
REV102464,The subscription plan has some pros and cons worth mentioning.,Facebook Comment,subscription plan,neutral,2024-08-31
REV102465,"The air purifier is okay, not great but not bad either.",Product Forum,air purifier,neutral,2024-10-21
REV102466,"This water bottle is a game changer, I use it every single day.",Amazon Review,water bottle,positive,2024-09-16
REV102467,"The delivery service meets the basic requirements, nothing more.",Product Forum,delivery service,neutral,2024-04-25
REV102468,The air purifier has some pros and cons worth mentioning.,Amazon Review,air purifier,neutral,2024-04-02
REV102469,What a wonderful water bottle! Great value for the price.,News Headline,water bottle,positive,2024-04-14
REV102470,"Disappointing software update, definitely returning it.",Facebook Comment,software update,negative,2024-06-09
REV102471,"The water bottle does what it's supposed to do, nothing special.",Twitter/X Post,water bottle,neutral,2024-11-11
REV102472,The desk lamp has some pros and cons worth mentioning.,Facebook Comment,desk lamp,neutral,2024-11-27
REV102473,"This restaurant chain is a game changer, I use it every single day.",Facebook Comment,restaurant chain,positive,2024-02-11
REV102474,The wireless headphones arrived quickly and the build quality is amazing. :),Amazon Review,wireless headphones,positive,2024-12-23
REV102475,The coffee maker stopped working and support was unhelpful. :(,Facebook Comment,coffee maker,negative,2024-09-03
REV102476,The customer service team was super helpful with my electric toothbrush order.,Amazon Review,electric toothbrush,positive,2024-07-11
REV102477,Comparing the fitness tracker to similar products on the market now.,Product Forum,fitness tracker,neutral,2024-03-03
REV102478,"Terrible running shoes, broke after just two days of use.",Product Forum,running shoes,negative,2024-12-22
REV102479,I hate how unreliable this smartphone case turned out to be.,Amazon Review,smartphone case,negative,2024-07-04
REV102480,"Worst yoga mat I have ever bought, total regret.",Product Forum,yoga mat,negative,2024-10-01
REV102481,"Just unboxed the airline, will update this review later.",Amazon Review,airline,neutral,2024-04-24
REV102482,"Just unboxed the gaming mouse, will update this review later.",Amazon Review,gaming mouse,neutral,2024-04-05
REV102483,"The wireless headphones is okay, not great but not bad either.",Twitter/X Post,wireless headphones,neutral,2024-01-07
REV102484,"I'm so happy with the restaurant chain, works perfectly and looks great.",Facebook Comment,restaurant chain,positive,2024-03-18
REV102485,"This gaming mouse is fantastic, best purchase I've made all year. 😊",Amazon Review,gaming mouse,positive,2024-07-13
REV102486,"Just unboxed the streaming service, will update this review later.",Twitter/X Post,streaming service,neutral,2024-05-21
REV102487,"Disappointing gaming mouse, definitely returning it.",Twitter/X Post,gaming mouse,negative,2024-05-24
REV102488,"I'm so disappointed with this laptop stand, complete waste of money.",Facebook Comment,laptop stand,negative,2024-12-18
REV102489,"This office chair is a game changer, I use it every single day.",News Headline,office chair,positive,2024-12-14
REV102490,"Five stars for the software update, it changed the way I do things.!!",Facebook Comment,software update,positive,2024-01-15
REV102491,"I'm impressed by how well the airline performs, truly outstanding. Love it!",Amazon Review,airline,positive,2024-09-16
REV102492,"Awful experience with the gaming mouse, would not recommend at all.",Facebook Comment,gaming mouse,negative,2024-09-09
REV102493,The backpack stopped working and support was unhelpful.,News Headline,backpack,negative,2024-02-08
REV102494,"Absolutely love this electric toothbrush, it exceeded all my expectations!",Product Forum,electric toothbrush,positive,2024-06-22
REV102495,The delivery service has some pros and cons worth mentioning.,Twitter/X Post,delivery service,neutral,2024-10-08
REV102496,"I'm impressed by how well the restaurant chain performs, truly outstanding.",Product Forum,restaurant chain,positive,2024-06-14
REV102497,What a wonderful wireless headphones! Great value for the price.,Facebook Comment,wireless headphones,positive,2024-10-11
REV102498,Considering whether to keep the subscription plan or exchange it.,News Headline,subscription plan,neutral,2024-05-10
REV102499,What a wonderful restaurant chain! Great value for the price.,Facebook Comment,restaurant chain,positive,2024-05-16
REV102500,The desk lamp arrived on time and matches the description.,Facebook Comment,desk lamp,neutral,2024-10-27
REV102501,"Excellent bluetooth speaker, exactly as described and super reliable.",News Headline,bluetooth speaker,positive,2024-07-13
REV102502,"This delivery service is a game changer, I use it every single day.",Twitter/X Post,delivery service,positive,2024-02-26
REV102503,"I'm so happy with the office chair, works perfectly and looks great.",News Headline,office chair,positive,2024-09-23
REV102504,The gaming mouse has some pros and cons worth mentioning.,Facebook Comment,gaming mouse,neutral,2024-09-03
REV102505,This desk lamp is poorly made and feels cheap.,Amazon Review,desk lamp,negative,2024-07-26
REV102506,"The gaming mouse works as expected, average performance overall.",Facebook Comment,gaming mouse,neutral,2024-05-22
REV102507,I hate how unreliable this software update turned out to be. Never again.,Facebook Comment,software update,negative,2024-09-16
REV102508,The software update arrived quickly and the build quality is amazing.,Amazon Review,software update,positive,2024-10-17
REV102509,The yoga mat has some pros and cons worth mentioning.,Product Forum,yoga mat,neutral,2024-05-24
REV102510,"Very frustrated with the streaming service, it never worked as advertised.",Twitter/X Post,streaming service,negative,2024-08-31
REV102511,Considering whether to keep the mobile app or exchange it.,Facebook Comment,mobile app,neutral,2024-05-05
REV102512,The subscription plan stopped working and support was unhelpful.!!,Product Forum,subscription plan,negative,2024-01-26
REV102513,"Disappointing desk lamp, definitely returning it.",Product Forum,desk lamp,negative,2024-07-15
REV102514,Considering whether to keep the kitchen blender or exchange it.,Twitter/X Post,kitchen blender,neutral,2024-08-21
REV102515,The kitchen blender arrived on time and matches the description.,Product Forum,kitchen blender,neutral,2024-12-05
REV102516,"I bought the streaming service last week, still testing it out.",Amazon Review,streaming service,neutral,2024-01-17
REV102517,"Very frustrated with the airline, it never worked as advertised.",Product Forum,airline,negative,2024-12-08
REV102518,What a wonderful airline! Great value for the price.,Amazon Review,airline,positive,2024-11-24
REV102519,The customer support experience arrived quickly and the build quality is amazing.,Amazon Review,customer support experience,positive,2024-07-25
REV102520,"Absolutely love this office chair, it exceeded all my expectations!",Amazon Review,office chair,positive,2024-12-28
REV102521,Considering whether to keep the electric toothbrush or exchange it.,Product Forum,electric toothbrush,neutral,2024-03-25
REV102522,"Worst airline I have ever bought, total regret.!!",Facebook Comment,airline,negative,2024-10-19
REV102523,"I bought the office chair last week, still testing it out.",Twitter/X Post,office chair,neutral,2024-02-19
REV102524,Highly recommend the water bottle to anyone looking for quality.,Twitter/X Post,water bottle,positive,2024-12-17
REV102525,The desk lamp arrived damaged and customer service ignored me.!!,Facebook Comment,desk lamp,negative,2024-07-09
REV102526,The yoga mat arrived on time and matches the description.,News Headline,yoga mat,neutral,2024-04-23
REV102527,"Disappointing restaurant chain, definitely returning it.!!",Twitter/X Post,restaurant chain,negative,2024-12-19
REV102528,"Disappointing bluetooth speaker, definitely returning it.",Twitter/X Post,bluetooth speaker,negative,2024-11-19
REV102529,Considering whether to keep the customer support experience or exchange it.,Facebook Comment,customer support experience,neutral,2024-06-26
REV102530,Here is my honest review of the streaming service after a week of use.,Product Forum,streaming service,neutral,2024-05-12
REV102531,"Awful experience with the gaming mouse, would not recommend at all.!!",News Headline,gaming mouse,negative,2024-03-25
REV102532,"The electric toothbrush does what it's supposed to do, nothing special.",Twitter/X Post,electric toothbrush,neutral,2024-10-26
REV102533,"The electric toothbrush is okay, not great but not bad either.",Product Forum,electric toothbrush,neutral,2024-11-09
REV102534,Highly recommend the office chair to anyone looking for quality.,Facebook Comment,office chair,positive,2024-11-22
REV102535,The electric toothbrush has some pros and cons worth mentioning.,Twitter/X Post,electric toothbrush,neutral,2024-04-17
REV102536,"Terrible wireless headphones, broke after just two days of use.",Facebook Comment,wireless headphones,negative,2024-04-11
REV102537,Great water bottle! My whole family loves it. 😊,Product Forum,water bottle,positive,2024-06-03
REV102538,"Very frustrated with the fitness tracker, it never worked as advertised.",Amazon Review,fitness tracker,negative,2024-07-15
REV102539,"Awful experience with the desk lamp, would not recommend at all. 😡",Amazon Review,desk lamp,negative,2024-11-19
REV102540,"I'm so disappointed with this smartphone case, complete waste of money. :(",Facebook Comment,smartphone case,negative,2024-09-23
REV102541,"Excellent software update, exactly as described and super reliable.",Twitter/X Post,software update,positive,2024-05-30
REV102542,Considering whether to keep the laptop stand or exchange it.,Product Forum,laptop stand,neutral,2024-09-21
REV102543,"Disappointing wireless headphones, definitely returning it.",Product Forum,wireless headphones,negative,2024-08-27
REV102544,The software update is overpriced for such low quality. :(,News Headline,software update,negative,2024-05-28
REV102545,The wireless headphones arrived on time and matches the description.,Product Forum,wireless headphones,neutral,2024-06-19
REV102546,"I bought the office chair last week, still testing it out.",News Headline,office chair,neutral,2024-11-03
REV102547,"This customer support experience is fantastic, best purchase I've made all year.",Product Forum,customer support experience,positive,2024-01-21
REV102548,The customer service team was super helpful with my kitchen blender order.,Facebook Comment,kitchen blender,positive,2024-01-20
REV102549,The electric toothbrush is overpriced for such low quality.,Product Forum,electric toothbrush,negative,2024-12-01
REV102550,"I'm impressed by how well the smartphone case performs, truly outstanding. 😊",Product Forum,smartphone case,positive,2024-04-02
REV102551,The electric toothbrush is overpriced for such low quality.,Product Forum,electric toothbrush,negative,2024-01-05
REV102552,"I'm impressed by how well the streaming service performs, truly outstanding.",Amazon Review,streaming service,positive,2024-03-09
REV102553,"This coffee maker is a game changer, I use it every single day.!!",Facebook Comment,coffee maker,positive,2024-02-05
REV102554,The customer support experience arrived damaged and customer service ignored me.!!,Amazon Review,customer support experience,negative,2024-06-22
REV102555,"Disappointing air purifier, definitely returning it.",Twitter/X Post,air purifier,negative,2024-03-21
REV102556,What a wonderful coffee maker! Great value for the price. Love it!,Amazon Review,coffee maker,positive,2024-10-17
REV102557,The software update stopped working and support was unhelpful.!!,Product Forum,software update,negative,2024-11-22
REV102558,"The kitchen blender does what it's supposed to do, nothing special.",Twitter/X Post,kitchen blender,neutral,2024-05-13
REV102559,"Worst smartphone case I have ever bought, total regret. 😡",News Headline,smartphone case,negative,2024-07-18
REV102560,Comparing the smartphone case to similar products on the market now.,Product Forum,smartphone case,neutral,2024-12-11
REV102561,The gaming mouse arrived quickly and the build quality is amazing.,Twitter/X Post,gaming mouse,positive,2024-11-12
REV102562,I hate how unreliable this desk lamp turned out to be.!!,Facebook Comment,desk lamp,negative,2024-04-20
REV102563,"Excellent air purifier, exactly as described and super reliable.",Amazon Review,air purifier,positive,2024-03-08
REV102564,"The customer support experience meets the basic requirements, nothing more.",Amazon Review,customer support experience,neutral,2024-01-03
REV102565,"Excellent laptop stand, exactly as described and super reliable.",News Headline,laptop stand,positive,2024-11-22
REV102566,"Terrible air purifier, broke after just two days of use.",News Headline,air purifier,negative,2024-02-27
REV102567,"I'm so happy with the airline, works perfectly and looks great.",Amazon Review,airline,positive,2024-02-05
REV102568,"I bought the streaming service last week, still testing it out.",Product Forum,streaming service,neutral,2024-09-26
REV102569,"Terrible desk lamp, broke after just two days of use. :(",Facebook Comment,desk lamp,negative,2024-10-13
REV102570,Great bluetooth speaker! My whole family loves it.,Twitter/X Post,bluetooth speaker,positive,2024-03-19
REV102571,"Terrible desk lamp, broke after just two days of use.",News Headline,desk lamp,negative,2024-06-27
REV102572,"This restaurant chain is fantastic, best purchase I've made all year.",News Headline,restaurant chain,positive,2024-04-12
REV102573,"Terrible airline, broke after just two days of use.",Product Forum,airline,negative,2024-04-19
REV102574,"The streaming service meets the basic requirements, nothing more.",Facebook Comment,streaming service,neutral,2024-08-02
REV102575,"Terrible coffee maker, broke after just two days of use.",Product Forum,coffee maker,negative,2024-10-08
REV102576,"Five stars for the office chair, it changed the way I do things.",Facebook Comment,office chair,positive,2024-03-30
REV102577,"The airline does what it's supposed to do, nothing special.",Amazon Review,airline,neutral,2024-12-12
REV102578,This streaming service caused nothing but problems since day one. :(,News Headline,streaming service,negative,2024-10-23
REV102579,"Just unboxed the coffee maker, will update this review later.",Product Forum,coffee maker,neutral,2024-03-29
REV102580,The laptop stand arrived on time and matches the description.,Twitter/X Post,laptop stand,neutral,2024-07-16
REV102581,The bluetooth speaker is overpriced for such low quality.,Amazon Review,bluetooth speaker,negative,2024-05-22
REV102582,"I bought the fitness tracker last week, still testing it out.",Product Forum,fitness tracker,neutral,2024-07-06
REV102583,"The delivery service works as expected, average performance overall.",Amazon Review,delivery service,neutral,2024-07-28
REV102584,Great office chair! My whole family loves it.,Amazon Review,office chair,positive,2024-10-26
REV102585,The customer service team was super helpful with my office chair order.,Product Forum,office chair,positive,2024-04-11
REV102586,The subscription plan has some pros and cons worth mentioning.,Facebook Comment,subscription plan,neutral,2024-01-07
REV102587,"Terrible fitness tracker, broke after just two days of use.",Facebook Comment,fitness tracker,negative,2024-07-13
REV102588,"I'm impressed by how well the laptop stand performs, truly outstanding.",Twitter/X Post,laptop stand,positive,2024-04-14
REV102589,This wireless headphones is poorly made and feels cheap. Never again.,Facebook Comment,wireless headphones,negative,2024-04-28
REV102590,"Awful experience with the water bottle, would not recommend at all.",Amazon Review,water bottle,negative,2024-03-07
REV102591,"Just unboxed the wireless headphones, will update this review later.",Twitter/X Post,wireless headphones,neutral,2024-10-10
REV102592,"I bought the kitchen blender last week, still testing it out.",Twitter/X Post,kitchen blender,neutral,2024-12-26
REV102593,"I'm impressed by how well the backpack performs, truly outstanding. Love it!",Twitter/X Post,backpack,positive,2024-11-23
REV102594,"I bought the office chair last week, still testing it out.",Product Forum,office chair,neutral,2024-06-29
REV102595,"The running shoes works as expected, average performance overall.",Amazon Review,running shoes,neutral,2024-05-06
REV102596,The water bottle arrived damaged and customer service ignored me. :(,News Headline,water bottle,negative,2024-03-20
REV102597,"The restaurant chain meets the basic requirements, nothing more.",News Headline,restaurant chain,neutral,2024-08-24
REV102598,"I'm so disappointed with this wireless headphones, complete waste of money.",Product Forum,wireless headphones,negative,2024-05-12
REV102599,This restaurant chain caused nothing but problems since day one.,Twitter/X Post,restaurant chain,negative,2024-05-12
REV102600,The backpack arrived on time and matches the description.,News Headline,backpack,neutral,2024-08-12
REV102601,Comparing the kitchen blender to similar products on the market now.,Facebook Comment,kitchen blender,neutral,2024-01-29
REV102602,Here is my honest review of the airline after a week of use.,Twitter/X Post,airline,neutral,2024-01-03
REV102603,"This office chair is a game changer, I use it every single day.!!",News Headline,office chair,positive,2024-08-08
REV102604,The wireless headphones has some pros and cons worth mentioning.,Twitter/X Post,wireless headphones,neutral,2024-08-31
REV102605,"I'm impressed by how well the bluetooth speaker performs, truly outstanding. 😊",Product Forum,bluetooth speaker,positive,2024-06-28
REV102606,"The backpack works as expected, average performance overall.",Product Forum,backpack,neutral,2024-03-31
REV102607,"The wireless headphones is okay, not great but not bad either.",Amazon Review,wireless headphones,neutral,2024-09-08
REV102608,"This coffee maker is fantastic, best purchase I've made all year. 😊",Product Forum,coffee maker,positive,2024-09-16
REV102609,"The water bottle meets the basic requirements, nothing more.",Amazon Review,water bottle,neutral,2024-02-11
REV102610,I hate how unreliable this gaming mouse turned out to be.,Product Forum,gaming mouse,negative,2024-12-01
REV102611,This laptop stand is poorly made and feels cheap. 😡,Amazon Review,laptop stand,negative,2024-04-18
REV102612,"I bought the fitness tracker last week, still testing it out.",Twitter/X Post,fitness tracker,neutral,2024-11-27
REV102613,"Received the running shoes today, packaging was standard.",Product Forum,running shoes,neutral,2024-04-13
REV102614,"Received the water bottle today, packaging was standard.",Twitter/X Post,water bottle,neutral,2024-05-31
REV102615,The desk lamp stopped working and support was unhelpful. :(,Product Forum,desk lamp,negative,2024-12-25
REV102616,The running shoes arrived on time and matches the description.,Amazon Review,running shoes,neutral,2024-11-04
REV102617,"Received the running shoes today, packaging was standard.",News Headline,running shoes,neutral,2024-01-20
REV102618,What a wonderful laptop stand! Great value for the price.,Twitter/X Post,laptop stand,positive,2024-03-29
REV102619,"This customer support experience is fantastic, best purchase I've made all year.!!",News Headline,customer support experience,positive,2024-06-21
REV102620,"The bluetooth speaker works as expected, average performance overall.",Amazon Review,bluetooth speaker,neutral,2024-12-22
REV102621,The backpack stopped working and support was unhelpful. :(,Twitter/X Post,backpack,negative,2024-10-11
REV102622,The software update has some pros and cons worth mentioning.,Facebook Comment,software update,neutral,2024-12-18
REV102623,Considering whether to keep the airline or exchange it.,Product Forum,airline,neutral,2024-01-21
REV102624,This office chair is poorly made and feels cheap.,News Headline,office chair,negative,2024-08-24
REV102625,"I'm so disappointed with this software update, complete waste of money.",Twitter/X Post,software update,negative,2024-12-21
REV102626,Here is my honest review of the coffee maker after a week of use.,News Headline,coffee maker,neutral,2024-09-16
REV102627,The water bottle has some pros and cons worth mentioning.,Twitter/X Post,water bottle,neutral,2024-11-29
REV102628,"Very frustrated with the subscription plan, it never worked as advertised. :(",Product Forum,subscription plan,negative,2024-10-29
REV102629,The kitchen blender has some pros and cons worth mentioning.,News Headline,kitchen blender,neutral,2024-05-06
REV102630,"I'm impressed by how well the kitchen blender performs, truly outstanding.",Facebook Comment,kitchen blender,positive,2024-05-11
REV102631,I hate how unreliable this mobile app turned out to be.,News Headline,mobile app,negative,2024-09-19
REV102632,"Absolutely love this fitness tracker, it exceeded all my expectations!",Product Forum,fitness tracker,positive,2024-01-21
REV102633,I hate how unreliable this office chair turned out to be. 😡,Amazon Review,office chair,negative,2024-10-03
REV102634,"Just unboxed the yoga mat, will update this review later.",Amazon Review,yoga mat,neutral,2024-04-10
REV102635,What a wonderful mobile app! Great value for the price.,Amazon Review,mobile app,positive,2024-08-31
REV102636,Highly recommend the water bottle to anyone looking for quality.,News Headline,water bottle,positive,2024-04-13
REV102637,This desk lamp is poorly made and feels cheap.,Product Forum,desk lamp,negative,2024-09-03
REV102638,"Worst fitness tracker I have ever bought, total regret. Never again.",Twitter/X Post,fitness tracker,negative,2024-09-05
REV102639,"Just unboxed the streaming service, will update this review later.",Facebook Comment,streaming service,neutral,2024-11-08
REV102640,"Very frustrated with the streaming service, it never worked as advertised.",Product Forum,streaming service,negative,2024-06-02
REV102641,Comparing the delivery service to similar products on the market now.,Facebook Comment,delivery service,neutral,2024-03-13
REV102642,"I'm impressed by how well the delivery service performs, truly outstanding.",Facebook Comment,delivery service,positive,2024-02-07
REV102643,Considering whether to keep the gaming mouse or exchange it.,Amazon Review,gaming mouse,neutral,2024-08-18
REV102644,"Absolutely love this delivery service, it exceeded all my expectations!",Amazon Review,delivery service,positive,2024-08-13
REV102645,"Received the airline today, packaging was standard.",Facebook Comment,airline,neutral,2024-10-06
REV102646,The office chair has some pros and cons worth mentioning.,Twitter/X Post,office chair,neutral,2024-12-21
REV102647,"I'm so happy with the restaurant chain, works perfectly and looks great.",News Headline,restaurant chain,positive,2024-03-13
REV102648,Considering whether to keep the desk lamp or exchange it.,Twitter/X Post,desk lamp,neutral,2024-10-02
REV102649,"I'm so happy with the electric toothbrush, works perfectly and looks great.",News Headline,electric toothbrush,positive,2024-11-17
REV102650,"Worst air purifier I have ever bought, total regret.",News Headline,air purifier,negative,2024-02-10
REV102651,"I bought the air purifier last week, still testing it out.",Amazon Review,air purifier,neutral,2024-09-17
REV102652,The yoga mat stopped working and support was unhelpful. Never again.,News Headline,yoga mat,negative,2024-06-27
REV102653,This wireless headphones caused nothing but problems since day one.!!,News Headline,wireless headphones,negative,2024-11-16
REV102654,"The wireless headphones is okay, not great but not bad either.",News Headline,wireless headphones,neutral,2024-11-18
REV102655,"I'm so disappointed with this airline, complete waste of money. Never again.",Twitter/X Post,airline,negative,2024-07-31
REV102656,"The bluetooth speaker meets the basic requirements, nothing more.",Amazon Review,bluetooth speaker,neutral,2024-07-01
REV102657,"Awful experience with the office chair, would not recommend at all. Never again.",News Headline,office chair,negative,2024-01-04
REV102658,"Disappointing air purifier, definitely returning it. Never again.",Amazon Review,air purifier,negative,2024-08-30
REV102659,This mobile app is poorly made and feels cheap.,Facebook Comment,mobile app,negative,2024-12-04
REV102660,   ,Amazon Review,coffee maker,positive,2024-03-17
REV102661,"The backpack is okay, not great but not bad either.",Product Forum,backpack,neutral,2024-12-09
REV102662,I hate how unreliable this smartphone case turned out to be.,News Headline,smartphone case,negative,2024-08-20
REV102663,The smartphone case has some pros and cons worth mentioning.,Amazon Review,smartphone case,neutral,2024-06-01
REV102664,Great water bottle! My whole family loves it.,Twitter/X Post,water bottle,positive,2024-01-24
REV102665,Here is my honest review of the air purifier after a week of use.,Twitter/X Post,air purifier,neutral,2024-07-10
REV102666,"Five stars for the fitness tracker, it changed the way I do things. 😊",News Headline,fitness tracker,positive,2024-08-25
REV102667,"Absolutely love this office chair, it exceeded all my expectations!",Twitter/X Post,office chair,positive,2024-06-05
REV102668,The wireless headphones arrived damaged and customer service ignored me.,Amazon Review,wireless headphones,negative,2024-01-26
REV102669,"Excellent running shoes, exactly as described and super reliable.",Facebook Comment,running shoes,positive,2024-03-11
REV102670,"I bought the mobile app last week, still testing it out.",Facebook Comment,mobile app,neutral,2024-09-03
REV102671,"Excellent backpack, exactly as described and super reliable.",Product Forum,backpack,positive,2024-02-13
REV102672,"I'm so happy with the desk lamp, works perfectly and looks great.",Twitter/X Post,desk lamp,positive,2024-03-01
REV102673,"Very frustrated with the airline, it never worked as advertised.",Twitter/X Post,airline,negative,2024-09-09
REV102674,"Received the bluetooth speaker today, packaging was standard.",Amazon Review,bluetooth speaker,neutral,2024-10-01
REV102675,The bluetooth speaker arrived damaged and customer service ignored me.,Product Forum,bluetooth speaker,negative,2024-10-07
REV102676,What a wonderful gaming mouse! Great value for the price.,Amazon Review,gaming mouse,positive,2024-11-24
REV102677,The customer service team was super helpful with my electric toothbrush order. :),Facebook Comment,electric toothbrush,positive,2024-10-25
REV102678,Comparing the subscription plan to similar products on the market now.,Amazon Review,subscription plan,neutral,2024-12-20
REV102679,"Awful experience with the restaurant chain, would not recommend at all. 😡",Twitter/X Post,restaurant chain,negative,2024-04-24
REV102680,"Received the electric toothbrush today, packaging was standard.",Amazon Review,electric toothbrush,neutral,2024-01-09
REV102681,The yoga mat arrived on time and matches the description.,Facebook Comment,yoga mat,neutral,2024-09-29
REV102682,"I'm so disappointed with this mobile app, complete waste of money.",Amazon Review,mobile app,negative,2024-03-25
REV102683,"Awful experience with the airline, would not recommend at all. :(",Product Forum,airline,negative,2024-03-30
REV102684,The restaurant chain stopped working and support was unhelpful.,Facebook Comment,restaurant chain,negative,2024-12-15
REV102685,The subscription plan arrived damaged and customer service ignored me.!!,News Headline,subscription plan,negative,2024-10-25
REV102686,"This subscription plan is a game changer, I use it every single day. Love it!",News Headline,subscription plan,positive,2024-03-26
REV102687,This air purifier is poorly made and feels cheap.,Amazon Review,air purifier,negative,2024-01-22
REV102688,Here is my honest review of the software update after a week of use.,Amazon Review,software update,neutral,2024-04-04
REV102689,Comparing the laptop stand to similar products on the market now.,Facebook Comment,laptop stand,neutral,2024-11-13
REV102690,Comparing the kitchen blender to similar products on the market now.,Facebook Comment,kitchen blender,neutral,2024-10-06
REV102691,Here is my honest review of the desk lamp after a week of use.,Twitter/X Post,desk lamp,neutral,2024-07-31
REV102692,The yoga mat arrived on time and matches the description.,Facebook Comment,yoga mat,neutral,2024-06-09
REV102693,This delivery service caused nothing but problems since day one.,Facebook Comment,delivery service,negative,2024-10-17
REV102694,"The bluetooth speaker works as expected, average performance overall.",Twitter/X Post,bluetooth speaker,neutral,2024-01-14
REV102695,"Excellent running shoes, exactly as described and super reliable.",Amazon Review,running shoes,positive,2024-09-02
REV102696,The streaming service stopped working and support was unhelpful.,News Headline,streaming service,negative,2024-06-28
REV102697,"I bought the bluetooth speaker last week, still testing it out.",News Headline,bluetooth speaker,neutral,2024-08-14
REV102698,The electric toothbrush arrived quickly and the build quality is amazing.,Amazon Review,electric toothbrush,positive,2024-09-08
REV102699,The water bottle has some pros and cons worth mentioning.,News Headline,water bottle,neutral,2024-06-18
REV102700,Comparing the electric toothbrush to similar products on the market now.,News Headline,electric toothbrush,neutral,2024-11-16
REV102701,"This yoga mat is fantastic, best purchase I've made all year.!!",Amazon Review,yoga mat,positive,2024-10-18
REV102702,This mobile app caused nothing but problems since day one.,Facebook Comment,mobile app,negative,2024-09-15
REV102703,"I'm so disappointed with this running shoes, complete waste of money.",News Headline,running shoes,negative,2024-12-22
REV102704,"The airline is okay, not great but not bad either.",Product Forum,airline,neutral,2024-09-06
REV102705,The fitness tracker is overpriced for such low quality.,News Headline,fitness tracker,negative,2024-12-28
REV102706,"Absolutely love this electric toothbrush, it exceeded all my expectations!",Facebook Comment,electric toothbrush,positive,2024-04-23
REV102707,Comparing the subscription plan to similar products on the market now.,Facebook Comment,subscription plan,neutral,2024-04-17
REV102708,"The yoga mat works as expected, average performance overall.",Amazon Review,yoga mat,neutral,2024-11-21
REV102709,"Just unboxed the customer support experience, will update this review later.",Twitter/X Post,customer support experience,neutral,2024-11-12
REV102710,The backpack arrived quickly and the build quality is amazing. Love it!,Amazon Review,backpack,positive,2024-03-06
REV102711,"Very frustrated with the coffee maker, it never worked as advertised.",Amazon Review,coffee maker,negative,2024-12-19
REV102712,The customer service team was super helpful with my coffee maker order.,News Headline,coffee maker,positive,2024-08-15
REV102713,"I'm so disappointed with this subscription plan, complete waste of money.",News Headline,subscription plan,negative,2024-01-02
REV102714,"I bought the fitness tracker last week, still testing it out.",Twitter/X Post,fitness tracker,neutral,2024-04-30
REV102715,"The streaming service meets the basic requirements, nothing more.",Facebook Comment,streaming service,neutral,2024-04-18
REV102716,"This water bottle is a game changer, I use it every single day.!!",News Headline,water bottle,positive,2024-11-10
REV102717,"Awful experience with the bluetooth speaker, would not recommend at all. :(",News Headline,bluetooth speaker,negative,2024-05-17
REV102718,"The kitchen blender works as expected, average performance overall.",Amazon Review,kitchen blender,neutral,2024-10-15
REV102719,"The coffee maker works as expected, average performance overall.",News Headline,coffee maker,neutral,2024-07-16
REV102720,I hate how unreliable this backpack turned out to be.!!,Amazon Review,backpack,negative,2024-10-18
REV102721,Highly recommend the customer support experience to anyone looking for quality.,Product Forum,customer support experience,positive,2024-07-20
REV102722,The customer service team was super helpful with my electric toothbrush order. Love it!,Twitter/X Post,electric toothbrush,positive,2024-08-28
REV102723,Comparing the fitness tracker to similar products on the market now.,News Headline,fitness tracker,neutral,2024-12-14
REV102724,The mobile app arrived damaged and customer service ignored me.,Twitter/X Post,mobile app,negative,2024-08-21
REV102725,The fitness tracker arrived damaged and customer service ignored me.,Twitter/X Post,fitness tracker,negative,2024-01-24
REV102726,"Received the streaming service today, packaging was standard.",Product Forum,streaming service,neutral,2024-05-02
REV102727,Comparing the office chair to similar products on the market now.,News Headline,office chair,neutral,2024-07-03
REV102728,"Received the laptop stand today, packaging was standard.",Twitter/X Post,laptop stand,neutral,2024-04-06
REV102729,"Worst mobile app I have ever bought, total regret.",News Headline,mobile app,negative,2024-09-08
REV102730,The customer service team was super helpful with my air purifier order.,Facebook Comment,air purifier,positive,2024-05-18
REV102731,This running shoes is poorly made and feels cheap.,Facebook Comment,running shoes,negative,2024-01-17
REV102732,"This restaurant chain is fantastic, best purchase I've made all year.",Facebook Comment,restaurant chain,positive,2024-01-24
REV102733,The electric toothbrush has some pros and cons worth mentioning.,Twitter/X Post,electric toothbrush,neutral,2024-03-16
REV102734,The bluetooth speaker has some pros and cons worth mentioning.,Product Forum,bluetooth speaker,neutral,2024-12-14
REV102735,"Absolutely love this yoga mat, it exceeded all my expectations! :)",News Headline,yoga mat,positive,2024-08-21
REV102736,What a wonderful laptop stand! Great value for the price. Love it!,Product Forum,laptop stand,positive,2024-04-27
REV102737,"I'm impressed by how well the airline performs, truly outstanding.",News Headline,airline,positive,2024-05-27
REV102738,"Worst water bottle I have ever bought, total regret. Never again.",Twitter/X Post,water bottle,negative,2024-02-12
REV102739,Considering whether to keep the mobile app or exchange it.,Facebook Comment,mobile app,neutral,2024-09-12
REV102740,Highly recommend the restaurant chain to anyone looking for quality.,Product Forum,restaurant chain,positive,2024-08-09
REV102741,"Terrible office chair, broke after just two days of use.",Amazon Review,office chair,negative,2024-11-28
REV102742,"The bluetooth speaker works as expected, average performance overall.",Facebook Comment,bluetooth speaker,neutral,2024-02-02
REV102743,The coffee maker arrived damaged and customer service ignored me.,Product Forum,coffee maker,negative,2024-12-10
REV102744,The office chair arrived on time and matches the description.,Product Forum,office chair,neutral,2024-05-16
REV102745,This laptop stand caused nothing but problems since day one.,Product Forum,laptop stand,negative,2024-05-28
REV102746,The customer service team was super helpful with my running shoes order. Love it!,Facebook Comment,running shoes,positive,2024-12-22
REV102747,I hate how unreliable this mobile app turned out to be. 😡,Twitter/X Post,mobile app,negative,2024-01-14
REV102748,"The wireless headphones is okay, not great but not bad either.",Facebook Comment,wireless headphones,neutral,2024-06-10
REV102749,The mobile app arrived damaged and customer service ignored me.,Facebook Comment,mobile app,negative,2024-07-28
REV102750,This yoga mat is poorly made and feels cheap.,Facebook Comment,yoga mat,negative,2024-11-16
REV102751,Considering whether to keep the restaurant chain or exchange it.,Amazon Review,restaurant chain,neutral,2024-01-04
REV102752,Considering whether to keep the restaurant chain or exchange it.,Amazon Review,restaurant chain,neutral,2024-02-06
REV102753,This kitchen blender is poorly made and feels cheap. Never again.,Facebook Comment,kitchen blender,negative,2024-03-26
REV102754,"I'm impressed by how well the wireless headphones performs, truly outstanding.",Product Forum,wireless headphones,positive,2024-10-29
REV102755,"The water bottle works as expected, average performance overall.",Product Forum,water bottle,neutral,2024-04-23
REV102756,Comparing the airline to similar products on the market now.,Amazon Review,airline,neutral,2024-03-31
REV102757,Considering whether to keep the software update or exchange it.,Twitter/X Post,software update,neutral,2024-12-08
REV102758,This streaming service is poorly made and feels cheap. Never again.,Facebook Comment,streaming service,negative,2024-10-04
REV102759,Comparing the customer support experience to similar products on the market now.,Twitter/X Post,customer support experience,neutral,2024-12-02
REV102760,"Five stars for the laptop stand, it changed the way I do things.!!",Product Forum,laptop stand,positive,2024-05-13
REV102761,"The software update is okay, not great but not bad either.",Amazon Review,software update,neutral,2024-11-05
REV102762,"The kitchen blender works as expected, average performance overall.",Product Forum,kitchen blender,neutral,2024-03-01
REV102763,I hate how unreliable this office chair turned out to be.,Product Forum,office chair,negative,2024-04-11
REV102764,"The mobile app works as expected, average performance overall.",Twitter/X Post,mobile app,neutral,2024-02-20
REV102765,"Awful experience with the airline, would not recommend at all. 😡",News Headline,airline,negative,2024-06-09
REV102766,This airline caused nothing but problems since day one.,Amazon Review,airline,negative,2024-08-12
REV102767,"The desk lamp meets the basic requirements, nothing more.",News Headline,desk lamp,neutral,2024-02-12
REV102768,The smartphone case arrived on time and matches the description.,Facebook Comment,smartphone case,neutral,2024-03-14
REV102769,Highly recommend the kitchen blender to anyone looking for quality.!!,Facebook Comment,kitchen blender,positive,2024-09-16
REV102770,"This laptop stand is fantastic, best purchase I've made all year.",Twitter/X Post,laptop stand,positive,2024-02-11
REV102771,"This laptop stand is a game changer, I use it every single day. Love it!",Twitter/X Post,laptop stand,positive,2024-07-27
REV102772,"Worst customer support experience I have ever bought, total regret.",Twitter/X Post,customer support experience,negative,2024-05-21
REV102773,The yoga mat is overpriced for such low quality. :(,Product Forum,yoga mat,negative,2024-05-04
REV102774,The running shoes arrived quickly and the build quality is amazing. Love it!,News Headline,running shoes,positive,2024-04-03
REV102775,The office chair arrived damaged and customer service ignored me.,Product Forum,office chair,negative,2024-12-31
REV102776,The customer service team was super helpful with my laptop stand order.!!,Amazon Review,laptop stand,positive,2024-02-03
REV102777,The subscription plan has some pros and cons worth mentioning.,Product Forum,subscription plan,neutral,2024-10-14
REV102778,"The air purifier works as expected, average performance overall.",Product Forum,air purifier,neutral,2024-03-05
REV102779,This mobile app caused nothing but problems since day one.,Product Forum,mobile app,negative,2024-11-02
REV102780,"This wireless headphones is a game changer, I use it every single day.",Amazon Review,wireless headphones,positive,2024-03-01
REV102781,Great customer support experience! My whole family loves it. :),News Headline,customer support experience,positive,2024-05-29
REV102782,Comparing the streaming service to similar products on the market now.,News Headline,streaming service,neutral,2024-10-21
REV102783,The backpack arrived damaged and customer service ignored me. 😡,Product Forum,backpack,negative,2024-01-05
REV102784,"Five stars for the office chair, it changed the way I do things.",Twitter/X Post,office chair,positive,2024-03-15
REV102785,"Disappointing airline, definitely returning it.!!",Amazon Review,airline,negative,2024-02-16
REV102786,"Awful experience with the air purifier, would not recommend at all.!!",News Headline,air purifier,negative,2024-09-18
REV102787,I hate how unreliable this fitness tracker turned out to be.,Facebook Comment,fitness tracker,negative,2024-11-10
REV102788,"Worst office chair I have ever bought, total regret. Never again.",Product Forum,office chair,negative,2024-01-09
REV102789,Comparing the gaming mouse to similar products on the market now.,Twitter/X Post,gaming mouse,neutral,2024-04-27
REV102790,"The laptop stand meets the basic requirements, nothing more.",Facebook Comment,laptop stand,neutral,2024-10-15
REV102791,"The kitchen blender meets the basic requirements, nothing more.",Amazon Review,kitchen blender,neutral,2024-04-09
REV102792,This running shoes is poorly made and feels cheap.,Facebook Comment,running shoes,negative,2024-07-30
REV102793,The wireless headphones is overpriced for such low quality.,Facebook Comment,wireless headphones,negative,2024-01-13
REV102794,This fitness tracker is poorly made and feels cheap. Never again.,Facebook Comment,fitness tracker,negative,2024-08-19
REV102795,This backpack caused nothing but problems since day one.,Twitter/X Post,backpack,negative,2024-02-29
REV102796,This yoga mat caused nothing but problems since day one.,Facebook Comment,yoga mat,negative,2024-12-02
REV102797,"Just unboxed the backpack, will update this review later.",Amazon Review,backpack,neutral,2024-12-26
REV102798,"The restaurant chain does what it's supposed to do, nothing special.",Twitter/X Post,restaurant chain,neutral,2024-09-04
REV102799,The bluetooth speaker has some pros and cons worth mentioning.,Twitter/X Post,bluetooth speaker,neutral,2024-01-15
REV102800,"Worst coffee maker I have ever bought, total regret.",Amazon Review,coffee maker,negative,2024-12-29
REV102801,The laptop stand stopped working and support was unhelpful.,Facebook Comment,laptop stand,negative,2024-12-07
REV102802,"The wireless headphones does what it's supposed to do, nothing special.",News Headline,wireless headphones,neutral,2024-02-05
REV102803,"The restaurant chain does what it's supposed to do, nothing special.",Twitter/X Post,restaurant chain,neutral,2024-01-02
REV102804,Comparing the office chair to similar products on the market now.,News Headline,office chair,neutral,2024-02-13
REV102805,I hate how unreliable this wireless headphones turned out to be. Never again.,Twitter/X Post,wireless headphones,negative,2024-05-15
REV102806,"Just unboxed the water bottle, will update this review later.",Facebook Comment,water bottle,neutral,2024-02-08
REV102807,"Terrible subscription plan, broke after just two days of use.",Product Forum,subscription plan,negative,2024-11-23
REV102808,Here is my honest review of the electric toothbrush after a week of use.,Twitter/X Post,electric toothbrush,neutral,2024-03-06
REV102809,The coffee maker is overpriced for such low quality.,Twitter/X Post,coffee maker,negative,2024-09-13
REV102810,"Received the kitchen blender today, packaging was standard.",Twitter/X Post,kitchen blender,neutral,2024-10-09
REV102811,"Disappointing kitchen blender, definitely returning it.",Twitter/X Post,kitchen blender,negative,2024-04-26
REV102812,"Very frustrated with the kitchen blender, it never worked as advertised.",Twitter/X Post,kitchen blender,negative,2024-05-12
REV102813,"Awful experience with the water bottle, would not recommend at all. 😡",Facebook Comment,water bottle,negative,2024-08-17
REV102814,"I'm impressed by how well the bluetooth speaker performs, truly outstanding.",Facebook Comment,bluetooth speaker,positive,2024-09-09
REV102815,The office chair has some pros and cons worth mentioning.,News Headline,office chair,neutral,2024-12-11
REV102816,The air purifier stopped working and support was unhelpful. :(,Facebook Comment,air purifier,negative,2024-10-11
REV102817,"The backpack is okay, not great but not bad either.",Amazon Review,backpack,neutral,2024-06-25
REV102818,The running shoes arrived on time and matches the description.,Product Forum,running shoes,neutral,2024-01-10
REV102819,The air purifier arrived damaged and customer service ignored me.,Facebook Comment,air purifier,negative,2024-09-11
REV102820,"Absolutely love this smartphone case, it exceeded all my expectations!",Product Forum,smartphone case,positive,2024-08-29
REV102821,The customer service team was super helpful with my electric toothbrush order.,Amazon Review,electric toothbrush,positive,2024-08-13
REV102822,"Terrible subscription plan, broke after just two days of use.",News Headline,subscription plan,negative,2024-09-19
REV102823,"The coffee maker is okay, not great but not bad either.",Twitter/X Post,coffee maker,neutral,2024-03-12
REV102824,Comparing the streaming service to similar products on the market now.,Product Forum,streaming service,neutral,2024-11-03
REV102825,"Terrible bluetooth speaker, broke after just two days of use. 😡",Amazon Review,bluetooth speaker,negative,2024-11-12
REV102826,"Disappointing running shoes, definitely returning it. Never again.",Product Forum,running shoes,negative,2024-10-29
REV102827,"I'm so disappointed with this gaming mouse, complete waste of money.",News Headline,gaming mouse,negative,2024-03-14
REV102828,"Disappointing software update, definitely returning it.",Product Forum,software update,negative,2024-08-09
REV102829,The kitchen blender is overpriced for such low quality. Never again.,Facebook Comment,kitchen blender,negative,2024-10-21
REV102830,What a wonderful kitchen blender! Great value for the price.,Twitter/X Post,kitchen blender,positive,2024-11-13
REV102831,The customer service team was super helpful with my wireless headphones order.,Amazon Review,wireless headphones,positive,2024-07-07
REV102832,This water bottle is poorly made and feels cheap.!!,Amazon Review,water bottle,negative,2024-10-13
REV102833,"Five stars for the laptop stand, it changed the way I do things.",Amazon Review,laptop stand,positive,2024-02-03
REV102834,The air purifier arrived on time and matches the description.,Product Forum,air purifier,neutral,2024-08-08
REV102835,"Disappointing water bottle, definitely returning it.",Product Forum,water bottle,negative,2024-08-17
REV102836,Here is my honest review of the software update after a week of use.,Twitter/X Post,software update,neutral,2024-04-27
REV102837,"I'm so disappointed with this laptop stand, complete waste of money.",Amazon Review,laptop stand,negative,2024-05-27
REV102838,The air purifier arrived damaged and customer service ignored me.!!,Amazon Review,air purifier,negative,2024-08-23
REV102839,"Disappointing mobile app, definitely returning it.",Facebook Comment,mobile app,negative,2024-03-15
REV102840,"Absolutely love this software update, it exceeded all my expectations!",Amazon Review,software update,positive,2024-02-28
REV102841,The gaming mouse arrived damaged and customer service ignored me.,Twitter/X Post,gaming mouse,negative,2024-01-28
REV102842,The running shoes has some pros and cons worth mentioning.,Product Forum,running shoes,neutral,2024-11-12
REV102843,"Excellent air purifier, exactly as described and super reliable. :)",Product Forum,air purifier,positive,2024-05-16
REV102844,This subscription plan caused nothing but problems since day one.,Twitter/X Post,subscription plan,negative,2024-08-11
REV102845,This desk lamp is poorly made and feels cheap.,Amazon Review,desk lamp,negative,2024-09-05
REV102846,"Terrible gaming mouse, broke after just two days of use.",Twitter/X Post,gaming mouse,negative,2024-06-21
REV102847,"I'm impressed by how well the running shoes performs, truly outstanding.",Twitter/X Post,running shoes,positive,2024-12-12
REV102848,"Disappointing customer support experience, definitely returning it. Never again.",Amazon Review,customer support experience,negative,2024-12-14
REV102849,The air purifier arrived damaged and customer service ignored me.,Amazon Review,air purifier,negative,2024-06-15
REV102850,"Five stars for the laptop stand, it changed the way I do things.",Twitter/X Post,laptop stand,positive,2024-03-02
REV102851,The streaming service has some pros and cons worth mentioning.,Facebook Comment,streaming service,neutral,2024-09-11
REV102852,Comparing the gaming mouse to similar products on the market now.,News Headline,gaming mouse,neutral,2024-05-22
REV102853,"Absolutely love this water bottle, it exceeded all my expectations!!!",Amazon Review,water bottle,positive,2024-07-25
REV102854,Considering whether to keep the bluetooth speaker or exchange it.,Amazon Review,bluetooth speaker,neutral,2024-07-22
REV102855,"Absolutely love this wireless headphones, it exceeded all my expectations! Love it!",News Headline,wireless headphones,positive,2024-11-09
REV102856,The laptop stand has some pros and cons worth mentioning.,Twitter/X Post,laptop stand,neutral,2024-12-22
REV102857,"I'm impressed by how well the air purifier performs, truly outstanding.",Facebook Comment,air purifier,positive,2024-10-04
REV102858,"Five stars for the kitchen blender, it changed the way I do things. 😊",Product Forum,kitchen blender,positive,2024-07-24
REV102859,"This coffee maker is a game changer, I use it every single day. :)",Facebook Comment,coffee maker,positive,2024-01-23
REV102860,"Excellent coffee maker, exactly as described and super reliable.",Twitter/X Post,coffee maker,positive,2024-08-17
REV102861,Comparing the water bottle to similar products on the market now.,Amazon Review,water bottle,neutral,2024-08-30
REV102862,"The running shoes is okay, not great but not bad either.",News Headline,running shoes,neutral,2024-08-24
REV102863,"The wireless headphones is okay, not great but not bad either.",Product Forum,wireless headphones,neutral,2024-10-11
REV102864,Comparing the bluetooth speaker to similar products on the market now.,News Headline,bluetooth speaker,neutral,2024-12-07
REV102865,Comparing the office chair to similar products on the market now.,Twitter/X Post,office chair,neutral,2024-10-30
REV102866,This backpack caused nothing but problems since day one.,Amazon Review,backpack,negative,2024-08-28
REV102867,"Excellent restaurant chain, exactly as described and super reliable.",Facebook Comment,restaurant chain,positive,2024-02-05
REV102868,"I'm so disappointed with this smartphone case, complete waste of money.",Product Forum,smartphone case,negative,2024-11-04
REV102869,The airline stopped working and support was unhelpful.,Amazon Review,airline,negative,2024-02-28
REV102870,"Terrible software update, broke after just two days of use. Never again.",Amazon Review,software update,negative,2024-11-13
REV102871,"Received the mobile app today, packaging was standard.",News Headline,mobile app,neutral,2024-07-31
REV102872,"Terrible yoga mat, broke after just two days of use.",Twitter/X Post,yoga mat,negative,2024-05-05
REV102873,The customer service team was super helpful with my delivery service order.,Amazon Review,delivery service,positive,2024-01-13
REV102874,Great gaming mouse! My whole family loves it.,Amazon Review,gaming mouse,positive,2024-08-21
REV102875,"Worst air purifier I have ever bought, total regret.",Product Forum,air purifier,negative,2024-05-22
REV102876,"The mobile app does what it's supposed to do, nothing special.",Facebook Comment,mobile app,neutral,2024-10-12
REV102877,I hate how unreliable this customer support experience turned out to be.,Twitter/X Post,customer support experience,negative,2024-05-19
REV102878,"I bought the kitchen blender last week, still testing it out.",Product Forum,kitchen blender,neutral,2024-08-20
REV102879,"I bought the streaming service last week, still testing it out.",Product Forum,streaming service,neutral,2024-08-17
REV102880,Considering whether to keep the laptop stand or exchange it.,Amazon Review,laptop stand,neutral,2024-02-15
REV102881,Highly recommend the smartphone case to anyone looking for quality.,Product Forum,smartphone case,positive,2024-11-22
REV102882,"The streaming service works as expected, average performance overall.",News Headline,streaming service,neutral,2024-08-23
REV102883,The airline arrived quickly and the build quality is amazing. :),Product Forum,airline,positive,2024-06-29
REV102884,The wireless headphones arrived quickly and the build quality is amazing.,Facebook Comment,wireless headphones,positive,2024-08-30
REV102885,"The desk lamp does what it's supposed to do, nothing special.",Facebook Comment,desk lamp,neutral,2024-12-24
REV102886,"I'm so disappointed with this mobile app, complete waste of money.",Product Forum,mobile app,negative,2024-07-04
REV102887,The smartphone case is overpriced for such low quality.,Twitter/X Post,smartphone case,negative,2024-07-21
REV102888,"Terrible running shoes, broke after just two days of use.",Product Forum,running shoes,negative,2024-05-17
REV102889,"I'm so disappointed with this laptop stand, complete waste of money. 😡",Product Forum,laptop stand,negative,2024-12-23
REV102890,"This wireless headphones is a game changer, I use it every single day.",Twitter/X Post,wireless headphones,positive,2024-12-16
REV102891,"Disappointing restaurant chain, definitely returning it.",Facebook Comment,restaurant chain,negative,2024-01-21
REV102892,"Excellent bluetooth speaker, exactly as described and super reliable.",Facebook Comment,bluetooth speaker,positive,2024-06-27
REV102893,"Excellent kitchen blender, exactly as described and super reliable.",Twitter/X Post,kitchen blender,positive,2024-09-30
REV102894,"This streaming service is a game changer, I use it every single day.",News Headline,streaming service,positive,2024-02-12
REV102895,"This fitness tracker is a game changer, I use it every single day. Love it!",Twitter/X Post,fitness tracker,positive,2024-02-08
REV102896,"I bought the backpack last week, still testing it out.",Facebook Comment,backpack,neutral,2024-12-26
REV102897,"The water bottle works as expected, average performance overall.",Twitter/X Post,water bottle,neutral,2024-10-05
REV102898,"Awful experience with the yoga mat, would not recommend at all.",Facebook Comment,yoga mat,negative,2024-07-11
REV102899,"I'm impressed by how well the subscription plan performs, truly outstanding.",Facebook Comment,subscription plan,positive,2024-12-28
REV102900,The coffee maker arrived quickly and the build quality is amazing.,Product Forum,coffee maker,positive,2024-09-27
REV102901,"I'm impressed by how well the streaming service performs, truly outstanding.",News Headline,streaming service,positive,2024-01-07
REV102902,"Awful experience with the wireless headphones, would not recommend at all.",Twitter/X Post,wireless headphones,negative,2024-09-02
REV102903,The office chair stopped working and support was unhelpful.,Product Forum,office chair,negative,2024-08-17
REV102904,"Worst airline I have ever bought, total regret.",Product Forum,airline,negative,2024-02-25
REV102905,This running shoes is poorly made and feels cheap.,News Headline,running shoes,negative,2024-12-27
REV102906,"Excellent water bottle, exactly as described and super reliable.",Amazon Review,water bottle,positive,2024-06-23
REV102907,"The software update works as expected, average performance overall.",Facebook Comment,software update,neutral,2024-10-14
REV102908,"This backpack is a game changer, I use it every single day. 😊",News Headline,backpack,positive,2024-02-21
REV102909,"The gaming mouse works as expected, average performance overall.",Product Forum,gaming mouse,neutral,2024-10-27
REV102910,"Disappointing gaming mouse, definitely returning it.",News Headline,gaming mouse,negative,2024-10-29
REV102911,The subscription plan is overpriced for such low quality.,Product Forum,subscription plan,negative,2024-01-06
REV102912,This office chair caused nothing but problems since day one.,Facebook Comment,office chair,negative,2024-10-24
REV102913,This gaming mouse is poorly made and feels cheap.!!,Product Forum,gaming mouse,negative,2024-06-13
REV102914,Highly recommend the gaming mouse to anyone looking for quality.,Facebook Comment,gaming mouse,positive,2024-12-13
REV102915,The yoga mat has some pros and cons worth mentioning.,Twitter/X Post,yoga mat,neutral,2024-03-29
REV102916,"I'm so disappointed with this coffee maker, complete waste of money.",News Headline,coffee maker,negative,2024-04-26
REV102917,Comparing the water bottle to similar products on the market now.,Product Forum,water bottle,neutral,2024-10-16
REV102918,"Excellent desk lamp, exactly as described and super reliable.",Facebook Comment,desk lamp,positive,2024-04-03
REV102919,The software update arrived on time and matches the description.,News Headline,software update,neutral,2024-12-11
REV102920,I hate how unreliable this office chair turned out to be.,News Headline,office chair,negative,2024-05-10
REV102921,"Very frustrated with the electric toothbrush, it never worked as advertised.",News Headline,electric toothbrush,negative,2024-09-19
REV102922,"Five stars for the streaming service, it changed the way I do things.",Facebook Comment,streaming service,positive,2024-01-15
REV102923,This mobile app is poorly made and feels cheap. :(,Facebook Comment,mobile app,negative,2024-12-02
REV102924,Highly recommend the subscription plan to anyone looking for quality.,News Headline,subscription plan,positive,2024-01-28
REV102925,The running shoes arrived quickly and the build quality is amazing.,News Headline,running shoes,positive,2024-08-07
REV102926,"Worst backpack I have ever bought, total regret. Never again.",News Headline,backpack,negative,2024-09-24
REV102927,The airline arrived damaged and customer service ignored me.,Facebook Comment,airline,negative,2024-09-09
REV102928,The restaurant chain arrived damaged and customer service ignored me.,News Headline,restaurant chain,negative,2024-09-25
REV102929,The customer service team was super helpful with my office chair order.,Amazon Review,office chair,positive,2024-07-07
REV102930,"This delivery service is a game changer, I use it every single day.",Twitter/X Post,delivery service,positive,2024-07-22
REV102931,"The office chair is okay, not great but not bad either.",Facebook Comment,office chair,neutral,2024-11-30
REV102932,Considering whether to keep the gaming mouse or exchange it.,Twitter/X Post,gaming mouse,neutral,2024-11-08
REV102933,The air purifier arrived on time and matches the description.,Product Forum,air purifier,neutral,2024-10-10
REV102934,Comparing the laptop stand to similar products on the market now.,Twitter/X Post,laptop stand,neutral,2024-02-13
REV102935,"This kitchen blender is fantastic, best purchase I've made all year.",Twitter/X Post,kitchen blender,positive,2024-07-26
REV102936,"This kitchen blender is a game changer, I use it every single day. :)",Product Forum,kitchen blender,positive,2024-02-20
REV102937,"Five stars for the restaurant chain, it changed the way I do things.",News Headline,restaurant chain,positive,2024-11-01
REV102938,"The water bottle does what it's supposed to do, nothing special.",News Headline,water bottle,neutral,2024-03-11
REV102939,"I'm impressed by how well the gaming mouse performs, truly outstanding. 😊",Facebook Comment,gaming mouse,positive,2024-07-19
REV102940,I hate how unreliable this office chair turned out to be.,Twitter/X Post,office chair,negative,2024-09-10
REV102941,"The backpack meets the basic requirements, nothing more.",Product Forum,backpack,neutral,2024-09-09
REV102942,   ,Twitter/X Post,smartphone case,negative,2024-11-10
REV102943,"I'm impressed by how well the smartphone case performs, truly outstanding.",Amazon Review,smartphone case,positive,2024-07-17
REV102944,This airline is poorly made and feels cheap.,News Headline,airline,negative,2024-06-12
REV102945,"Received the delivery service today, packaging was standard.",Amazon Review,delivery service,neutral,2024-07-20
REV102946,The customer service team was super helpful with my mobile app order.,Twitter/X Post,mobile app,positive,2024-06-22
REV102947,"The kitchen blender does what it's supposed to do, nothing special.",Twitter/X Post,kitchen blender,neutral,2024-03-31
REV102948,"Terrible office chair, broke after just two days of use.",Product Forum,office chair,negative,2024-09-12
REV102949,"I'm so happy with the airline, works perfectly and looks great.",Twitter/X Post,airline,positive,2024-07-06
REV102950,The airline stopped working and support was unhelpful.!!,News Headline,airline,negative,2024-07-05
REV102951,"The air purifier meets the basic requirements, nothing more.",Product Forum,air purifier,neutral,2024-04-28
REV102952,"Five stars for the backpack, it changed the way I do things.",Amazon Review,backpack,positive,2024-08-30
REV102953,What a wonderful bluetooth speaker! Great value for the price.,Product Forum,bluetooth speaker,positive,2024-05-16
REV102954,"Just unboxed the airline, will update this review later.",Product Forum,airline,neutral,2024-09-15
REV102955,This backpack is poorly made and feels cheap.,Product Forum,backpack,negative,2024-11-16
REV102956,The office chair has some pros and cons worth mentioning.,News Headline,office chair,neutral,2024-01-30
REV102957,"The yoga mat meets the basic requirements, nothing more.",News Headline,yoga mat,neutral,2024-09-13
REV102958,"Absolutely love this office chair, it exceeded all my expectations! Love it!",Product Forum,office chair,positive,2024-07-21
REV102959,"Five stars for the electric toothbrush, it changed the way I do things.",Product Forum,electric toothbrush,positive,2024-02-02
REV102960,"Disappointing backpack, definitely returning it. 😡",News Headline,backpack,negative,2024-12-20
REV102961,I hate how unreliable this backpack turned out to be.,Product Forum,backpack,negative,2024-09-11
REV102962,"I'm so happy with the software update, works perfectly and looks great.",Amazon Review,software update,positive,2024-04-24
REV102963,"Disappointing streaming service, definitely returning it.",News Headline,streaming service,negative,2024-02-15
REV102964,"This customer support experience is a game changer, I use it every single day.",Facebook Comment,customer support experience,positive,2024-10-27
REV102965,"Awful experience with the gaming mouse, would not recommend at all.",Twitter/X Post,gaming mouse,negative,2024-05-02
REV102966,What a wonderful streaming service! Great value for the price.,Product Forum,streaming service,positive,2024-03-27
REV102967,"Very frustrated with the water bottle, it never worked as advertised. 😡",Twitter/X Post,water bottle,negative,2024-04-16
REV102968,"Received the gaming mouse today, packaging was standard.",Facebook Comment,gaming mouse,neutral,2024-09-17
REV102969,Highly recommend the yoga mat to anyone looking for quality.,Facebook Comment,yoga mat,positive,2024-12-20
REV102970,Comparing the kitchen blender to similar products on the market now.,News Headline,kitchen blender,neutral,2024-04-11
REV102971,Here is my honest review of the yoga mat after a week of use.,Product Forum,yoga mat,neutral,2024-09-25
REV102972,"The coffee maker works as expected, average performance overall.",Amazon Review,coffee maker,neutral,2024-04-09
REV102973,"I bought the fitness tracker last week, still testing it out.",Product Forum,fitness tracker,neutral,2024-11-16
REV102974,"I'm impressed by how well the fitness tracker performs, truly outstanding.",Product Forum,fitness tracker,positive,2024-08-20
REV102975,"This fitness tracker is a game changer, I use it every single day.",Twitter/X Post,fitness tracker,positive,2024-04-15
REV102976,"Terrible smartphone case, broke after just two days of use.",News Headline,smartphone case,negative,2024-09-19
REV102977,"This bluetooth speaker is fantastic, best purchase I've made all year.",Amazon Review,bluetooth speaker,positive,2024-08-13
REV102978,"The electric toothbrush is okay, not great but not bad either.",Amazon Review,electric toothbrush,neutral,2024-10-11
REV102979,"Absolutely love this kitchen blender, it exceeded all my expectations!",Facebook Comment,kitchen blender,positive,2024-07-11
REV102980,Great delivery service! My whole family loves it. :),Facebook Comment,delivery service,positive,2024-07-20
REV102981,"The streaming service is okay, not great but not bad either.",Product Forum,streaming service,neutral,2024-01-26
REV102982,"The streaming service does what it's supposed to do, nothing special.",Amazon Review,streaming service,neutral,2024-02-16
REV102983,This restaurant chain is poorly made and feels cheap.,Product Forum,restaurant chain,negative,2024-10-08
REV102984,This delivery service caused nothing but problems since day one.,Facebook Comment,delivery service,negative,2024-12-05
REV102985,The water bottle has some pros and cons worth mentioning.,Facebook Comment,water bottle,neutral,2024-01-18
REV102986,"I'm so disappointed with this air purifier, complete waste of money.",Facebook Comment,air purifier,negative,2024-06-21
REV102987,"Awful experience with the kitchen blender, would not recommend at all. 😡",Product Forum,kitchen blender,negative,2024-05-31
REV102988,"I'm impressed by how well the delivery service performs, truly outstanding.",Amazon Review,delivery service,positive,2024-05-22
REV102989,"Disappointing backpack, definitely returning it.",Product Forum,backpack,negative,2024-08-10
REV102990,"The streaming service is okay, not great but not bad either.",Product Forum,streaming service,neutral,2024-05-29
REV102991,"The bluetooth speaker meets the basic requirements, nothing more.",Product Forum,bluetooth speaker,neutral,2024-08-16
REV102992,"Awful experience with the gaming mouse, would not recommend at all.",Amazon Review,gaming mouse,negative,2024-12-28
REV102993,"This office chair is a game changer, I use it every single day.",Product Forum,office chair,positive,2024-11-09
REV102994,"Five stars for the subscription plan, it changed the way I do things.",Amazon Review,subscription plan,positive,2024-02-01
REV102995,"I bought the mobile app last week, still testing it out.",Twitter/X Post,mobile app,neutral,2024-04-01
REV102996,"Terrible gaming mouse, broke after just two days of use.",Amazon Review,gaming mouse,negative,2024-01-15
REV102997,Considering whether to keep the office chair or exchange it.,Twitter/X Post,office chair,neutral,2024-06-12
REV102998,"Just unboxed the wireless headphones, will update this review later.",Twitter/X Post,wireless headphones,neutral,2024-04-06
REV102999,The customer service team was super helpful with my kitchen blender order. Love it!,News Headline,kitchen blender,positive,2024-09-12
REV103000,Comparing the bluetooth speaker to similar products on the market now.,Amazon Review,bluetooth speaker,neutral,2024-12-08
REV103001,Considering whether to keep the water bottle or exchange it.,Facebook Comment,water bottle,neutral,2024-09-05
REV103002,"Terrible electric toothbrush, broke after just two days of use.",Amazon Review,electric toothbrush,negative,2024-02-13
REV103003,Considering whether to keep the office chair or exchange it.,Twitter/X Post,office chair,neutral,2024-12-28
REV103004,"This customer support experience is fantastic, best purchase I've made all year.",Product Forum,customer support experience,positive,2024-12-09
REV103005,"I bought the software update last week, still testing it out.",Facebook Comment,software update,neutral,2024-09-10
REV103006,The gaming mouse stopped working and support was unhelpful.,Product Forum,gaming mouse,negative,2024-02-11
REV103007,"This smartphone case is a game changer, I use it every single day. :)",Facebook Comment,smartphone case,positive,2024-03-31
REV103008,"The wireless headphones does what it's supposed to do, nothing special.",News Headline,wireless headphones,neutral,2024-03-14
REV103009,"Terrible desk lamp, broke after just two days of use. :(",News Headline,desk lamp,negative,2024-07-26
