review_id,text,source,item,true_sentiment,review_date,clean_text,vader_compound,textblob_polarity,textblob_subjectivity,ensemble_score,predicted_sentiment,joy,anger,sadness,fear,trust,surprise,dominant_emotion,total_emotion_words
REV100000,I hate how unreliable this wireless headphones turned out to be.,Product Forum,wireless headphones,negative,2024-01-24,I hate how unreliable this wireless headphones turned out to be.,-0.5719,-0.8,0.9,-0.6631,negative,0,1,0,0,0,0,anger,1
REV100001,What a wonderful bluetooth speaker! Great value for the price.,Facebook Comment,bluetooth speaker,positive,2024-04-01,What a wonderful bluetooth speaker! Great value for the price.,0.8883,0.9,0.875,0.893,positive,2,0,0,0,0,0,joy,2
REV100002,"The delivery service meets the basic requirements, nothing more.",Amazon Review,delivery service,neutral,2024-08-01,"The delivery service meets the basic requirements, nothing more.",0.0,0.25,0.3125,0.1,positive,0,0,0,0,0,0,none,0
REV100003,"I'm so happy with the electric toothbrush, works perfectly and looks great.",Amazon Review,electric toothbrush,positive,2024-03-21,"I'm so happy with the electric toothbrush, works perfectly and looks great.",0.923,0.8667,0.9167,0.9005,positive,2,0,0,0,0,0,joy,2
REV100004,"Very frustrated with the customer support experience, it never worked as advertised.",Amazon Review,customer support experience,negative,2024-02-29,"Very frustrated with the customer support experience, it never worked as advertised.",-0.2484,-0.91,0.26,-0.513,negative,0,1,0,0,0,0,anger,1
REV100005,This fitness tracker is poorly made and feels cheap.,Facebook Comment,fitness tracker,negative,2024-04-30,This fitness tracker is poorly made and feels cheap.,0.2732,0.0,0.65,0.1639,positive,0,0,0,0,0,0,none,0
REV100006,The mobile app stopped working and support was unhelpful. :(,Amazon Review,mobile app,negative,2024-12-10,The mobile app stopped working and support was unhelpful. :(,-0.2732,-0.75,1.0,-0.4639,negative,0,0,0,0,0,0,none,0
REV100007,"Excellent software update, exactly as described and super reliable. Love it!",Twitter/X Post,software update,positive,2024-12-16,"Excellent software update, exactly as described and super reliable. Love it!",0.92,0.5521,0.6292,0.7728,positive,2,0,0,0,1,0,joy,3
REV100008,Great delivery service! My whole family loves it.,Twitter/X Post,delivery service,positive,2024-08-22,Great delivery service! My whole family loves it.,0.8439,0.6,0.575,0.7463,positive,1,0,0,0,0,0,joy,1
REV100009,"I'm so happy with the streaming service, works perfectly and looks great.",Product Forum,streaming service,positive,2024-05-23,"I'm so happy with the streaming service, works perfectly and looks great.",0.923,0.8667,0.9167,0.9005,positive,2,0,0,0,0,0,joy,2
REV100010,"Worst wireless headphones I have ever bought, total regret.!!",Facebook Comment,wireless headphones,negative,2024-01-24,"Worst wireless headphones I have ever bought, total regret.!!",-0.8306,-0.5,0.875,-0.6984,negative,0,0,1,0,0,0,sadness,1
REV100011,Comparing the water bottle to similar products on the market now.,Facebook Comment,water bottle,neutral,2024-09-14,Comparing the water bottle to similar products on the market now.,0.0,0.0,0.4,0.0,neutral,0,0,0,0,0,0,none,0
REV100012,"Disappointing laptop stand, definitely returning it. :(",Product Forum,laptop stand,negative,2024-03-16,"Disappointing laptop stand, definitely returning it. :(",-0.5267,-0.45,0.7333,-0.496,negative,0,0,1,0,0,0,sadness,1
REV100013,Comparing the backpack to similar products on the market now.,Facebook Comment,backpack,neutral,2024-11-14,Comparing the backpack to similar products on the market now.,0.0,0.0,0.4,0.0,neutral,0,0,0,0,0,0,none,0
REV100014,"I'm so disappointed with this mobile app, complete waste of money. Never again.",Product Forum,mobile app,negative,2024-11-28,"I'm so disappointed with this mobile app, complete waste of money. Never again.",-0.7346,-0.2833,0.3833,-0.5541,negative,0,0,1,0,0,0,sadness,1
REV100015,"Very frustrated with the smartphone case, it never worked as advertised. :(",Amazon Review,smartphone case,negative,2024-08-24,"Very frustrated with the smartphone case, it never worked as advertised. :(",-0.7645,-0.83,0.63,-0.7907,negative,0,1,0,0,0,0,anger,1
REV100016,"The electric toothbrush does what it's supposed to do, nothing special.",Twitter/X Post,electric toothbrush,neutral,2024-06-17,"The electric toothbrush does what it's supposed to do, nothing special.",-0.3089,0.3571,0.5714,-0.0425,neutral,0,0,0,0,0,0,none,0
REV100017,"This restaurant chain is a game changer, I use it every single day.",News Headline,restaurant chain,positive,2024-11-27,"This restaurant chain is a game changer, I use it every single day.",0.0,-0.2357,0.3071,-0.0943,negative,0,0,0,0,0,0,none,0
REV100018,The desk lamp arrived quickly and the build quality is amazing.,Product Forum,desk lamp,positive,2024-02-14,The desk lamp arrived quickly and the build quality is amazing.,0.5859,0.4667,0.7,0.5382,positive,1,0,0,0,0,0,joy,1
REV100019,"Terrible air purifier, broke after just two days of use.",Amazon Review,air purifier,negative,2024-02-06,"Terrible air purifier, broke after just two days of use.",-0.7096,-1.0,1.0,-0.8258,negative,0,0,0,0,0,0,none,0
REV100020,"The streaming service is okay, not great but not bad either.",Twitter/X Post,streaming service,neutral,2024-03-04,"The streaming service is okay, not great but not bad either.",0.4728,0.15,0.6389,0.3437,positive,1,0,0,0,0,0,joy,1
REV100021,"This subscription plan is a game changer, I use it every single day.",Amazon Review,subscription plan,positive,2024-08-25,"This subscription plan is a game changer, I use it every single day.",0.0,-0.2357,0.3071,-0.0943,negative,0,0,0,0,0,0,none,0
REV100022,"The laptop stand is okay, not great but not bad either.",Facebook Comment,laptop stand,neutral,2024-06-26,"The laptop stand is okay, not great but not bad either.",0.4728,0.15,0.6389,0.3437,positive,1,0,0,0,0,0,joy,1
REV100023,Considering whether to keep the airline or exchange it.,Twitter/X Post,airline,neutral,2024-02-20,Considering whether to keep the airline or exchange it.,0.0,0.0,0.0,0.0,neutral,0,0,0,0,0,0,none,0
REV100024,"Absolutely love this bluetooth speaker, it exceeded all my expectations!",Facebook Comment,bluetooth speaker,positive,2024-11-14,"Absolutely love this bluetooth speaker, it exceeded all my expectations!",0.6989,0.625,0.6,0.6693,positive,1,0,0,0,0,0,joy,1
REV100025,What a wonderful bluetooth speaker! Great value for the price. Love it!,News Headline,bluetooth speaker,positive,2024-01-03,What a wonderful bluetooth speaker! Great value for the price. Love it!,0.9431,0.8083,0.7833,0.8892,positive,3,0,0,0,0,0,joy,3
REV100026,"The water bottle does what it's supposed to do, nothing special.",Amazon Review,water bottle,neutral,2024-11-09,"The water bottle does what it's supposed to do, nothing special.",-0.3089,0.3571,0.5714,-0.0425,neutral,0,0,0,0,0,0,none,0
REV100027,The customer service team was super helpful with my yoga mat order.,Amazon Review,yoga mat,positive,2024-05-14,The customer service team was super helpful with my yoga mat order.,0.7717,0.3333,0.6667,0.5964,positive,0,0,0,0,0,0,none,0
REV100028,"Just unboxed the delivery service, will update this review later.",Twitter/X Post,delivery service,neutral,2024-08-16,"Just unboxed the delivery service, will update this review later.",0.0,0.0,0.0,0.0,neutral,0,0,0,0,0,0,none,0
REV100029,"This backpack is a game changer, I use it every single day.",Product Forum,backpack,positive,2024-06-12,"This backpack is a game changer, I use it every single day.",0.0,-0.2357,0.3071,-0.0943,negative,0,0,0,0,0,0,none,0
REV100030,"Absolutely love this air purifier, it exceeded all my expectations!",Product Forum,air purifier,positive,2024-09-18,"Absolutely love this air purifier, it exceeded all my expectations!",0.6989,0.625,0.6,0.6693,positive,1,0,0,0,0,0,joy,1
REV100031,Great mobile app! My whole family loves it.,News Headline,mobile app,positive,2024-05-21,Great mobile app! My whole family loves it.,0.8439,0.6,0.575,0.7463,positive,1,0,0,0,0,0,joy,1
REV100032,"I'm so disappointed with this office chair, complete waste of money. Never again.",News Headline,office chair,negative,2024-03-04,"I'm so disappointed with this office chair, complete waste of money. Never again.",-0.7346,-0.2833,0.3833,-0.5541,negative,0,0,1,0,0,0,sadness,1
REV100033,The yoga mat arrived on time and matches the description.,News Headline,yoga mat,neutral,2024-05-18,The yoga mat arrived on time and matches the description.,0.0,0.0,0.0,0.0,neutral,0,0,0,0,0,0,none,0
REV100034,"Just unboxed the fitness tracker, will update this review later.",Twitter/X Post,fitness tracker,neutral,2024-08-29,"Just unboxed the fitness tracker, will update this review later.",0.2732,0.0,0.0,0.1639,positive,0,0,0,0,0,0,none,0
REV100035,The smartphone case has some pros and cons worth mentioning.,News Headline,smartphone case,neutral,2024-11-30,The smartphone case has some pros and cons worth mentioning.,0.2263,0.3,0.1,0.2558,positive,0,0,0,0,0,0,none,0
REV100036,"The laptop stand does what it's supposed to do, nothing special.",Twitter/X Post,laptop stand,neutral,2024-11-28,"The laptop stand does what it's supposed to do, nothing special.",-0.3089,0.3571,0.5714,-0.0425,neutral,0,0,0,0,0,0,none,0
REV100037,"I bought the fitness tracker last week, still testing it out.",Product Forum,fitness tracker,neutral,2024-11-29,"I bought the fitness tracker last week, still testing it out.",0.2732,0.0,0.0667,0.1639,positive,0,0,0,0,0,0,none,0
REV100038,What a wonderful smartphone case! Great value for the price.,Facebook Comment,smartphone case,positive,2024-03-29,What a wonderful smartphone case! Great value for the price.,0.8883,0.9,0.875,0.893,positive,2,0,0,0,0,0,joy,2
REV100039,"Terrible smartphone case, broke after just two days of use.",Product Forum,smartphone case,negative,2024-05-05,"Terrible smartphone case, broke after just two days of use.",-0.7096,-1.0,1.0,-0.8258,negative,0,0,0,0,0,0,none,0
REV100040,"Just unboxed the yoga mat, will update this review later.",Twitter/X Post,yoga mat,neutral,2024-09-05,"Just unboxed the yoga mat, will update this review later.",0.0,0.0,0.0,0.0,neutral,0,0,0,0,0,0,none,0
REV100041,What a wonderful software update! Great value for the price.,Product Forum,software update,positive,2024-08-31,What a wonderful software update! Great value for the price.,0.8883,0.9,0.875,0.893,positive,2,0,0,0,0,0,joy,2
REV100042,"I'm impressed by how well the desk lamp performs, truly outstanding. 😊",Product Forum,desk lamp,positive,2024-09-04,"I'm impressed by how well the desk lamp performs, truly outstanding.",0.9022,0.75,0.9375,0.8413,positive,2,0,0,0,0,0,joy,2
REV100043,Great water bottle! My whole family loves it.,Facebook Comment,water bottle,positive,2024-07-21,Great water bottle! My whole family loves it.,0.8439,0.6,0.575,0.7463,positive,1,0,0,0,0,0,joy,1
REV100044,"Absolutely love this fitness tracker, it exceeded all my expectations! 😊",News Headline,fitness tracker,positive,2024-06-30,"Absolutely love this fitness tracker, it exceeded all my expectations!",0.8171,0.625,0.6,0.7403,positive,1,0,0,0,0,0,joy,1
REV100045,"I'm impressed by how well the backpack performs, truly outstanding.",Product Forum,backpack,positive,2024-07-08,"I'm impressed by how well the backpack performs, truly outstanding.",0.9022,0.75,0.9375,0.8413,positive,2,0,0,0,0,0,joy,2
REV100046,"Very frustrated with the running shoes, it never worked as advertised.",Product Forum,running shoes,negative,2024-03-30,"Very frustrated with the running shoes, it never worked as advertised.",-0.5709,-0.91,0.26,-0.7065,negative,0,1,0,0,0,0,anger,1
REV100047,"The backpack is okay, not great but not bad either.",Facebook Comment,backpack,neutral,2024-07-31,"The backpack is okay, not great but not bad either.",0.4728,0.15,0.6389,0.3437,positive,1,0,0,0,0,0,joy,1
REV100048,"Disappointing kitchen blender, definitely returning it. 😡",Twitter/X Post,kitchen blender,negative,2024-03-11,"Disappointing kitchen blender, definitely returning it.",-0.128,-0.3,0.6,-0.1968,negative,0,0,1,0,0,0,sadness,1
REV100049,"I'm so disappointed with this gaming mouse, complete waste of money.",Twitter/X Post,gaming mouse,negative,2024-10-29,"I'm so disappointed with this gaming mouse, complete waste of money.",-0.7346,-0.2833,0.3833,-0.5541,negative,0,0,1,0,0,0,sadness,1
REV100050,"I bought the software update last week, still testing it out.",Amazon Review,software update,neutral,2024-04-17,"I bought the software update last week, still testing it out.",0.0,0.0,0.0667,0.0,neutral,0,0,0,0,0,0,none,0
REV100051,"This electric toothbrush is fantastic, best purchase I've made all year.",News Headline,electric toothbrush,positive,2024-08-31,"This electric toothbrush is fantastic, best purchase I've made all year.",0.8316,0.7,0.6,0.779,positive,2,0,0,0,0,0,joy,2
REV100053,"Awful experience with the desk lamp, would not recommend at all.",Facebook Comment,desk lamp,negative,2024-09-06,"Awful experience with the desk lamp, would not recommend at all.",-0.6261,-1.0,1.0,-0.7757,negative,0,0,0,0,1,0,trust,1
REV100054,Comparing the customer support experience to similar products on the market now.,Twitter/X Post,customer support experience,neutral,2024-08-16,Comparing the customer support experience to similar products on the market now.,0.4019,0.0,0.4,0.2411,positive,0,0,0,0,0,0,none,0
REV100055,"Just unboxed the gaming mouse, will update this review later.",News Headline,gaming mouse,neutral,2024-10-29,"Just unboxed the gaming mouse, will update this review later.",0.0,0.0,0.0,0.0,neutral,0,0,0,0,0,0,none,0
REV100056,Here is my honest review of the yoga mat after a week of use.,Twitter/X Post,yoga mat,neutral,2024-01-30,Here is my honest review of the yoga mat after a week of use.,0.5106,0.6,0.9,0.5464,positive,0,0,0,0,1,0,trust,1
REV100057,"Excellent fitness tracker, exactly as described and super reliable. Love it!",Twitter/X Post,fitness tracker,positive,2024-03-19,"Excellent fitness tracker, exactly as described and super reliable. Love it!",0.9348,0.5521,0.6292,0.7817,positive,2,0,0,0,1,0,joy,3
REV100058,"Received the delivery service today, packaging was standard.",Twitter/X Post,delivery service,neutral,2024-12-10,"Received the delivery service today, packaging was standard.",0.0,0.0,0.0,0.0,neutral,0,0,0,0,0,0,none,0
REV100059,Here is my honest review of the backpack after a week of use.,Product Forum,backpack,neutral,2024-11-10,Here is my honest review of the backpack after a week of use.,0.5106,0.6,0.9,0.5464,positive,0,0,0,0,1,0,trust,1
REV100060,The air purifier is overpriced for such low quality.,Twitter/X Post,air purifier,negative,2024-02-03,The air purifier is overpriced for such low quality.,-0.2732,0.0,0.4,-0.1639,negative,0,0,0,0,0,0,none,0
REV100061,What a wonderful yoga mat! Great value for the price.,Product Forum,yoga mat,positive,2024-03-15,What a wonderful yoga mat! Great value for the price.,0.8883,0.9,0.875,0.893,positive,2,0,0,0,0,0,joy,2
REV100062,"Five stars for the laptop stand, it changed the way I do things. 😊",Product Forum,laptop stand,positive,2024-01-18,"Five stars for the laptop stand, it changed the way I do things.",0.0,0.0,0.0,0.0,neutral,0,0,0,0,0,0,none,0
REV100063,"Awful experience with the kitchen blender, would not recommend at all.",Facebook Comment,kitchen blender,negative,2024-07-11,"Awful experience with the kitchen blender, would not recommend at all.",-0.6261,-1.0,1.0,-0.7757,negative,0,0,0,0,1,0,trust,1
REV100064,"The smartphone case works as expected, average performance overall.",Amazon Review,smartphone case,neutral,2024-03-28,"The smartphone case works as expected, average performance overall.",0.0,-0.0833,0.2667,-0.0333,neutral,0,0,0,0,0,0,none,0
REV100065,Highly recommend the gaming mouse to anyone looking for quality.,News Headline,gaming mouse,positive,2024-09-13,Highly recommend the gaming mouse to anyone looking for quality.,0.4201,0.16,0.54,0.3161,positive,0,0,0,0,1,0,trust,1
REV100066,"This office chair is a game changer, I use it every single day. Love it!",Product Forum,office chair,positive,2024-04-16,"This office chair is a game changer, I use it every single day. Love it!",0.6696,0.0512,0.4048,0.4222,positive,1,0,0,0,0,0,joy,1
REV100067,The customer service team was super helpful with my electric toothbrush order.,News Headline,electric toothbrush,positive,2024-01-22,The customer service team was super helpful with my electric toothbrush order.,0.7717,0.3333,0.6667,0.5964,positive,0,0,0,0,0,0,none,0
REV100068,"The delivery service does what it's supposed to do, nothing special.",Facebook Comment,delivery service,neutral,2024-10-26,"The delivery service does what it's supposed to do, nothing special.",-0.3089,0.3571,0.5714,-0.0425,neutral,0,0,0,0,0,0,none,0
REV100069,"Worst bluetooth speaker I have ever bought, total regret. :(",Product Forum,bluetooth speaker,negative,2024-06-28,"Worst bluetooth speaker I have ever bought, total regret. :(",-0.8852,-0.5833,0.9167,-0.7645,negative,0,0,1,0,0,0,sadness,1
REV100070,Comparing the smartphone case to similar products on the market now.,Amazon Review,smartphone case,neutral,2024-01-02,Comparing the smartphone case to similar products on the market now.,0.0,0.0,0.4,0.0,neutral,0,0,0,0,0,0,none,0
REV100073,This software update caused nothing but problems since day one.,Facebook Comment,software update,negative,2024-12-20,This software update caused nothing but problems since day one.,0.438,0.0,0.0,0.2628,positive,0,0,0,0,0,0,none,0
REV100074,"Excellent subscription plan, exactly as described and super reliable. :)",Product Forum,subscription plan,positive,2024-08-23,"Excellent subscription plan, exactly as described and super reliable. :)",0.891,0.5208,0.7292,0.7429,positive,1,0,0,0,1,0,joy,2
REV100075,This bluetooth speaker is poorly made and feels cheap.,Amazon Review,bluetooth speaker,negative,2024-05-19,This bluetooth speaker is poorly made and feels cheap.,0.0,0.0,0.65,0.0,neutral,0,0,0,0,0,0,none,0
REV100076,Highly recommend the software update to anyone looking for quality.,Facebook Comment,software update,positive,2024-12-23,Highly recommend the software update to anyone looking for quality.,0.4201,0.16,0.54,0.3161,positive,0,0,0,0,1,0,trust,1
REV100077,"Very frustrated with the delivery service, it never worked as advertised.!!",Twitter/X Post,delivery service,negative,2024-11-13,"Very frustrated with the delivery service, it never worked as advertised.!!",-0.6459,-1.0,0.26,-0.7875,negative,0,1,0,0,0,0,anger,1
REV100078,"The restaurant chain works as expected, average performance overall.",Product Forum,restaurant chain,neutral,2024-04-14,"The restaurant chain works as expected, average performance overall.",0.0,-0.0833,0.2667,-0.0333,neutral,0,0,0,0,0,0,none,0
REV100079,"The software update is okay, not great but not bad either.",Amazon Review,software update,neutral,2024-05-20,"The software update is okay, not great but not bad either.",0.4728,0.15,0.6389,0.3437,positive,1,0,0,0,0,0,joy,1
REV100080,"This gaming mouse is fantastic, best purchase I've made all year.",Amazon Review,gaming mouse,positive,2024-07-09,"This gaming mouse is fantastic, best purchase I've made all year.",0.8316,0.7,0.6,0.779,positive,2,0,0,0,0,0,joy,2
REV100081,Comparing the air purifier to similar products on the market now.,Product Forum,air purifier,neutral,2024-04-29,Comparing the air purifier to similar products on the market now.,0.0,0.0,0.4,0.0,neutral,0,0,0,0,0,0,none,0
REV100082,Considering whether to keep the mobile app or exchange it.,Product Forum,mobile app,neutral,2024-02-21,Considering whether to keep the mobile app or exchange it.,0.0,0.0,0.0,0.0,neutral,0,0,0,0,0,0,none,0
REV100083,The mobile app arrived quickly and the build quality is amazing.,Facebook Comment,mobile app,positive,2024-10-13,The mobile app arrived quickly and the build quality is amazing.,0.5859,0.4667,0.7,0.5382,positive,1,0,0,0,0,0,joy,1
REV100084,"Received the yoga mat today, packaging was standard.",Amazon Review,yoga mat,neutral,2024-05-17,"Received the yoga mat today, packaging was standard.",0.0,0.0,0.0,0.0,neutral,0,0,0,0,0,0,none,0
REV100085,What a wonderful water bottle! Great value for the price. 😊,Facebook Comment,water bottle,positive,2024-06-04,What a wonderful water bottle! Great value for the price.,0.8883,0.9,0.875,0.893,positive,2,0,0,0,0,0,joy,2
REV100086,The yoga mat is overpriced for such low quality.,Facebook Comment,yoga mat,negative,2024-12-30,The yoga mat is overpriced for such low quality.,-0.2732,0.0,0.4,-0.1639,negative,0,0,0,0,0,0,none,0
REV100087,Highly recommend the customer support experience to anyone looking for quality. 😊,Product Forum,customer support experience,positive,2024-03-21,Highly recommend the customer support experience to anyone looking for quality.,0.6697,0.16,0.54,0.4658,positive,0,0,0,0,1,0,trust,1
REV100088,This water bottle is poorly made and feels cheap. Never again.,Product Forum,water bottle,negative,2024-04-17,This water bottle is poorly made and feels cheap. Never again.,0.0,0.0,0.65,0.0,neutral,0,0,0,0,0,0,none,0
REV100089,The software update stopped working and support was unhelpful.,Product Forum,software update,negative,2024-04-05,The software update stopped working and support was unhelpful.,0.2023,0.0,0.0,0.1214,positive,0,0,0,0,0,0,none,0
REV100090,"I'm so happy with the gaming mouse, works perfectly and looks great.",Amazon Review,gaming mouse,positive,2024-12-23,"I'm so happy with the gaming mouse, works perfectly and looks great.",0.923,0.8667,0.9167,0.9005,positive,2,0,0,0,0,0,joy,2
REV100091,The kitchen blender is overpriced for such low quality. :(,News Headline,kitchen blender,negative,2024-12-05,The kitchen blender is overpriced for such low quality. :(,-0.6124,-0.25,0.6,-0.4674,negative,0,0,0,0,0,0,none,0
REV100092,"Terrible wireless headphones, broke after just two days of use.!!",Amazon Review,wireless headphones,negative,2024-02-26,"Terrible wireless headphones, broke after just two days of use.!!",-0.7568,-1.0,1.0,-0.8541,negative,0,0,0,0,0,0,none,0
REV100094,What a wonderful electric toothbrush! Great value for the price.,Facebook Comment,electric toothbrush,positive,2024-11-18,What a wonderful electric toothbrush! Great value for the price.,0.8883,0.9,0.875,0.893,positive,2,0,0,0,0,0,joy,2
REV100095,"Just unboxed the water bottle, will update this review later.",Twitter/X Post,water bottle,neutral,2024-05-08,"Just unboxed the water bottle, will update this review later.",0.0,0.0,0.0,0.0,neutral,0,0,0,0,0,0,none,0
REV100096,Comparing the restaurant chain to similar products on the market now.,Twitter/X Post,restaurant chain,neutral,2024-10-31,Comparing the restaurant chain to similar products on the market now.,0.0,0.0,0.4,0.0,neutral,0,0,0,0,0,0,none,0
REV100097,Great customer support experience! My whole family loves it.,Twitter/X Post,customer support experience,positive,2024-03-20,Great customer support experience! My whole family loves it.,0.8955,0.6,0.575,0.7773,positive,1,0,0,0,0,0,joy,1
REV100098,The streaming service arrived damaged and customer service ignored me.,Amazon Review,streaming service,negative,2024-01-13,The streaming service arrived damaged and customer service ignored me.,-0.6369,0.0,0.0,-0.3821,negative,0,0,0,0,0,0,none,0
REV100099,"Just unboxed the mobile app, will update this review later.",News Headline,mobile app,neutral,2024-07-22,"Just unboxed the mobile app, will update this review later.",0.0,0.0,0.0,0.0,neutral,0,0,0,0,0,0,none,0
REV100100,The customer service team was super helpful with my gaming mouse order.,Facebook Comment,gaming mouse,positive,2024-08-13,The customer service team was super helpful with my gaming mouse order.,0.7717,0.3333,0.6667,0.5964,positive,0,0,0,0,0,0,none,0
REV100101,"Terrible customer support experience, broke after just two days of use.",News Headline,customer support experience,negative,2024-07-05,"Terrible customer support experience, broke after just two days of use.",-0.4939,-1.0,1.0,-0.6963,negative,0,0,0,0,0,0,none,0
REV100102,The gaming mouse arrived on time and matches the description.,News Headline,gaming mouse,neutral,2024-12-29,The gaming mouse arrived on time and matches the description.,0.0,0.0,0.0,0.0,neutral,0,0,0,0,0,0,none,0
REV100103,I hate how unreliable this coffee maker turned out to be. Never again.,Amazon Review,coffee maker,negative,2024-09-05,I hate how unreliable this coffee maker turned out to be. Never again.,-0.5719,-0.8,0.9,-0.6631,negative,0,1,0,0,0,0,anger,1
REV100104,"Worst laptop stand I have ever bought, total regret.",News Headline,laptop stand,negative,2024-05-20,"Worst laptop stand I have ever bought, total regret.",-0.8016,-0.5,0.875,-0.681,negative,0,0,1,0,0,0,sadness,1
REV100106,"This coffee maker is a game changer, I use it every single day. Love it!",Amazon Review,coffee maker,positive,2024-05-01,"This coffee maker is a game changer, I use it every single day. Love it!",0.6696,0.0512,0.4048,0.4222,positive,1,0,0,0,0,0,joy,1
REV100107,"I'm impressed by how well the water bottle performs, truly outstanding.",Product Forum,water bottle,positive,2024-07-29,"I'm impressed by how well the water bottle performs, truly outstanding.",0.9022,0.75,0.9375,0.8413,positive,2,0,0,0,0,0,joy,2
REV100108,"The smartphone case does what it's supposed to do, nothing special.",Product Forum,smartphone case,neutral,2024-05-16,"The smartphone case does what it's supposed to do, nothing special.",-0.3089,0.3571,0.5714,-0.0425,neutral,0,0,0,0,0,0,none,0
REV100110,"Awful experience with the water bottle, would not recommend at all. Never again.",Facebook Comment,water bottle,negative,2024-12-04,"Awful experience with the water bottle, would not recommend at all. Never again.",-0.6261,-1.0,1.0,-0.7757,negative,0,0,0,0,1,0,trust,1
REV100111,The desk lamp arrived on time and matches the description.,News Headline,desk lamp,neutral,2024-12-25,The desk lamp arrived on time and matches the description.,0.0,0.0,0.0,0.0,neutral,0,0,0,0,0,0,none,0
REV100112,"Received the software update today, packaging was standard.",Product Forum,software update,neutral,2024-09-04,"Received the software update today, packaging was standard.",0.0,0.0,0.0,0.0,neutral,0,0,0,0,0,0,none,0
REV100113,The bluetooth speaker has some pros and cons worth mentioning.,Twitter/X Post,bluetooth speaker,neutral,2024-01-11,The bluetooth speaker has some pros and cons worth mentioning.,0.2263,0.3,0.1,0.2558,positive,0,0,0,0,0,0,none,0
REV100114,"I bought the smartphone case last week, still testing it out.",Twitter/X Post,smartphone case,neutral,2024-11-21,"I bought the smartphone case last week, still testing it out.",0.0,0.0,0.0667,0.0,neutral,0,0,0,0,0,0,none,0
REV100115,I hate how unreliable this restaurant chain turned out to be. 😡,News Headline,restaurant chain,negative,2024-06-02,I hate how unreliable this restaurant chain turned out to be.,-0.5719,-0.8,0.9,-0.6631,negative,0,1,0,0,0,0,anger,1
REV100116,"Excellent fitness tracker, exactly as described and super reliable.!!",News Headline,fitness tracker,positive,2024-08-23,"Excellent fitness tracker, exactly as described and super reliable.!!",0.8829,0.5903,0.6389,0.7659,positive,1,0,0,0,1,0,joy,2
REV100117,"I'm so disappointed with this customer support experience, complete waste of money. 😡",News Headline,customer support experience,negative,2024-02-27,"I'm so disappointed with this customer support experience, complete waste of money.",-0.5413,-0.2833,0.3833,-0.4381,negative,0,0,1,0,0,0,sadness,1
REV100118,Great air purifier! My whole family loves it.,Amazon Review,air purifier,positive,2024-12-24,Great air purifier! My whole family loves it.,0.8439,0.6,0.575,0.7463,positive,1,0,0,0,0,0,joy,1
REV100119,The delivery service stopped working and support was unhelpful.,News Headline,delivery service,negative,2024-07-25,The delivery service stopped working and support was unhelpful.,0.2023,0.0,0.0,0.1214,positive,0,0,0,0,0,0,none,0
REV100120,"The wireless headphones is okay, not great but not bad either.",Product Forum,wireless headphones,neutral,2024-04-18,"The wireless headphones is okay, not great but not bad either.",0.4728,0.15,0.6389,0.3437,positive,1,0,0,0,0,0,joy,1
REV100121,"I'm impressed by how well the electric toothbrush performs, truly outstanding.",Amazon Review,electric toothbrush,positive,2024-03-02,"I'm impressed by how well the electric toothbrush performs, truly outstanding.",0.9022,0.75,0.9375,0.8413,positive,2,0,0,0,0,0,joy,2
REV100122,"Disappointing smartphone case, definitely returning it. Never again.",News Headline,smartphone case,negative,2024-03-11,"Disappointing smartphone case, definitely returning it. Never again.",-0.128,-0.3,0.6,-0.1968,negative,0,0,1,0,0,0,sadness,1
REV100123,"The fitness tracker works as expected, average performance overall.",News Headline,fitness tracker,neutral,2024-01-07,"The fitness tracker works as expected, average performance overall.",0.2732,-0.0833,0.2667,0.1306,positive,0,0,0,0,0,0,none,0
REV100124,This air purifier is poorly made and feels cheap. Never again.,Product Forum,air purifier,negative,2024-01-03,This air purifier is poorly made and feels cheap. Never again.,0.0,0.0,0.65,0.0,neutral,0,0,0,0,0,0,none,0
REV100125,I hate how unreliable this bluetooth speaker turned out to be.,Facebook Comment,bluetooth speaker,negative,2024-08-30,I hate how unreliable this bluetooth speaker turned out to be.,-0.5719,-0.8,0.9,-0.6631,negative,0,1,0,0,0,0,anger,1
REV100126,"The bluetooth speaker is okay, not great but not bad either.",Amazon Review,bluetooth speaker,neutral,2024-01-16,"The bluetooth speaker is okay, not great but not bad either.",0.4728,0.15,0.6389,0.3437,positive,1,0,0,0,0,0,joy,1
REV100127,Comparing the gaming mouse to similar products on the market now.,Facebook Comment,gaming mouse,neutral,2024-08-07,Comparing the gaming mouse to similar products on the market now.,0.0,0.0,0.4,0.0,neutral,0,0,0,0,0,0,none,0
REV100129,The airline stopped working and support was unhelpful.!!,Amazon Review,airline,negative,2024-11-03,The airline stopped working and support was unhelpful.!!,0.3365,0.0,0.0,0.2019,positive,0,0,0,0,0,0,none,0
REV100130,"The restaurant chain meets the basic requirements, nothing more.",Twitter/X Post,restaurant chain,neutral,2024-04-30,"The restaurant chain meets the basic requirements, nothing more.",0.0,0.25,0.3125,0.1,positive,0,0,0,0,0,0,none,0
REV100131,The yoga mat arrived quickly and the build quality is amazing.,Facebook Comment,yoga mat,positive,2024-08-11,The yoga mat arrived quickly and the build quality is amazing.,0.5859,0.4667,0.7,0.5382,positive,1,0,0,0,0,0,joy,1
REV100132,"I'm so happy with the coffee maker, works perfectly and looks great. :)",Facebook Comment,coffee maker,positive,2024-10-17,"I'm so happy with the coffee maker, works perfectly and looks great. :)",0.9459,0.775,0.9375,0.8775,positive,2,0,0,0,0,0,joy,2
REV100133,"This bluetooth speaker is a game changer, I use it every single day.!!",Twitter/X Post,bluetooth speaker,positive,2024-11-08,"This bluetooth speaker is a game changer, I use it every single day.!!",0.0,-0.2558,0.3071,-0.1023,negative,0,0,0,0,0,0,none,0
REV100134,I hate how unreliable this software update turned out to be.,Facebook Comment,software update,negative,2024-04-01,I hate how unreliable this software update turned out to be.,-0.5719,-0.8,0.9,-0.6631,negative,0,1,0,0,0,0,anger,1
REV100135,The customer service team was super helpful with my airline order.,Facebook Comment,airline,positive,2024-03-27,The customer service team was super helpful with my airline order.,0.7717,0.3333,0.6667,0.5964,positive,0,0,0,0,0,0,none,0
REV100136,"Received the air purifier today, packaging was standard.",News Headline,air purifier,neutral,2024-11-07,"Received the air purifier today, packaging was standard.",0.0,0.0,0.0,0.0,neutral,0,0,0,0,0,0,none,0
REV100137,"Five stars for the fitness tracker, it changed the way I do things. :)",News Headline,fitness tracker,positive,2024-11-23,"Five stars for the fitness tracker, it changed the way I do things. :)",0.6249,0.5,1.0,0.5749,positive,0,0,0,0,0,0,none,0
REV100138,This delivery service is poorly made and feels cheap.,News Headline,delivery service,negative,2024-01-01,This delivery service is poorly made and feels cheap.,0.0,0.0,0.65,0.0,neutral,0,0,0,0,0,0,none,0
REV100139,"This water bottle is a game changer, I use it every single day.",Product Forum,water bottle,positive,2024-10-14,"This water bottle is a game changer, I use it every single day.",0.0,-0.2357,0.3071,-0.0943,negative,0,0,0,0,0,0,none,0
REV100140,What a wonderful mobile app! Great value for the price.,News Headline,mobile app,positive,2024-01-24,What a wonderful mobile app! Great value for the price.,0.8883,0.9,0.875,0.893,positive,2,0,0,0,0,0,joy,2
REV100142,"This backpack is fantastic, best purchase I've made all year.",News Headline,backpack,positive,2024-08-21,"This backpack is fantastic, best purchase I've made all year.",0.8316,0.7,0.6,0.779,positive,2,0,0,0,0,0,joy,2
REV100143,The coffee maker has some pros and cons worth mentioning.,Twitter/X Post,coffee maker,neutral,2024-10-14,The coffee maker has some pros and cons worth mentioning.,0.2263,0.3,0.1,0.2558,positive,0,0,0,0,0,0,none,0
REV100144,"The yoga mat is okay, not great but not bad either.",Product Forum,yoga mat,neutral,2024-09-07,"The yoga mat is okay, not great but not bad either.",0.4728,0.15,0.6389,0.3437,positive,1,0,0,0,0,0,joy,1
REV100145,"Disappointing customer support experience, definitely returning it.",Twitter/X Post,customer support experience,negative,2024-02-28,"Disappointing customer support experience, definitely returning it.",0.296,-0.3,0.6,0.0576,positive,0,0,1,0,0,0,sadness,1
REV100146,"Absolutely love this water bottle, it exceeded all my expectations!",Facebook Comment,water bottle,positive,2024-04-16,"Absolutely love this water bottle, it exceeded all my expectations!",0.6989,0.625,0.6,0.6693,positive,1,0,0,0,0,0,joy,1
REV100147,Considering whether to keep the electric toothbrush or exchange it.,Amazon Review,electric toothbrush,neutral,2024-09-29,Considering whether to keep the electric toothbrush or exchange it.,0.0,0.0,0.0,0.0,neutral,0,0,0,0,0,0,none,0
REV100148,Great restaurant chain! My whole family loves it.,Twitter/X Post,restaurant chain,positive,2024-09-13,Great restaurant chain! My whole family loves it.,0.8439,0.6,0.575,0.7463,positive,1,0,0,0,0,0,joy,1
REV100149,"Excellent water bottle, exactly as described and super reliable.",Facebook Comment,water bottle,positive,2024-04-08,"Excellent water bottle, exactly as described and super reliable.",0.8225,0.5278,0.6389,0.7046,positive,1,0,0,0,1,0,joy,2
REV100152,The fitness tracker stopped working and support was unhelpful.,Twitter/X Post,fitness tracker,negative,2024-02-20,The fitness tracker stopped working and support was unhelpful.,0.4404,0.0,0.0,0.2642,positive,0,0,0,0,0,0,none,0
REV100153,"Disappointing water bottle, definitely returning it.!!",News Headline,water bottle,negative,2024-12-13,"Disappointing water bottle, definitely returning it.!!",-0.2695,-0.3,0.6,-0.2817,negative,0,0,1,0,0,0,sadness,1
REV100155,"The fitness tracker is okay, not great but not bad either.",Twitter/X Post,fitness tracker,neutral,2024-12-08,"The fitness tracker is okay, not great but not bad either.",0.5615,0.15,0.6389,0.3969,positive,1,0,0,0,0,0,joy,1
REV100156,The coffee maker arrived on time and matches the description.,Amazon Review,coffee maker,neutral,2024-11-26,The coffee maker arrived on time and matches the description.,0.0,0.0,0.0,0.0,neutral,0,0,0,0,0,0,none,0
REV100157,Considering whether to keep the laptop stand or exchange it.,Facebook Comment,laptop stand,neutral,2024-05-17,Considering whether to keep the laptop stand or exchange it.,0.0,0.0,0.0,0.0,neutral,0,0,0,0,0,0,none,0
REV100158,Here is my honest review of the subscription plan after a week of use.,Twitter/X Post,subscription plan,neutral,2024-06-09,Here is my honest review of the subscription plan after a week of use.,0.5106,0.6,0.9,0.5464,positive,0,0,0,0,1,0,trust,1
REV100159,The streaming service arrived quickly and the build quality is amazing. 😊,Twitter/X Post,streaming service,positive,2024-07-27,The streaming service arrived quickly and the build quality is amazing.,0.5859,0.4667,0.7,0.5382,positive,1,0,0,0,0,0,joy,1
REV100160,"The yoga mat works as expected, average performance overall.",News Headline,yoga mat,neutral,2024-02-28,"The yoga mat works as expected, average performance overall.",0.0,-0.0833,0.2667,-0.0333,neutral,0,0,0,0,0,0,none,0
REV100161,Highly recommend the office chair to anyone looking for quality.,Twitter/X Post,office chair,positive,2024-07-25,Highly recommend the office chair to anyone looking for quality.,0.4201,0.16,0.54,0.3161,positive,0,0,0,0,1,0,trust,1
REV100162,This coffee maker is poorly made and feels cheap.!!,Twitter/X Post,coffee maker,negative,2024-12-29,This coffee maker is poorly made and feels cheap.!!,0.0,0.1125,0.65,0.045,neutral,0,0,0,0,0,0,none,0
REV100164,"Received the laptop stand today, packaging was standard.",Amazon Review,laptop stand,neutral,2024-09-20,"Received the laptop stand today, packaging was standard.",0.0,0.0,0.0,0.0,neutral,0,0,0,0,0,0,none,0
REV100165,Highly recommend the restaurant chain to anyone looking for quality. Love it!,Twitter/X Post,restaurant chain,positive,2024-05-16,Highly recommend the restaurant chain to anyone looking for quality. Love it!,0.8066,0.3925,0.57,0.641,positive,1,0,0,0,1,0,joy,2
REV100166,What a wonderful bluetooth speaker! Great value for the price.!!,Twitter/X Post,bluetooth speaker,positive,2024-07-06,What a wonderful bluetooth speaker! Great value for the price.!!,0.9017,1.0,0.875,0.941,positive,2,0,0,0,0,0,joy,2
REV100167,"The fitness tracker meets the basic requirements, nothing more.",Amazon Review,fitness tracker,neutral,2024-04-13,"The fitness tracker meets the basic requirements, nothing more.",0.2732,0.25,0.3125,0.2639,positive,0,0,0,0,0,0,none,0
REV100169,Great electric toothbrush! My whole family loves it.,Twitter/X Post,electric toothbrush,positive,2024-02-08,Great electric toothbrush! My whole family loves it.,0.8439,0.6,0.575,0.7463,positive,1,0,0,0,0,0,joy,1
REV100170,"This running shoes is a game changer, I use it every single day. Love it!",Product Forum,running shoes,positive,2024-04-18,"This running shoes is a game changer, I use it every single day. Love it!",0.6696,0.0512,0.4048,0.4222,positive,1,0,0,0,0,0,joy,1
REV100171,The gaming mouse stopped working and support was unhelpful.,Amazon Review,gaming mouse,negative,2024-08-27,The gaming mouse stopped working and support was unhelpful.,0.2023,0.0,0.0,0.1214,positive,0,0,0,0,0,0,none,0
REV100172,"Just unboxed the backpack, will update this review later.",Amazon Review,backpack,neutral,2024-12-26,"Just unboxed the backpack, will update this review later.",0.0,0.0,0.0,0.0,neutral,0,0,0,0,0,0,none,0
REV100173,"Very frustrated with the water bottle, it never worked as advertised.",Amazon Review,water bottle,negative,2024-10-07,"Very frustrated with the water bottle, it never worked as advertised.",-0.5709,-0.91,0.26,-0.7065,negative,0,1,0,0,0,0,anger,1
REV100174,"Worst software update I have ever bought, total regret.",Amazon Review,software update,negative,2024-06-09,"Worst software update I have ever bought, total regret.",-0.8016,-0.5,0.875,-0.681,negative,0,0,1,0,0,0,sadness,1
REV100175,"Just unboxed the bluetooth speaker, will update this review later.",News Headline,bluetooth speaker,neutral,2024-05-29,"Just unboxed the bluetooth speaker, will update this review later.",0.0,0.0,0.0,0.0,neutral,0,0,0,0,0,0,none,0
REV100177,"Terrible laptop stand, broke after just two days of use. Never again.",Facebook Comment,laptop stand,negative,2024-07-17,"Terrible laptop stand, broke after just two days of use. Never again.",-0.7096,-1.0,1.0,-0.8258,negative,0,0,0,0,0,0,none,0
REV100178,Highly recommend the subscription plan to anyone looking for quality.,Twitter/X Post,subscription plan,positive,2024-03-06,Highly recommend the subscription plan to anyone looking for quality.,0.4201,0.16,0.54,0.3161,positive,0,0,0,0,1,0,trust,1
REV100179,Highly recommend the smartphone case to anyone looking for quality.,News Headline,smartphone case,positive,2024-07-19,Highly recommend the smartphone case to anyone looking for quality.,0.4201,0.16,0.54,0.3161,positive,0,0,0,0,1,0,trust,1
REV100180,The backpack is overpriced for such low quality. :(,Product Forum,backpack,negative,2024-11-11,The backpack is overpriced for such low quality. :(,-0.6124,-0.25,0.6,-0.4674,negative,0,0,0,0,0,0,none,0
REV100181,The kitchen blender arrived on time and matches the description.,Product Forum,kitchen blender,neutral,2024-12-09,The kitchen blender arrived on time and matches the description.,0.0,0.0,0.0,0.0,neutral,0,0,0,0,0,0,none,0
REV100182,Great software update! My whole family loves it.!!,Amazon Review,software update,positive,2024-12-27,Great software update! My whole family loves it.!!,0.865,0.6562,0.575,0.7815,positive,1,0,0,0,0,0,joy,1
REV100183,"I'm so happy with the backpack, works perfectly and looks great. 😊",Amazon Review,backpack,positive,2024-11-13,"I'm so happy with the backpack, works perfectly and looks great.",0.923,0.8667,0.9167,0.9005,positive,2,0,0,0,0,0,joy,2
REV100184,Highly recommend the air purifier to anyone looking for quality.,Amazon Review,air purifier,positive,2024-02-27,Highly recommend the air purifier to anyone looking for quality.,0.4201,0.16,0.54,0.3161,positive,0,0,0,0,1,0,trust,1
REV100185,This yoga mat caused nothing but problems since day one.,News Headline,yoga mat,negative,2024-05-25,This yoga mat caused nothing but problems since day one.,0.438,0.0,0.0,0.2628,positive,0,0,0,0,0,0,none,0
REV100188,"Terrible yoga mat, broke after just two days of use.",Amazon Review,yoga mat,negative,2024-08-06,"Terrible yoga mat, broke after just two days of use.",-0.7096,-1.0,1.0,-0.8258,negative,0,0,0,0,0,0,none,0
REV100189,The customer support experience arrived damaged and customer service ignored me. 😡,Amazon Review,customer support experience,negative,2024-12-29,The customer support experience arrived damaged and customer service ignored me.,-0.3612,0.0,0.0,-0.2167,negative,0,0,0,0,0,0,none,0
REV100190,"The water bottle is okay, not great but not bad either.",Amazon Review,water bottle,neutral,2024-06-21,"The water bottle is okay, not great but not bad either.",0.4728,0.15,0.6389,0.3437,positive,1,0,0,0,0,0,joy,1
REV100191,This kitchen blender is poorly made and feels cheap.,Twitter/X Post,kitchen blender,negative,2024-06-27,This kitchen blender is poorly made and feels cheap.,0.0,0.0,0.65,0.0,neutral,0,0,0,0,0,0,none,0
REV100192,The customer service team was super helpful with my subscription plan order.,Facebook Comment,subscription plan,positive,2024-08-15,The customer service team was super helpful with my subscription plan order.,0.7717,0.3333,0.6667,0.5964,positive,0,0,0,0,0,0,none,0
REV100193,"I'm so happy with the gaming mouse, works perfectly and looks great.!!",Product Forum,gaming mouse,positive,2024-11-27,"I'm so happy with the gaming mouse, works perfectly and looks great.!!",0.931,0.9333,0.9167,0.9319,positive,2,0,0,0,0,0,joy,2
REV100194,"Awful experience with the yoga mat, would not recommend at all.",Amazon Review,yoga mat,negative,2024-02-27,"Awful experience with the yoga mat, would not recommend at all.",-0.6261,-1.0,1.0,-0.7757,negative,0,0,0,0,1,0,trust,1
REV100195,This mobile app caused nothing but problems since day one.,Product Forum,mobile app,negative,2024-05-19,This mobile app caused nothing but problems since day one.,0.438,0.0,0.0,0.2628,positive,0,0,0,0,0,0,none,0
REV100196,This water bottle caused nothing but problems since day one. :(,Facebook Comment,water bottle,negative,2024-06-17,This water bottle caused nothing but problems since day one. :(,-0.2413,-0.75,1.0,-0.4448,negative,0,0,0,0,0,0,none,0
REV100197,"Received the fitness tracker today, packaging was standard.",Twitter/X Post,fitness tracker,neutral,2024-06-28,"Received the fitness tracker today, packaging was standard.",0.2732,0.0,0.0,0.1639,positive,0,0,0,0,0,0,none,0
REV100198,This air purifier caused nothing but problems since day one.,Facebook Comment,air purifier,negative,2024-12-15,This air purifier caused nothing but problems since day one.,0.438,0.0,0.0,0.2628,positive,0,0,0,0,0,0,none,0
REV100199,"I'm so happy with the gaming mouse, works perfectly and looks great. Love it!",Amazon Review,gaming mouse,positive,2024-05-18,"I'm so happy with the gaming mouse, works perfectly and looks great. Love it!",0.9571,0.8063,0.8375,0.8968,positive,3,0,0,0,0,0,joy,3
REV100200,"Absolutely love this streaming service, it exceeded all my expectations! :)",Product Forum,streaming service,positive,2024-02-01,"Absolutely love this streaming service, it exceeded all my expectations! :)",0.831,0.5625,0.8,0.7236,positive,1,0,0,0,0,0,joy,1
REV100201,Highly recommend the backpack to anyone looking for quality.,Product Forum,backpack,positive,2024-11-26,Highly recommend the backpack to anyone looking for quality.,0.4201,0.16,0.54,0.3161,positive,0,0,0,0,1,0,trust,1
REV100202,"I bought the restaurant chain last week, still testing it out.",Facebook Comment,restaurant chain,neutral,2024-07-05,"I bought the restaurant chain last week, still testing it out.",0.0,0.0,0.0667,0.0,neutral,0,0,0,0,0,0,none,0
REV100203,"Very frustrated with the subscription plan, it never worked as advertised.",Facebook Comment,subscription plan,negative,2024-03-24,"Very frustrated with the subscription plan, it never worked as advertised.",-0.5709,-0.91,0.26,-0.7065,negative,0,1,0,0,0,0,anger,1
REV100204,"Disappointing yoga mat, definitely returning it.",Facebook Comment,yoga mat,negative,2024-12-21,"Disappointing yoga mat, definitely returning it.",-0.128,-0.3,0.6,-0.1968,negative,0,0,1,0,0,0,sadness,1
REV100206,"This mobile app is fantastic, best purchase I've made all year.",Facebook Comment,mobile app,positive,2024-08-17,"This mobile app is fantastic, best purchase I've made all year.",0.8316,0.7,0.6,0.779,positive,2,0,0,0,0,0,joy,2
REV100207,"The desk lamp meets the basic requirements, nothing more.",News Headline,desk lamp,neutral,2024-02-19,"The desk lamp meets the basic requirements, nothing more.",0.0,0.25,0.3125,0.1,positive,0,0,0,0,0,0,none,0
REV100208,What a wonderful wireless headphones! Great value for the price.,News Headline,wireless headphones,positive,2024-01-05,What a wonderful wireless headphones! Great value for the price.,0.8883,0.9,0.875,0.893,positive,2,0,0,0,0,0,joy,2
REV100209,"Worst backpack I have ever bought, total regret.",Amazon Review,backpack,negative,2024-02-05,"Worst backpack I have ever bought, total regret.",-0.8016,-0.5,0.875,-0.681,negative,0,0,1,0,0,0,sadness,1
REV100210,"This running shoes is a game changer, I use it every single day.",Twitter/X Post,running shoes,positive,2024-06-03,"This running shoes is a game changer, I use it every single day.",0.0,-0.2357,0.3071,-0.0943,negative,0,0,0,0,0,0,none,0
REV100211,"I'm so disappointed with this wireless headphones, complete waste of money.",Product Forum,wireless headphones,negative,2024-06-05,"I'm so disappointed with this wireless headphones, complete waste of money.",-0.7346,-0.2833,0.3833,-0.5541,negative,0,0,1,0,0,0,sadness,1
REV100213,"Just unboxed the software update, will update this review later.",Facebook Comment,software update,neutral,2024-01-19,"Just unboxed the software update, will update this review later.",0.0,0.0,0.0,0.0,neutral,0,0,0,0,0,0,none,0
REV100214,Great smartphone case! My whole family loves it.,Product Forum,smartphone case,positive,2024-10-18,Great smartphone case! My whole family loves it.,0.8439,0.6,0.575,0.7463,positive,1,0,0,0,0,0,joy,1
REV100215,"Worst subscription plan I have ever bought, total regret.",News Headline,subscription plan,negative,2024-07-03,"Worst subscription plan I have ever bought, total regret.",-0.8016,-0.5,0.875,-0.681,negative,0,0,1,0,0,0,sadness,1
REV100216,The desk lamp arrived damaged and customer service ignored me.,Twitter/X Post,desk lamp,negative,2024-07-08,The desk lamp arrived damaged and customer service ignored me.,-0.6369,0.0,0.0,-0.3821,negative,0,0,0,0,0,0,none,0
REV100217,"I'm so disappointed with this delivery service, complete waste of money.!!",Facebook Comment,delivery service,negative,2024-06-21,"I'm so disappointed with this delivery service, complete waste of money.!!",-0.7768,-0.3208,0.3833,-0.5944,negative,0,0,1,0,0,0,sadness,1
REV100218,This software update caused nothing but problems since day one. Never again.,News Headline,software update,negative,2024-12-04,This software update caused nothing but problems since day one. Never again.,0.438,0.0,0.0,0.2628,positive,0,0,0,0,0,0,none,0
REV100221,The customer support experience has some pros and cons worth mentioning.,Twitter/X Post,customer support experience,neutral,2024-07-31,The customer support experience has some pros and cons worth mentioning.,0.5574,0.3,0.1,0.4544,positive,0,0,0,0,0,0,none,0
REV100222,"Disappointing wireless headphones, definitely returning it.",Twitter/X Post,wireless headphones,negative,2024-12-28,"Disappointing wireless headphones, definitely returning it.",-0.128,-0.3,0.6,-0.1968,negative,0,0,1,0,0,0,sadness,1
REV100223,"I'm so disappointed with this office chair, complete waste of money.",Facebook Comment,office chair,negative,2024-10-22,"I'm so disappointed with this office chair, complete waste of money.",-0.7346,-0.2833,0.3833,-0.5541,negative,0,0,1,0,0,0,sadness,1
REV100224,The airline arrived quickly and the build quality is amazing. :),Twitter/X Post,airline,positive,2024-09-15,The airline arrived quickly and the build quality is amazing. :),0.7783,0.4778,0.8,0.6581,positive,1,0,0,0,0,0,joy,1
REV100225,Comparing the kitchen blender to similar products on the market now.,Product Forum,kitchen blender,neutral,2024-08-13,Comparing the kitchen blender to similar products on the market now.,0.0,0.0,0.4,0.0,neutral,0,0,0,0,0,0,none,0
REV100228,The customer service team was super helpful with my desk lamp order.,Product Forum,desk lamp,positive,2024-05-28,The customer service team was super helpful with my desk lamp order.,0.7717,0.3333,0.6667,0.5964,positive,0,0,0,0,0,0,none,0
REV100229,This airline is poorly made and feels cheap.!!,News Headline,airline,negative,2024-09-25,This airline is poorly made and feels cheap.!!,0.0,0.1125,0.65,0.045,neutral,0,0,0,0,0,0,none,0
REV100230,This office chair is poorly made and feels cheap.,News Headline,office chair,negative,2024-04-13,This office chair is poorly made and feels cheap.,0.0,0.0,0.65,0.0,neutral,0,0,0,0,0,0,none,0
REV100231,"I'm so happy with the office chair, works perfectly and looks great.!!",News Headline,office chair,positive,2024-10-19,"I'm so happy with the office chair, works perfectly and looks great.!!",0.931,0.9333,0.9167,0.9319,positive,2,0,0,0,0,0,joy,2
REV100232,"I'm so happy with the backpack, works perfectly and looks great.!!",Twitter/X Post,backpack,positive,2024-10-12,"I'm so happy with the backpack, works perfectly and looks great.!!",0.931,0.9333,0.9167,0.9319,positive,2,0,0,0,0,0,joy,2
REV100234,"Disappointing software update, definitely returning it.",Twitter/X Post,software update,negative,2024-03-10,"Disappointing software update, definitely returning it.",-0.128,-0.3,0.6,-0.1968,negative,0,0,1,0,0,0,sadness,1
REV100236,"This water bottle is fantastic, best purchase I've made all year.",Product Forum,water bottle,positive,2024-09-09,"This water bottle is fantastic, best purchase I've made all year.",0.8316,0.7,0.6,0.779,positive,2,0,0,0,0,0,joy,2
REV100237,"Worst streaming service I have ever bought, total regret.",Amazon Review,streaming service,negative,2024-06-06,"Worst streaming service I have ever bought, total regret.",-0.8016,-0.5,0.875,-0.681,negative,0,0,1,0,0,0,sadness,1
REV100238,Highly recommend the office chair to anyone looking for quality. Love it!,News Headline,office chair,positive,2024-09-25,Highly recommend the office chair to anyone looking for quality. Love it!,0.8066,0.3925,0.57,0.641,positive,1,0,0,0,1,0,joy,2
REV100240,"Worst kitchen blender I have ever bought, total regret.",Facebook Comment,kitchen blender,negative,2024-02-23,"Worst kitchen blender I have ever bought, total regret.",-0.8016,-0.5,0.875,-0.681,negative,0,0,1,0,0,0,sadness,1
REV100241,"The mobile app works as expected, average performance overall.",Twitter/X Post,mobile app,neutral,2024-02-18,"The mobile app works as expected, average performance overall.",0.0,-0.0833,0.2667,-0.0333,neutral,0,0,0,0,0,0,none,0
REV100242,"The office chair is okay, not great but not bad either.",Twitter/X Post,office chair,neutral,2024-09-08,"The office chair is okay, not great but not bad either.",0.4728,0.15,0.6389,0.3437,positive,1,0,0,0,0,0,joy,1
REV100245,The backpack arrived damaged and customer service ignored me.,News Headline,backpack,negative,2024-07-14,The backpack arrived damaged and customer service ignored me.,-0.6369,0.0,0.0,-0.3821,negative,0,0,0,0,0,0,none,0
REV100246,"Just unboxed the airline, will update this review later.",Facebook Comment,airline,neutral,2024-07-16,"Just unboxed the airline, will update this review later.",0.0,0.0,0.0,0.0,neutral,0,0,0,0,0,0,none,0
REV100247,Considering whether to keep the software update or exchange it.,Amazon Review,software update,neutral,2024-07-01,Considering whether to keep the software update or exchange it.,0.0,0.0,0.0,0.0,neutral,0,0,0,0,0,0,none,0
REV100248,"This customer support experience is a game changer, I use it every single day. Love it!",Amazon Review,customer support experience,positive,2024-04-18,"This customer support experience is a game changer, I use it every single day. Love it!",0.8016,0.0512,0.4048,0.5014,positive,1,0,0,0,0,0,joy,1
REV100249,The office chair arrived quickly and the build quality is amazing.,Amazon Review,office chair,positive,2024-05-26,The office chair arrived quickly and the build quality is amazing.,0.5859,0.4667,0.7,0.5382,positive,1,0,0,0,0,0,joy,1
REV100250,This backpack caused nothing but problems since day one.,News Headline,backpack,negative,2024-03-27,This backpack caused nothing but problems since day one.,0.438,0.0,0.0,0.2628,positive,0,0,0,0,0,0,none,0
REV100251,The bluetooth speaker arrived quickly and the build quality is amazing.,Amazon Review,bluetooth speaker,positive,2024-11-26,The bluetooth speaker arrived quickly and the build quality is amazing.,0.5859,0.4667,0.7,0.5382,positive,1,0,0,0,0,0,joy,1
REV100252,The customer service team was super helpful with my kitchen blender order.,News Headline,kitchen blender,positive,2024-08-30,The customer service team was super helpful with my kitchen blender order.,0.7717,0.3333,0.6667,0.5964,positive,0,0,0,0,0,0,none,0
REV100253,"I'm so disappointed with this smartphone case, complete waste of money.",Twitter/X Post,smartphone case,negative,2024-12-03,"I'm so disappointed with this smartphone case, complete waste of money.",-0.7346,-0.2833,0.3833,-0.5541,negative,0,0,1,0,0,0,sadness,1
REV100254,"Worst desk lamp I have ever bought, total regret.",News Headline,desk lamp,negative,2024-10-27,"Worst desk lamp I have ever bought, total regret.",-0.8016,-0.5,0.875,-0.681,negative,0,0,1,0,0,0,sadness,1
REV100255,This laptop stand is poorly made and feels cheap.,Twitter/X Post,laptop stand,negative,2024-01-16,This laptop stand is poorly made and feels cheap.,0.0,0.0,0.65,0.0,neutral,0,0,0,0,0,0,none,0
REV100256,"Received the bluetooth speaker today, packaging was standard.",Twitter/X Post,bluetooth speaker,neutral,2024-04-04,"Received the bluetooth speaker today, packaging was standard.",0.0,0.0,0.0,0.0,neutral,0,0,0,0,0,0,none,0
REV100257,"Received the running shoes today, packaging was standard.",Twitter/X Post,running shoes,neutral,2024-09-15,"Received the running shoes today, packaging was standard.",0.0,0.0,0.0,0.0,neutral,0,0,0,0,0,0,none,0
REV100258,Here is my honest review of the coffee maker after a week of use.,Twitter/X Post,coffee maker,neutral,2024-04-27,Here is my honest review of the coffee maker after a week of use.,0.5106,0.6,0.9,0.5464,positive,0,0,0,0,1,0,trust,1
REV100260,"Disappointing streaming service, definitely returning it.",Product Forum,streaming service,negative,2024-05-09,"Disappointing streaming service, definitely returning it.",-0.128,-0.3,0.6,-0.1968,negative,0,0,1,0,0,0,sadness,1
REV100263,"Received the office chair today, packaging was standard.",Amazon Review,office chair,neutral,2024-11-30,"Received the office chair today, packaging was standard.",0.0,0.0,0.0,0.0,neutral,0,0,0,0,0,0,none,0
REV100264,"I bought the office chair last week, still testing it out.",Twitter/X Post,office chair,neutral,2024-06-02,"I bought the office chair last week, still testing it out.",0.0,0.0,0.0667,0.0,neutral,0,0,0,0,0,0,none,0
REV100265,Great kitchen blender! My whole family loves it.,Product Forum,kitchen blender,positive,2024-11-04,Great kitchen blender! My whole family loves it.,0.8439,0.6,0.575,0.7463,positive,1,0,0,0,0,0,joy,1
REV100267,"Disappointing fitness tracker, definitely returning it. :(",Twitter/X Post,fitness tracker,negative,2024-09-06,"Disappointing fitness tracker, definitely returning it. :(",-0.3182,-0.45,0.7333,-0.3709,negative,0,0,1,0,0,0,sadness,1
REV100268,"The running shoes does what it's supposed to do, nothing special.",Facebook Comment,running shoes,neutral,2024-05-24,"The running shoes does what it's supposed to do, nothing special.",-0.3089,0.3571,0.5714,-0.0425,neutral,0,0,0,0,0,0,none,0
REV100271,What a wonderful water bottle! Great value for the price. Love it!,Twitter/X Post,water bottle,positive,2024-08-05,What a wonderful water bottle! Great value for the price. Love it!,0.9431,0.8083,0.7833,0.8892,positive,3,0,0,0,0,0,joy,3
REV100273,"Five stars for the air purifier, it changed the way I do things.!!",Facebook Comment,air purifier,positive,2024-04-09,"Five stars for the air purifier, it changed the way I do things.!!",0.0,0.0,0.0,0.0,neutral,0,0,0,0,0,0,none,0
REV100274,"Disappointing bluetooth speaker, definitely returning it.!!",Twitter/X Post,bluetooth speaker,negative,2024-02-13,"Disappointing bluetooth speaker, definitely returning it.!!",-0.2695,-0.3,0.6,-0.2817,negative,0,0,1,0,0,0,sadness,1
REV100275,This kitchen blender caused nothing but problems since day one.!!,Product Forum,kitchen blender,negative,2024-05-09,This kitchen blender caused nothing but problems since day one.!!,0.5379,0.0,0.0,0.3227,positive,0,0,0,0,0,0,none,0
REV100276,"Excellent customer support experience, exactly as described and super reliable.",Amazon Review,customer support experience,positive,2024-09-25,"Excellent customer support experience, exactly as described and super reliable.",0.8834,0.5278,0.6389,0.7412,positive,1,0,0,0,1,0,joy,2
REV100277,"The subscription plan is okay, not great but not bad either.",Twitter/X Post,subscription plan,neutral,2024-05-25,"The subscription plan is okay, not great but not bad either.",0.4728,0.15,0.6389,0.3437,positive,1,0,0,0,0,0,joy,1
REV100278,The customer service team was super helpful with my software update order.,Twitter/X Post,software update,positive,2024-04-23,The customer service team was super helpful with my software update order.,0.7717,0.3333,0.6667,0.5964,positive,0,0,0,0,0,0,none,0
REV100280,"Awful experience with the yoga mat, would not recommend at all.!!",Twitter/X Post,yoga mat,negative,2024-03-22,"Awful experience with the yoga mat, would not recommend at all.!!",-0.6902,-1.0,1.0,-0.8141,negative,0,0,0,0,1,0,trust,1
REV100281,"The bluetooth speaker does what it's supposed to do, nothing special.",Amazon Review,bluetooth speaker,neutral,2024-02-03,"The bluetooth speaker does what it's supposed to do, nothing special.",-0.3089,0.3571,0.5714,-0.0425,neutral,0,0,0,0,0,0,none,0
REV100282,"Five stars for the running shoes, it changed the way I do things.",Amazon Review,running shoes,positive,2024-01-16,"Five stars for the running shoes, it changed the way I do things.",0.0,0.0,0.0,0.0,neutral,0,0,0,0,0,0,none,0
REV100284,"I bought the air purifier last week, still testing it out.",Facebook Comment,air purifier,neutral,2024-03-18,"I bought the air purifier last week, still testing it out.",0.0,0.0,0.0667,0.0,neutral,0,0,0,0,0,0,none,0
REV100286,"I'm so disappointed with this software update, complete waste of money.",Product Forum,software update,negative,2024-08-06,"I'm so disappointed with this software update, complete waste of money.",-0.7346,-0.2833,0.3833,-0.5541,negative,0,0,1,0,0,0,sadness,1
REV100287,Considering whether to keep the gaming mouse or exchange it.,Facebook Comment,gaming mouse,neutral,2024-03-31,Considering whether to keep the gaming mouse or exchange it.,0.0,0.0,0.0,0.0,neutral,0,0,0,0,0,0,none,0
REV100289,"Received the water bottle today, packaging was standard.",Facebook Comment,water bottle,neutral,2024-10-25,"Received the water bottle today, packaging was standard.",0.0,0.0,0.0,0.0,neutral,0,0,0,0,0,0,none,0
REV100290,"Received the restaurant chain today, packaging was standard.",Product Forum,restaurant chain,neutral,2024-02-02,"Received the restaurant chain today, packaging was standard.",0.0,0.0,0.0,0.0,neutral,0,0,0,0,0,0,none,0
REV100291,"I bought the kitchen blender last week, still testing it out.",Twitter/X Post,kitchen blender,neutral,2024-08-14,"I bought the kitchen blender last week, still testing it out.",0.0,0.0,0.0667,0.0,neutral,0,0,0,0,0,0,none,0
REV100292,Highly recommend the airline to anyone looking for quality.,Product Forum,airline,positive,2024-10-05,Highly recommend the airline to anyone looking for quality.,0.4201,0.16,0.54,0.3161,positive,0,0,0,0,1,0,trust,1
REV100294,The laptop stand arrived on time and matches the description.,News Headline,laptop stand,neutral,2024-01-14,The laptop stand arrived on time and matches the description.,0.0,0.0,0.0,0.0,neutral,0,0,0,0,0,0,none,0
REV100295,"I'm so disappointed with this desk lamp, complete waste of money.!!",Facebook Comment,desk lamp,negative,2024-09-23,"I'm so disappointed with this desk lamp, complete waste of money.!!",-0.7768,-0.3208,0.3833,-0.5944,negative,0,0,1,0,0,0,sadness,1
REV100297,"This laptop stand is fantastic, best purchase I've made all year.!!",Product Forum,laptop stand,positive,2024-07-20,"This laptop stand is fantastic, best purchase I've made all year.!!",0.855,0.7,0.6,0.793,positive,2,0,0,0,0,0,joy,2
REV100298,The streaming service stopped working and support was unhelpful. Never again.,Twitter/X Post,streaming service,negative,2024-09-09,The streaming service stopped working and support was unhelpful. Never again.,0.2023,0.0,0.0,0.1214,positive,0,0,0,0,0,0,none,0
REV100299,"I'm impressed by how well the yoga mat performs, truly outstanding.",Amazon Review,yoga mat,positive,2024-04-28,"I'm impressed by how well the yoga mat performs, truly outstanding.",0.9022,0.75,0.9375,0.8413,positive,2,0,0,0,0,0,joy,2
REV100300,"Disappointing smartphone case, definitely returning it.",Product Forum,smartphone case,negative,2024-06-02,"Disappointing smartphone case, definitely returning it.",-0.128,-0.3,0.6,-0.1968,negative,0,0,1,0,0,0,sadness,1
REV100301,Here is my honest review of the smartphone case after a week of use.,News Headline,smartphone case,neutral,2024-03-23,Here is my honest review of the smartphone case after a week of use.,0.5106,0.6,0.9,0.5464,positive,0,0,0,0,1,0,trust,1
REV100302,The bluetooth speaker stopped working and support was unhelpful. :(,News Headline,bluetooth speaker,negative,2024-08-24,The bluetooth speaker stopped working and support was unhelpful. :(,-0.2732,-0.75,1.0,-0.4639,negative,0,0,0,0,0,0,none,0
REV100303,What a wonderful software update! Great value for the price. Love it!,News Headline,software update,positive,2024-08-15,What a wonderful software update! Great value for the price. Love it!,0.9431,0.8083,0.7833,0.8892,positive,3,0,0,0,0,0,joy,3
REV100304,"The wireless headphones meets the basic requirements, nothing more.",News Headline,wireless headphones,neutral,2024-08-15,"The wireless headphones meets the basic requirements, nothing more.",0.0,0.25,0.3125,0.1,positive,0,0,0,0,0,0,none,0
REV100305,"Five stars for the kitchen blender, it changed the way I do things.",Product Forum,kitchen blender,positive,2024-05-18,"Five stars for the kitchen blender, it changed the way I do things.",0.0,0.0,0.0,0.0,neutral,0,0,0,0,0,0,none,0
REV100307,"The wireless headphones does what it's supposed to do, nothing special.",Product Forum,wireless headphones,neutral,2024-04-01,"The wireless headphones does what it's supposed to do, nothing special.",-0.3089,0.3571,0.5714,-0.0425,neutral,0,0,0,0,0,0,none,0
REV100308,"Excellent delivery service, exactly as described and super reliable.",News Headline,delivery service,positive,2024-10-27,"Excellent delivery service, exactly as described and super reliable.",0.8225,0.5278,0.6389,0.7046,positive,1,0,0,0,1,0,joy,2
REV100310,"This electric toothbrush is a game changer, I use it every single day.",Twitter/X Post,electric toothbrush,positive,2024-02-23,"This electric toothbrush is a game changer, I use it every single day.",0.0,-0.2357,0.3071,-0.0943,negative,0,0,0,0,0,0,none,0
REV100311,The laptop stand stopped working and support was unhelpful.,Amazon Review,laptop stand,negative,2024-08-26,The laptop stand stopped working and support was unhelpful.,0.2023,0.0,0.0,0.1214,positive,0,0,0,0,0,0,none,0
REV100312,"The subscription plan meets the basic requirements, nothing more.",Facebook Comment,subscription plan,neutral,2024-12-05,"The subscription plan meets the basic requirements, nothing more.",0.0,0.25,0.3125,0.1,positive,0,0,0,0,0,0,none,0
REV100313,Highly recommend the electric toothbrush to anyone looking for quality.,Amazon Review,electric toothbrush,positive,2024-07-10,Highly recommend the electric toothbrush to anyone looking for quality.,0.4201,0.16,0.54,0.3161,positive,0,0,0,0,1,0,trust,1
REV100314,"Just unboxed the coffee maker, will update this review later.",Twitter/X Post,coffee maker,neutral,2024-12-09,"Just unboxed the coffee maker, will update this review later.",0.0,0.0,0.0,0.0,neutral,0,0,0,0,0,0,none,0
REV100317,"Excellent subscription plan, exactly as described and super reliable. 😊",Facebook Comment,subscription plan,positive,2024-10-03,"Excellent subscription plan, exactly as described and super reliable.",0.8225,0.5278,0.6389,0.7046,positive,1,0,0,0,1,0,joy,2
REV100318,"The subscription plan works as expected, average performance overall.",Amazon Review,subscription plan,neutral,2024-04-27,"The subscription plan works as expected, average performance overall.",0.0,-0.0833,0.2667,-0.0333,neutral,0,0,0,0,0,0,none,0
REV100320,"Five stars for the restaurant chain, it changed the way I do things.",Twitter/X Post,restaurant chain,positive,2024-03-07,"Five stars for the restaurant chain, it changed the way I do things.",0.0,0.0,0.0,0.0,neutral,0,0,0,0,0,0,none,0
REV100321,The wireless headphones is overpriced for such low quality.,Product Forum,wireless headphones,negative,2024-04-27,The wireless headphones is overpriced for such low quality.,-0.2732,0.0,0.4,-0.1639,negative,0,0,0,0,0,0,none,0
REV100322,"I'm so happy with the mobile app, works perfectly and looks great.",News Headline,mobile app,positive,2024-09-02,"I'm so happy with the mobile app, works perfectly and looks great.",0.923,0.8667,0.9167,0.9005,positive,2,0,0,0,0,0,joy,2
REV100324,"This coffee maker is a game changer, I use it every single day. 😊",Facebook Comment,coffee maker,positive,2024-03-01,"This coffee maker is a game changer, I use it every single day.",0.0,-0.2357,0.3071,-0.0943,negative,0,0,0,0,0,0,none,0
REV100326,Here is my honest review of the running shoes after a week of use.,News Headline,running shoes,neutral,2024-11-18,Here is my honest review of the running shoes after a week of use.,0.5106,0.6,0.9,0.5464,positive,0,0,0,0,1,0,trust,1
REV100327,"Very frustrated with the laptop stand, it never worked as advertised.",Facebook Comment,laptop stand,negative,2024-08-09,"Very frustrated with the laptop stand, it never worked as advertised.",-0.5709,-0.91,0.26,-0.7065,negative,0,1,0,0,0,0,anger,1
REV100328,"Five stars for the software update, it changed the way I do things.",Facebook Comment,software update,positive,2024-03-31,"Five stars for the software update, it changed the way I do things.",0.0,0.0,0.0,0.0,neutral,0,0,0,0,0,0,none,0
REV100329,The customer service team was super helpful with my streaming service order.,Facebook Comment,streaming service,positive,2024-01-28,The customer service team was super helpful with my streaming service order.,0.7717,0.3333,0.6667,0.5964,positive,0,0,0,0,0,0,none,0
REV100330,"I'm so happy with the software update, works perfectly and looks great.!!",Amazon Review,software update,positive,2024-12-31,"I'm so happy with the software update, works perfectly and looks great.!!",0.931,0.9333,0.9167,0.9319,positive,2,0,0,0,0,0,joy,2
REV100331,"Disappointing kitchen blender, definitely returning it. :(",Product Forum,kitchen blender,negative,2024-06-23,"Disappointing kitchen blender, definitely returning it. :(",-0.5267,-0.45,0.7333,-0.496,negative,0,0,1,0,0,0,sadness,1
REV100332,The electric toothbrush has some pros and cons worth mentioning.,Facebook Comment,electric toothbrush,neutral,2024-03-03,The electric toothbrush has some pros and cons worth mentioning.,0.2263,0.3,0.1,0.2558,positive,0,0,0,0,0,0,none,0
REV100333,"Just unboxed the customer support experience, will update this review later.",News Headline,customer support experience,neutral,2024-08-23,"Just unboxed the customer support experience, will update this review later.",0.4019,0.0,0.0,0.2411,positive,0,0,0,0,0,0,none,0
REV100335,Great backpack! My whole family loves it.,Facebook Comment,backpack,positive,2024-07-28,Great backpack! My whole family loves it.,0.8439,0.6,0.575,0.7463,positive,1,0,0,0,0,0,joy,1
REV100336,"The electric toothbrush is okay, not great but not bad either.",Product Forum,electric toothbrush,neutral,2024-10-11,"The electric toothbrush is okay, not great but not bad either.",0.4728,0.15,0.6389,0.3437,positive,1,0,0,0,0,0,joy,1
REV100337,This coffee maker caused nothing but problems since day one.,Product Forum,coffee maker,negative,2024-07-05,This coffee maker caused nothing but problems since day one.,0.438,0.0,0.0,0.2628,positive,0,0,0,0,0,0,none,0
REV100338,The subscription plan is overpriced for such low quality.,Facebook Comment,subscription plan,negative,2024-01-03,The subscription plan is overpriced for such low quality.,-0.2732,0.0,0.4,-0.1639,negative,0,0,0,0,0,0,none,0
REV100339,"This restaurant chain is fantastic, best purchase I've made all year. :)",News Headline,restaurant chain,positive,2024-11-17,"This restaurant chain is fantastic, best purchase I've made all year. :)",0.8957,0.6333,0.7333,0.7908,positive,2,0,0,0,0,0,joy,2
REV100341,"The backpack meets the basic requirements, nothing more.",Product Forum,backpack,neutral,2024-11-09,"The backpack meets the basic requirements, nothing more.",0.0,0.25,0.3125,0.1,positive,0,0,0,0,0,0,none,0
REV100342,"Five stars for the electric toothbrush, it changed the way I do things.",News Headline,electric toothbrush,positive,2024-10-18,"Five stars for the electric toothbrush, it changed the way I do things.",0.0,0.0,0.0,0.0,neutral,0,0,0,0,0,0,none,0
REV100343,What a wonderful subscription plan! Great value for the price.!!,Product Forum,subscription plan,positive,2024-04-10,What a wonderful subscription plan! Great value for the price.!!,0.9017,1.0,0.875,0.941,positive,2,0,0,0,0,0,joy,2
REV100344,This electric toothbrush is poorly made and feels cheap.,Twitter/X Post,electric toothbrush,negative,2024-05-31,This electric toothbrush is poorly made and feels cheap.,0.0,0.0,0.65,0.0,neutral,0,0,0,0,0,0,none,0
REV100345,The restaurant chain arrived quickly and the build quality is amazing.,Facebook Comment,restaurant chain,positive,2024-05-03,The restaurant chain arrived quickly and the build quality is amazing.,0.5859,0.4667,0.7,0.5382,positive,1,0,0,0,0,0,joy,1
REV100346,"I bought the mobile app last week, still testing it out.",Facebook Comment,mobile app,neutral,2024-05-01,"I bought the mobile app last week, still testing it out.",0.0,0.0,0.0667,0.0,neutral,0,0,0,0,0,0,none,0
REV100347,"The smartphone case meets the basic requirements, nothing more.",Amazon Review,smartphone case,neutral,2024-07-12,"The smartphone case meets the basic requirements, nothing more.",0.0,0.25,0.3125,0.1,positive,0,0,0,0,0,0,none,0
REV100348,Considering whether to keep the office chair or exchange it.,Product Forum,office chair,neutral,2024-08-28,Considering whether to keep the office chair or exchange it.,0.0,0.0,0.0,0.0,neutral,0,0,0,0,0,0,none,0
REV100352,"Terrible office chair, broke after just two days of use.!!",Facebook Comment,office chair,negative,2024-11-05,"Terrible office chair, broke after just two days of use.!!",-0.7568,-1.0,1.0,-0.8541,negative,0,0,0,0,0,0,none,0
REV100353,"I'm impressed by how well the airline performs, truly outstanding.",Twitter/X Post,airline,positive,2024-07-07,"I'm impressed by how well the airline performs, truly outstanding.",0.9022,0.75,0.9375,0.8413,positive,2,0,0,0,0,0,joy,2
REV100354,"The streaming service works as expected, average performance overall.",Twitter/X Post,streaming service,neutral,2024-10-25,"The streaming service works as expected, average performance overall.",0.0,-0.0833,0.2667,-0.0333,neutral,0,0,0,0,0,0,none,0
REV100355,"I'm so happy with the desk lamp, works perfectly and looks great.",Product Forum,desk lamp,positive,2024-06-27,"I'm so happy with the desk lamp, works perfectly and looks great.",0.923,0.8667,0.9167,0.9005,positive,2,0,0,0,0,0,joy,2
REV100357,"I'm so happy with the water bottle, works perfectly and looks great. :)",Facebook Comment,water bottle,positive,2024-05-05,"I'm so happy with the water bottle, works perfectly and looks great. :)",0.9459,0.775,0.9375,0.8775,positive,2,0,0,0,0,0,joy,2
REV100358,"Excellent water bottle, exactly as described and super reliable.!!",Facebook Comment,water bottle,positive,2024-06-19,"Excellent water bottle, exactly as described and super reliable.!!",0.8475,0.5903,0.6389,0.7446,positive,1,0,0,0,1,0,joy,2
REV100359,Great air purifier! My whole family loves it.!!,Twitter/X Post,air purifier,positive,2024-12-16,Great air purifier! My whole family loves it.!!,0.865,0.6562,0.575,0.7815,positive,1,0,0,0,0,0,joy,1
REV100360,"Very frustrated with the office chair, it never worked as advertised.",Product Forum,office chair,negative,2024-11-11,"Very frustrated with the office chair, it never worked as advertised.",-0.5709,-0.91,0.26,-0.7065,negative,0,1,0,0,0,0,anger,1
REV100364,"This kitchen blender is a game changer, I use it every single day. 😊",Amazon Review,kitchen blender,positive,2024-09-15,"This kitchen blender is a game changer, I use it every single day.",0.0,-0.2357,0.3071,-0.0943,negative,0,0,0,0,0,0,none,0
REV100366,"Very frustrated with the smartphone case, it never worked as advertised.",News Headline,smartphone case,negative,2024-05-07,"Very frustrated with the smartphone case, it never worked as advertised.",-0.5709,-0.91,0.26,-0.7065,negative,0,1,0,0,0,0,anger,1
REV100367,"This coffee maker is fantastic, best purchase I've made all year.!!",Facebook Comment,coffee maker,positive,2024-09-26,"This coffee maker is fantastic, best purchase I've made all year.!!",0.855,0.7,0.6,0.793,positive,2,0,0,0,0,0,joy,2
REV100368,"The laptop stand works as expected, average performance overall.",News Headline,laptop stand,neutral,2024-02-12,"The laptop stand works as expected, average performance overall.",0.0,-0.0833,0.2667,-0.0333,neutral,0,0,0,0,0,0,none,0
REV100370,Great restaurant chain! My whole family loves it. Love it!,News Headline,restaurant chain,positive,2024-05-07,Great restaurant chain! My whole family loves it. Love it!,0.9272,0.6083,0.5833,0.7997,positive,2,0,0,0,0,0,joy,2
REV100371,"The coffee maker meets the basic requirements, nothing more.",Twitter/X Post,coffee maker,neutral,2024-08-29,"The coffee maker meets the basic requirements, nothing more.",0.0,0.25,0.3125,0.1,positive,0,0,0,0,0,0,none,0
REV100374,The customer service team was super helpful with my laptop stand order.,Product Forum,laptop stand,positive,2024-06-19,The customer service team was super helpful with my laptop stand order.,0.7717,0.3333,0.6667,0.5964,positive,0,0,0,0,0,0,none,0
REV100375,"Disappointing mobile app, definitely returning it.!!",Product Forum,mobile app,negative,2024-10-24,"Disappointing mobile app, definitely returning it.!!",-0.2695,-0.3,0.6,-0.2817,negative,0,0,1,0,0,0,sadness,1
REV100376,The air purifier arrived on time and matches the description.,Twitter/X Post,air purifier,neutral,2024-01-22,The air purifier arrived on time and matches the description.,0.0,0.0,0.0,0.0,neutral,0,0,0,0,0,0,none,0
REV100377,"The electric toothbrush meets the basic requirements, nothing more.",Twitter/X Post,electric toothbrush,neutral,2024-09-10,"The electric toothbrush meets the basic requirements, nothing more.",0.0,0.25,0.3125,0.1,positive,0,0,0,0,0,0,none,0
REV100379,"Just unboxed the streaming service, will update this review later.",Facebook Comment,streaming service,neutral,2024-05-26,"Just unboxed the streaming service, will update this review later.",0.0,0.0,0.0,0.0,neutral,0,0,0,0,0,0,none,0
REV100380,The backpack has some pros and cons worth mentioning.,News Headline,backpack,neutral,2024-03-13,The backpack has some pros and cons worth mentioning.,0.2263,0.3,0.1,0.2558,positive,0,0,0,0,0,0,none,0
REV100382,The coffee maker is overpriced for such low quality.,Twitter/X Post,coffee maker,negative,2024-10-18,The coffee maker is overpriced for such low quality.,-0.2732,0.0,0.4,-0.1639,negative,0,0,0,0,0,0,none,0
REV100384,"This fitness tracker is a game changer, I use it every single day.",Twitter/X Post,fitness tracker,positive,2024-05-18,"This fitness tracker is a game changer, I use it every single day.",0.2732,-0.2357,0.3071,0.0696,positive,0,0,0,0,0,0,none,0
REV100385,"This streaming service is a game changer, I use it every single day.",Twitter/X Post,streaming service,positive,2024-03-17,"This streaming service is a game changer, I use it every single day.",0.0,-0.2357,0.3071,-0.0943,negative,0,0,0,0,0,0,none,0
REV100386,"Absolutely love this desk lamp, it exceeded all my expectations!",Amazon Review,desk lamp,positive,2024-08-30,"Absolutely love this desk lamp, it exceeded all my expectations!",0.6989,0.625,0.6,0.6693,positive,1,0,0,0,0,0,joy,1
REV100387,Considering whether to keep the bluetooth speaker or exchange it.,Facebook Comment,bluetooth speaker,neutral,2024-05-23,Considering whether to keep the bluetooth speaker or exchange it.,0.0,0.0,0.0,0.0,neutral,0,0,0,0,0,0,none,0
REV100389,"I'm so disappointed with this restaurant chain, complete waste of money. 😡",Amazon Review,restaurant chain,negative,2024-12-01,"I'm so disappointed with this restaurant chain, complete waste of money.",-0.7346,-0.2833,0.3833,-0.5541,negative,0,0,1,0,0,0,sadness,1
REV100390,The customer support experience arrived quickly and the build quality is amazing.,Twitter/X Post,customer support experience,positive,2024-12-22,The customer support experience arrived quickly and the build quality is amazing.,0.7579,0.4667,0.7,0.6414,positive,1,0,0,0,0,0,joy,1
REV100391,"Five stars for the yoga mat, it changed the way I do things. 😊",Amazon Review,yoga mat,positive,2024-06-15,"Five stars for the yoga mat, it changed the way I do things.",0.0,0.0,0.0,0.0,neutral,0,0,0,0,0,0,none,0
REV100393,The gaming mouse arrived quickly and the build quality is amazing. :),Facebook Comment,gaming mouse,positive,2024-07-08,The gaming mouse arrived quickly and the build quality is amazing. :),0.7783,0.4778,0.8,0.6581,positive,1,0,0,0,0,0,joy,1
REV100394,Highly recommend the desk lamp to anyone looking for quality.,Twitter/X Post,desk lamp,positive,2024-12-14,Highly recommend the desk lamp to anyone looking for quality.,0.4201,0.16,0.54,0.3161,positive,0,0,0,0,1,0,trust,1
REV100395,"The airline meets the basic requirements, nothing more.",News Headline,airline,neutral,2024-03-26,"The airline meets the basic requirements, nothing more.",0.0,0.25,0.3125,0.1,positive,0,0,0,0,0,0,none,0
REV100396,"I'm impressed by how well the running shoes performs, truly outstanding. Love it!",News Headline,running shoes,positive,2024-12-22,"I'm impressed by how well the running shoes performs, truly outstanding. Love it!",0.9485,0.7083,0.825,0.8524,positive,3,0,0,0,0,0,joy,3
REV100399,This fitness tracker caused nothing but problems since day one.,Twitter/X Post,fitness tracker,negative,2024-01-07,This fitness tracker caused nothing but problems since day one.,0.5326,0.0,0.0,0.3196,positive,0,0,0,0,0,0,none,0
REV100400,The mobile app has some pros and cons worth mentioning.,News Headline,mobile app,neutral,2024-01-05,The mobile app has some pros and cons worth mentioning.,0.2263,0.3,0.1,0.2558,positive,0,0,0,0,0,0,none,0
REV100401,"The streaming service meets the basic requirements, nothing more.",Facebook Comment,streaming service,neutral,2024-05-18,"The streaming service meets the basic requirements, nothing more.",0.0,0.25,0.3125,0.1,positive,0,0,0,0,0,0,none,0
REV100403,"The gaming mouse does what it's supposed to do, nothing special.",Amazon Review,gaming mouse,neutral,2024-09-04,"The gaming mouse does what it's supposed to do, nothing special.",-0.3089,0.3571,0.5714,-0.0425,neutral,0,0,0,0,0,0,none,0
REV100404,What a wonderful delivery service! Great value for the price.,Product Forum,delivery service,positive,2024-10-30,What a wonderful delivery service! Great value for the price.,0.8883,0.9,0.875,0.893,positive,2,0,0,0,0,0,joy,2
REV100407,The yoga mat arrived damaged and customer service ignored me.,Amazon Review,yoga mat,negative,2024-12-14,The yoga mat arrived damaged and customer service ignored me.,-0.6369,0.0,0.0,-0.3821,negative,0,0,0,0,0,0,none,0
REV100408,"Excellent office chair, exactly as described and super reliable.",Twitter/X Post,office chair,positive,2024-08-29,"Excellent office chair, exactly as described and super reliable.",0.8225,0.5278,0.6389,0.7046,positive,1,0,0,0,1,0,joy,2
REV100409,The yoga mat is overpriced for such low quality.!!,Twitter/X Post,yoga mat,negative,2024-02-15,The yoga mat is overpriced for such low quality.!!,-0.3987,0.0,0.4,-0.2392,negative,0,0,0,0,0,0,none,0
REV100410,The airline has some pros and cons worth mentioning.,Facebook Comment,airline,neutral,2024-11-26,The airline has some pros and cons worth mentioning.,0.2263,0.3,0.1,0.2558,positive,0,0,0,0,0,0,none,0
REV100414,The bluetooth speaker is overpriced for such low quality. 😡,Amazon Review,bluetooth speaker,negative,2024-04-19,The bluetooth speaker is overpriced for such low quality.,-0.2732,0.0,0.4,-0.1639,negative,0,0,0,0,0,0,none,0
REV100415,Here is my honest review of the fitness tracker after a week of use.,News Headline,fitness tracker,neutral,2024-06-23,Here is my honest review of the fitness tracker after a week of use.,0.6597,0.6,0.9,0.6358,positive,0,0,0,0,1,0,trust,1
REV100416,"I'm so disappointed with this mobile app, complete waste of money. :(",Amazon Review,mobile app,negative,2024-01-17,"I'm so disappointed with this mobile app, complete waste of money. :(",-0.8439,-0.4,0.5375,-0.6663,negative,0,0,1,0,0,0,sadness,1
REV100417,"The office chair meets the basic requirements, nothing more.",Facebook Comment,office chair,neutral,2024-08-14,"The office chair meets the basic requirements, nothing more.",0.0,0.25,0.3125,0.1,positive,0,0,0,0,0,0,none,0
REV100418,"Very frustrated with the kitchen blender, it never worked as advertised. Never again.",News Headline,kitchen blender,negative,2024-11-26,"Very frustrated with the kitchen blender, it never worked as advertised. Never again.",-0.5709,-0.91,0.26,-0.7065,negative,0,1,0,0,0,0,anger,1
REV100419,Here is my honest review of the gaming mouse after a week of use.,News Headline,gaming mouse,neutral,2024-01-17,Here is my honest review of the gaming mouse after a week of use.,0.5106,0.6,0.9,0.5464,positive,0,0,0,0,1,0,trust,1
REV100420,The mobile app arrived damaged and customer service ignored me.,Twitter/X Post,mobile app,negative,2024-12-04,The mobile app arrived damaged and customer service ignored me.,-0.6369,0.0,0.0,-0.3821,negative,0,0,0,0,0,0,none,0
REV100421,"Excellent coffee maker, exactly as described and super reliable.",Amazon Review,coffee maker,positive,2024-12-01,"Excellent coffee maker, exactly as described and super reliable.",0.8225,0.5278,0.6389,0.7046,positive,1,0,0,0,1,0,joy,2
REV100423,Great backpack! My whole family loves it. :),Product Forum,backpack,positive,2024-12-07,Great backpack! My whole family loves it. :),0.902,0.5667,0.7167,0.7679,positive,1,0,0,0,0,0,joy,1
REV100424,"Excellent backpack, exactly as described and super reliable. :)",Product Forum,backpack,positive,2024-07-28,"Excellent backpack, exactly as described and super reliable. :)",0.891,0.5208,0.7292,0.7429,positive,1,0,0,0,1,0,joy,2
REV100425,The desk lamp is overpriced for such low quality.,Product Forum,desk lamp,negative,2024-11-07,The desk lamp is overpriced for such low quality.,-0.2732,0.0,0.4,-0.1639,negative,0,0,0,0,0,0,none,0
REV100426,The running shoes stopped working and support was unhelpful.,Product Forum,running shoes,negative,2024-08-19,The running shoes stopped working and support was unhelpful.,0.2023,0.0,0.0,0.1214,positive,0,0,0,0,0,0,none,0
REV100427,"I'm so happy with the customer support experience, works perfectly and looks great.",Facebook Comment,customer support experience,positive,2024-08-22,"I'm so happy with the customer support experience, works perfectly and looks great.",0.9432,0.8667,0.9167,0.9126,positive,2,0,0,0,0,0,joy,2
REV100428,Here is my honest review of the software update after a week of use.,Product Forum,software update,neutral,2024-05-26,Here is my honest review of the software update after a week of use.,0.5106,0.6,0.9,0.5464,positive,0,0,0,0,1,0,trust,1
REV100429,"I'm impressed by how well the subscription plan performs, truly outstanding.",News Headline,subscription plan,positive,2024-01-06,"I'm impressed by how well the subscription plan performs, truly outstanding.",0.9022,0.75,0.9375,0.8413,positive,2,0,0,0,0,0,joy,2
REV100432,"The customer support experience works as expected, average performance overall.",News Headline,customer support experience,neutral,2024-06-18,"The customer support experience works as expected, average performance overall.",0.4019,-0.0833,0.2667,0.2078,positive,0,0,0,0,0,0,none,0
REV100435,"Excellent streaming service, exactly as described and super reliable.",Amazon Review,streaming service,positive,2024-05-20,"Excellent streaming service, exactly as described and super reliable.",0.8225,0.5278,0.6389,0.7046,positive,1,0,0,0,1,0,joy,2
REV100436,The laptop stand has some pros and cons worth mentioning.,News Headline,laptop stand,neutral,2024-12-21,The laptop stand has some pros and cons worth mentioning.,0.2263,0.3,0.1,0.2558,positive,0,0,0,0,0,0,none,0
REV100440,I hate how unreliable this desk lamp turned out to be.,Amazon Review,desk lamp,negative,2024-06-27,I hate how unreliable this desk lamp turned out to be.,-0.5719,-0.8,0.9,-0.6631,negative,0,1,0,0,0,0,anger,1
REV100441,"Awful experience with the fitness tracker, would not recommend at all.",Twitter/X Post,fitness tracker,negative,2024-02-22,"Awful experience with the fitness tracker, would not recommend at all.",-0.4606,-1.0,1.0,-0.6764,negative,0,0,0,0,1,0,trust,1
REV100442,"Five stars for the coffee maker, it changed the way I do things. Love it!",News Headline,coffee maker,positive,2024-12-06,"Five stars for the coffee maker, it changed the way I do things. Love it!",0.6696,0.625,0.6,0.6518,positive,1,0,0,0,0,0,joy,1
REV100444,I hate how unreliable this smartphone case turned out to be.,Twitter/X Post,smartphone case,negative,2024-02-23,I hate how unreliable this smartphone case turned out to be.,-0.5719,-0.8,0.9,-0.6631,negative,0,1,0,0,0,0,anger,1
REV100446,The running shoes arrived on time and matches the description.,Amazon Review,running shoes,neutral,2024-02-13,The running shoes arrived on time and matches the description.,0.0,0.0,0.0,0.0,neutral,0,0,0,0,0,0,none,0
REV100447,"Awful experience with the laptop stand, would not recommend at all.",Twitter/X Post,laptop stand,negative,2024-10-24,"Awful experience with the laptop stand, would not recommend at all.",-0.6261,-1.0,1.0,-0.7757,negative,0,0,0,0,1,0,trust,1
REV100448,"I'm so happy with the yoga mat, works perfectly and looks great.",News Headline,yoga mat,positive,2024-07-01,"I'm so happy with the yoga mat, works perfectly and looks great.",0.923,0.8667,0.9167,0.9005,positive,2,0,0,0,0,0,joy,2
REV100449,This bluetooth speaker caused nothing but problems since day one.,Product Forum,bluetooth speaker,negative,2024-02-26,This bluetooth speaker caused nothing but problems since day one.,0.438,0.0,0.0,0.2628,positive,0,0,0,0,0,0,none,0
REV100450,"This smartphone case is fantastic, best purchase I've made all year.",News Headline,smartphone case,positive,2024-11-10,"This smartphone case is fantastic, best purchase I've made all year.",0.8316,0.7,0.6,0.779,positive,2,0,0,0,0,0,joy,2
REV100453,"I'm so disappointed with this wireless headphones, complete waste of money. Never again.",Amazon Review,wireless headphones,negative,2024-03-03,"I'm so disappointed with this wireless headphones, complete waste of money. Never again.",-0.7346,-0.2833,0.3833,-0.5541,negative,0,0,1,0,0,0,sadness,1
REV100455,The airline arrived damaged and customer service ignored me.,Facebook Comment,airline,negative,2024-01-08,The airline arrived damaged and customer service ignored me.,-0.6369,0.0,0.0,-0.3821,negative,0,0,0,0,0,0,none,0
REV100459,The yoga mat arrived damaged and customer service ignored me. :(,Product Forum,yoga mat,negative,2024-09-26,The yoga mat arrived damaged and customer service ignored me. :(,-0.7964,-0.75,1.0,-0.7778,negative,0,0,0,0,0,0,none,0
REV100461,The wireless headphones has some pros and cons worth mentioning.,Facebook Comment,wireless headphones,neutral,2024-03-28,The wireless headphones has some pros and cons worth mentioning.,0.2263,0.3,0.1,0.2558,positive,0,0,0,0,0,0,none,0
REV100462,The streaming service has some pros and cons worth mentioning.,Facebook Comment,streaming service,neutral,2024-05-24,The streaming service has some pros and cons worth mentioning.,0.2263,0.3,0.1,0.2558,positive,0,0,0,0,0,0,none,0
REV100463,"Five stars for the gaming mouse, it changed the way I do things.!!",Product Forum,gaming mouse,positive,2024-10-15,"Five stars for the gaming mouse, it changed the way I do things.!!",0.0,0.0,0.0,0.0,neutral,0,0,0,0,0,0,none,0
REV100466,Considering whether to keep the yoga mat or exchange it.,Amazon Review,yoga mat,neutral,2024-06-25,Considering whether to keep the yoga mat or exchange it.,0.0,0.0,0.0,0.0,neutral,0,0,0,0,0,0,none,0
REV100467,"I bought the running shoes last week, still testing it out.",Facebook Comment,running shoes,neutral,2024-04-21,"I bought the running shoes last week, still testing it out.",0.0,0.0,0.0667,0.0,neutral,0,0,0,0,0,0,none,0
REV100468,"The delivery service works as expected, average performance overall.",Facebook Comment,delivery service,neutral,2024-02-21,"The delivery service works as expected, average performance overall.",0.0,-0.0833,0.2667,-0.0333,neutral,0,0,0,0,0,0,none,0
REV100471,Here is my honest review of the air purifier after a week of use.,News Headline,air purifier,neutral,2024-02-01,Here is my honest review of the air purifier after a week of use.,0.5106,0.6,0.9,0.5464,positive,0,0,0,0,1,0,trust,1
REV100472,The customer service team was super helpful with my customer support experience order.,Amazon Review,customer support experience,positive,2024-08-18,The customer service team was super helpful with my customer support experience order.,0.8555,0.3333,0.6667,0.6466,positive,0,0,0,0,0,0,none,0
REV100474,"I'm so disappointed with this mobile app, complete waste of money.",Amazon Review,mobile app,negative,2024-11-09,"I'm so disappointed with this mobile app, complete waste of money.",-0.7346,-0.2833,0.3833,-0.5541,negative,0,0,1,0,0,0,sadness,1
REV100475,What a wonderful customer support experience! Great value for the price.,Amazon Review,customer support experience,positive,2024-04-15,What a wonderful customer support experience! Great value for the price.,0.9215,0.9,0.875,0.9129,positive,2,0,0,0,0,0,joy,2
REV100477,"Received the desk lamp today, packaging was standard.",Facebook Comment,desk lamp,neutral,2024-03-16,"Received the desk lamp today, packaging was standard.",0.0,0.0,0.0,0.0,neutral,0,0,0,0,0,0,none,0
REV100479,Comparing the bluetooth speaker to similar products on the market now.,Product Forum,bluetooth speaker,neutral,2024-03-01,Comparing the bluetooth speaker to similar products on the market now.,0.0,0.0,0.4,0.0,neutral,0,0,0,0,0,0,none,0
REV100481,"I bought the bluetooth speaker last week, still testing it out.",Product Forum,bluetooth speaker,neutral,2024-02-05,"I bought the bluetooth speaker last week, still testing it out.",0.0,0.0,0.0667,0.0,neutral,0,0,0,0,0,0,none,0
REV100483,The software update arrived damaged and customer service ignored me.!!,Amazon Review,software update,negative,2024-12-18,The software update arrived damaged and customer service ignored me.!!,-0.6988,0.0,0.0,-0.4193,negative,0,0,0,0,0,0,none,0
REV100484,"The gaming mouse meets the basic requirements, nothing more.",Facebook Comment,gaming mouse,neutral,2024-11-17,"The gaming mouse meets the basic requirements, nothing more.",0.0,0.25,0.3125,0.1,positive,0,0,0,0,0,0,none,0
REV100485,Considering whether to keep the water bottle or exchange it.,Amazon Review,water bottle,neutral,2024-08-02,Considering whether to keep the water bottle or exchange it.,0.0,0.0,0.0,0.0,neutral,0,0,0,0,0,0,none,0
REV100487,The delivery service has some pros and cons worth mentioning.,Product Forum,delivery service,neutral,2024-01-20,The delivery service has some pros and cons worth mentioning.,0.2263,0.3,0.1,0.2558,positive,0,0,0,0,0,0,none,0
REV100488,"The gaming mouse is okay, not great but not bad either.",Facebook Comment,gaming mouse,neutral,2024-10-01,"The gaming mouse is okay, not great but not bad either.",0.4728,0.15,0.6389,0.3437,positive,1,0,0,0,0,0,joy,1
REV100489,Great coffee maker! My whole family loves it.,Facebook Comment,coffee maker,positive,2024-12-31,Great coffee maker! My whole family loves it.,0.8439,0.6,0.575,0.7463,positive,1,0,0,0,0,0,joy,1
REV100490,"I'm so happy with the smartphone case, works perfectly and looks great. 😊",News Headline,smartphone case,positive,2024-10-17,"I'm so happy with the smartphone case, works perfectly and looks great.",0.923,0.8667,0.9167,0.9005,positive,2,0,0,0,0,0,joy,2
REV100491,The smartphone case arrived on time and matches the description.,Product Forum,smartphone case,neutral,2024-03-12,The smartphone case arrived on time and matches the description.,0.0,0.0,0.0,0.0,neutral,0,0,0,0,0,0,none,0
REV100493,The backpack arrived quickly and the build quality is amazing.,Facebook Comment,backpack,positive,2024-04-14,The backpack arrived quickly and the build quality is amazing.,0.5859,0.4667,0.7,0.5382,positive,1,0,0,0,0,0,joy,1
REV100495,"Terrible running shoes, broke after just two days of use.",Facebook Comment,running shoes,negative,2024-03-09,"Terrible running shoes, broke after just two days of use.",-0.7096,-1.0,1.0,-0.8258,negative,0,0,0,0,0,0,none,0
REV100497,"Awful experience with the gaming mouse, would not recommend at all. :(",Amazon Review,gaming mouse,negative,2024-05-26,"Awful experience with the gaming mouse, would not recommend at all. :(",-0.7912,-0.875,1.0,-0.8247,negative,0,0,0,0,1,0,trust,1
REV100498,"Terrible air purifier, broke after just two days of use. Never again.",News Headline,air purifier,negative,2024-04-24,"Terrible air purifier, broke after just two days of use. Never again.",-0.7096,-1.0,1.0,-0.8258,negative,0,0,0,0,0,0,none,0
REV100499,What a wonderful fitness tracker! Great value for the price.!!,Amazon Review,fitness tracker,positive,2024-04-17,What a wonderful fitness tracker! Great value for the price.!!,0.9213,1.0,0.875,0.9528,positive,2,0,0,0,0,0,joy,2
REV100501,"I bought the yoga mat last week, still testing it out.",Twitter/X Post,yoga mat,neutral,2024-09-11,"I bought the yoga mat last week, still testing it out.",0.0,0.0,0.0667,0.0,neutral,0,0,0,0,0,0,none,0
REV100503,The office chair arrived quickly and the build quality is amazing.!!,Product Forum,office chair,positive,2024-09-17,The office chair arrived quickly and the build quality is amazing.!!,0.658,0.6354,0.7,0.649,positive,1,0,0,0,0,0,joy,1
REV100504,"The mobile app does what it's supposed to do, nothing special.",News Headline,mobile app,neutral,2024-11-27,"The mobile app does what it's supposed to do, nothing special.",-0.3089,0.3571,0.5714,-0.0425,neutral,0,0,0,0,0,0,none,0
REV100507,"Very frustrated with the airline, it never worked as advertised.",Product Forum,airline,negative,2024-12-08,"Very frustrated with the airline, it never worked as advertised.",-0.5709,-0.91,0.26,-0.7065,negative,0,1,0,0,0,0,anger,1
REV100508,"Excellent wireless headphones, exactly as described and super reliable.",Amazon Review,wireless headphones,positive,2024-11-13,"Excellent wireless headphones, exactly as described and super reliable.",0.8225,0.5278,0.6389,0.7046,positive,1,0,0,0,1,0,joy,2
REV100510,"This wireless headphones is fantastic, best purchase I've made all year.",Product Forum,wireless headphones,positive,2024-09-05,"This wireless headphones is fantastic, best purchase I've made all year.",0.8316,0.7,0.6,0.779,positive,2,0,0,0,0,0,joy,2
REV100511,"Very frustrated with the backpack, it never worked as advertised.",Product Forum,backpack,negative,2024-01-05,"Very frustrated with the backpack, it never worked as advertised.",-0.5709,-0.91,0.26,-0.7065,negative,0,1,0,0,0,0,anger,1
REV100512,"Awful experience with the mobile app, would not recommend at all. Never again.",Twitter/X Post,mobile app,negative,2024-01-08,"Awful experience with the mobile app, would not recommend at all. Never again.",-0.6261,-1.0,1.0,-0.7757,negative,0,0,0,0,1,0,trust,1
REV100513,"Disappointing water bottle, definitely returning it. 😡",Product Forum,water bottle,negative,2024-06-18,"Disappointing water bottle, definitely returning it.",-0.128,-0.3,0.6,-0.1968,negative,0,0,1,0,0,0,sadness,1
REV100515,"I'm so disappointed with this bluetooth speaker, complete waste of money.",Twitter/X Post,bluetooth speaker,negative,2024-04-23,"I'm so disappointed with this bluetooth speaker, complete waste of money.",-0.7346,-0.2833,0.3833,-0.5541,negative,0,0,1,0,0,0,sadness,1
REV100516,"Received the mobile app today, packaging was standard.",Twitter/X Post,mobile app,neutral,2024-10-16,"Received the mobile app today, packaging was standard.",0.0,0.0,0.0,0.0,neutral,0,0,0,0,0,0,none,0
REV100519,Great bluetooth speaker! My whole family loves it.,Amazon Review,bluetooth speaker,positive,2024-06-17,Great bluetooth speaker! My whole family loves it.,0.8439,0.6,0.575,0.7463,positive,1,0,0,0,0,0,joy,1
REV100520,"This air purifier is fantastic, best purchase I've made all year.",Twitter/X Post,air purifier,positive,2024-09-17,"This air purifier is fantastic, best purchase I've made all year.",0.8316,0.7,0.6,0.779,positive,2,0,0,0,0,0,joy,2
REV100521,What a wonderful airline! Great value for the price. :),Amazon Review,airline,positive,2024-08-16,What a wonderful airline! Great value for the price. :),0.9259,0.7667,0.9167,0.8622,positive,2,0,0,0,0,0,joy,2
REV100522,"I'm so disappointed with this kitchen blender, complete waste of money.",Amazon Review,kitchen blender,negative,2024-01-26,"I'm so disappointed with this kitchen blender, complete waste of money.",-0.7346,-0.2833,0.3833,-0.5541,negative,0,0,1,0,0,0,sadness,1
REV100523,"Absolutely love this smartphone case, it exceeded all my expectations!",Amazon Review,smartphone case,positive,2024-01-24,"Absolutely love this smartphone case, it exceeded all my expectations!",0.6989,0.625,0.6,0.6693,positive,1,0,0,0,0,0,joy,1
REV100524,"Just unboxed the office chair, will update this review later.",Product Forum,office chair,neutral,2024-07-08,"Just unboxed the office chair, will update this review later.",0.0,0.0,0.0,0.0,neutral,0,0,0,0,0,0,none,0
REV100525,"The bluetooth speaker works as expected, average performance overall.",Facebook Comment,bluetooth speaker,neutral,2024-03-02,"The bluetooth speaker works as expected, average performance overall.",0.0,-0.0833,0.2667,-0.0333,neutral,0,0,0,0,0,0,none,0
REV100526,The office chair arrived damaged and customer service ignored me.,Facebook Comment,office chair,negative,2024-02-21,The office chair arrived damaged and customer service ignored me.,-0.6369,0.0,0.0,-0.3821,negative,0,0,0,0,0,0,none,0
REV100528,I hate how unreliable this laptop stand turned out to be. Never again.,Product Forum,laptop stand,negative,2024-03-10,I hate how unreliable this laptop stand turned out to be. Never again.,-0.5719,-0.8,0.9,-0.6631,negative,0,1,0,0,0,0,anger,1
REV100530,"This software update is fantastic, best purchase I've made all year. 😊",Twitter/X Post,software update,positive,2024-05-01,"This software update is fantastic, best purchase I've made all year.",0.8316,0.7,0.6,0.779,positive,2,0,0,0,0,0,joy,2
REV100532,"This wireless headphones is a game changer, I use it every single day.",Product Forum,wireless headphones,positive,2024-06-23,"This wireless headphones is a game changer, I use it every single day.",0.0,-0.2357,0.3071,-0.0943,negative,0,0,0,0,0,0,none,0
REV100533,Great fitness tracker! My whole family loves it.,Product Forum,fitness tracker,positive,2024-02-18,Great fitness tracker! My whole family loves it.,0.8805,0.6,0.575,0.7683,positive,1,0,0,0,0,0,joy,1
REV100535,I hate how unreliable this customer support experience turned out to be. 😡,Product Forum,customer support experience,negative,2024-06-28,I hate how unreliable this customer support experience turned out to be.,-0.25,-0.8,0.9,-0.47,negative,0,1,0,0,0,0,anger,1
REV100538,"Awful experience with the running shoes, would not recommend at all.",Product Forum,running shoes,negative,2024-05-06,"Awful experience with the running shoes, would not recommend at all.",-0.6261,-1.0,1.0,-0.7757,negative,0,0,0,0,1,0,trust,1
REV100539,Comparing the streaming service to similar products on the market now.,News Headline,streaming service,neutral,2024-09-23,Comparing the streaming service to similar products on the market now.,0.0,0.0,0.4,0.0,neutral,0,0,0,0,0,0,none,0
REV100541,"This customer support experience is fantastic, best purchase I've made all year.",Twitter/X Post,customer support experience,positive,2024-04-06,"This customer support experience is fantastic, best purchase I've made all year.",0.8885,0.7,0.6,0.8131,positive,2,0,0,0,0,0,joy,2
REV100543,This streaming service caused nothing but problems since day one. 😡,News Headline,streaming service,negative,2024-05-22,This streaming service caused nothing but problems since day one.,0.438,0.0,0.0,0.2628,positive,0,0,0,0,0,0,none,0
REV100544,Comparing the desk lamp to similar products on the market now.,Twitter/X Post,desk lamp,neutral,2024-09-30,Comparing the desk lamp to similar products on the market now.,0.0,0.0,0.4,0.0,neutral,0,0,0,0,0,0,none,0
REV100545,The water bottle arrived quickly and the build quality is amazing.,Facebook Comment,water bottle,positive,2024-05-10,The water bottle arrived quickly and the build quality is amazing.,0.5859,0.4667,0.7,0.5382,positive,1,0,0,0,0,0,joy,1
REV100547,"This coffee maker is fantastic, best purchase I've made all year.",Twitter/X Post,coffee maker,positive,2024-12-11,"This coffee maker is fantastic, best purchase I've made all year.",0.8316,0.7,0.6,0.779,positive,2,0,0,0,0,0,joy,2
REV100548,This smartphone case is poorly made and feels cheap. 😡,Facebook Comment,smartphone case,negative,2024-04-19,This smartphone case is poorly made and feels cheap.,0.0,0.0,0.65,0.0,neutral,0,0,0,0,0,0,none,0
REV100549,Comparing the wireless headphones to similar products on the market now.,Amazon Review,wireless headphones,neutral,2024-11-03,Comparing the wireless headphones to similar products on the market now.,0.0,0.0,0.4,0.0,neutral,0,0,0,0,0,0,none,0
REV100550,"Five stars for the delivery service, it changed the way I do things.",Amazon Review,delivery service,positive,2024-11-27,"Five stars for the delivery service, it changed the way I do things.",0.0,0.0,0.0,0.0,neutral,0,0,0,0,0,0,none,0
REV100551,Great wireless headphones! My whole family loves it.,News Headline,wireless headphones,positive,2024-11-09,Great wireless headphones! My whole family loves it.,0.8439,0.6,0.575,0.7463,positive,1,0,0,0,0,0,joy,1
REV100552,"I'm impressed by how well the coffee maker performs, truly outstanding. :)",Facebook Comment,coffee maker,positive,2024-10-05,"I'm impressed by how well the coffee maker performs, truly outstanding. :)",0.9337,0.6667,0.9583,0.8269,positive,2,0,0,0,0,0,joy,2
REV100553,"Disappointing restaurant chain, definitely returning it. :(",Amazon Review,restaurant chain,negative,2024-08-18,"Disappointing restaurant chain, definitely returning it. :(",-0.5267,-0.45,0.7333,-0.496,negative,0,0,1,0,0,0,sadness,1
REV100554,"The kitchen blender meets the basic requirements, nothing more.",Facebook Comment,kitchen blender,neutral,2024-05-05,"The kitchen blender meets the basic requirements, nothing more.",0.0,0.25,0.3125,0.1,positive,0,0,0,0,0,0,none,0
REV100556,This smartphone case caused nothing but problems since day one.!!,Twitter/X Post,smartphone case,negative,2024-10-01,This smartphone case caused nothing but problems since day one.!!,0.5379,0.0,0.0,0.3227,positive,0,0,0,0,0,0,none,0
REV100557,"Absolutely love this office chair, it exceeded all my expectations!",Amazon Review,office chair,positive,2024-10-08,"Absolutely love this office chair, it exceeded all my expectations!",0.6989,0.625,0.6,0.6693,positive,1,0,0,0,0,0,joy,1
REV100558,"I'm impressed by how well the fitness tracker performs, truly outstanding.",Twitter/X Post,fitness tracker,positive,2024-09-09,"I'm impressed by how well the fitness tracker performs, truly outstanding.",0.9217,0.75,0.9375,0.853,positive,2,0,0,0,0,0,joy,2
REV100560,This electric toothbrush caused nothing but problems since day one. :(,Amazon Review,electric toothbrush,negative,2024-01-09,This electric toothbrush caused nothing but problems since day one. :(,-0.2413,-0.75,1.0,-0.4448,negative,0,0,0,0,0,0,none,0
REV100561,The fitness tracker has some pros and cons worth mentioning.,Facebook Comment,fitness tracker,neutral,2024-03-30,The fitness tracker has some pros and cons worth mentioning.,0.4588,0.3,0.1,0.3953,positive,0,0,0,0,0,0,none,0
REV100562,"Terrible water bottle, broke after just two days of use.!!",Amazon Review,water bottle,negative,2024-08-24,"Terrible water bottle, broke after just two days of use.!!",-0.7568,-1.0,1.0,-0.8541,negative,0,0,0,0,0,0,none,0
REV100567,"This customer support experience is a game changer, I use it every single day.",Product Forum,customer support experience,positive,2024-09-03,"This customer support experience is a game changer, I use it every single day.",0.4019,-0.2357,0.3071,0.1469,positive,0,0,0,0,0,0,none,0
REV100568,"The software update meets the basic requirements, nothing more.",Facebook Comment,software update,neutral,2024-10-07,"The software update meets the basic requirements, nothing more.",0.0,0.25,0.3125,0.1,positive,0,0,0,0,0,0,none,0
REV100569,"Excellent electric toothbrush, exactly as described and super reliable.",Product Forum,electric toothbrush,positive,2024-04-10,"Excellent electric toothbrush, exactly as described and super reliable.",0.8225,0.5278,0.6389,0.7046,positive,1,0,0,0,1,0,joy,2
REV100570,The subscription plan has some pros and cons worth mentioning.,Amazon Review,subscription plan,neutral,2024-09-06,The subscription plan has some pros and cons worth mentioning.,0.2263,0.3,0.1,0.2558,positive,0,0,0,0,0,0,none,0
REV100571,The customer service team was super helpful with my yoga mat order.!!,Twitter/X Post,yoga mat,positive,2024-07-22,The customer service team was super helpful with my yoga mat order.!!,0.8065,0.5208,0.6667,0.6922,positive,0,0,0,0,0,0,none,0
REV100572,"The yoga mat does what it's supposed to do, nothing special.",Twitter/X Post,yoga mat,neutral,2024-05-03,"The yoga mat does what it's supposed to do, nothing special.",-0.3089,0.3571,0.5714,-0.0425,neutral,0,0,0,0,0,0,none,0
REV100573,Comparing the electric toothbrush to similar products on the market now.,Amazon Review,electric toothbrush,neutral,2024-05-18,Comparing the electric toothbrush to similar products on the market now.,0.0,0.0,0.4,0.0,neutral,0,0,0,0,0,0,none,0
REV100575,The backpack is overpriced for such low quality.,News Headline,backpack,negative,2024-03-24,The backpack is overpriced for such low quality.,-0.2732,0.0,0.4,-0.1639,negative,0,0,0,0,0,0,none,0
REV100576,"This delivery service is fantastic, best purchase I've made all year.",Amazon Review,delivery service,positive,2024-05-18,"This delivery service is fantastic, best purchase I've made all year.",0.8316,0.7,0.6,0.779,positive,2,0,0,0,0,0,joy,2
REV100577,I hate how unreliable this running shoes turned out to be.,Product Forum,running shoes,negative,2024-09-03,I hate how unreliable this running shoes turned out to be.,-0.5719,-0.8,0.9,-0.6631,negative,0,1,0,0,0,0,anger,1
REV100580,This airline caused nothing but problems since day one.,Facebook Comment,airline,negative,2024-03-13,This airline caused nothing but problems since day one.,0.438,0.0,0.0,0.2628,positive,0,0,0,0,0,0,none,0
REV100582,The water bottle stopped working and support was unhelpful.,News Headline,water bottle,negative,2024-11-16,The water bottle stopped working and support was unhelpful.,0.2023,0.0,0.0,0.1214,positive,0,0,0,0,0,0,none,0
REV100584,"Awful experience with the delivery service, would not recommend at all.",Product Forum,delivery service,negative,2024-03-29,"Awful experience with the delivery service, would not recommend at all.",-0.6261,-1.0,1.0,-0.7757,negative,0,0,0,0,1,0,trust,1
REV100585,Great customer support experience! My whole family loves it. Love it!,Twitter/X Post,customer support experience,positive,2024-07-07,Great customer support experience! My whole family loves it. Love it!,0.9458,0.6083,0.5833,0.8108,positive,2,0,0,0,0,0,joy,2
REV100586,"Received the kitchen blender today, packaging was standard.",Amazon Review,kitchen blender,neutral,2024-12-22,"Received the kitchen blender today, packaging was standard.",0.0,0.0,0.0,0.0,neutral,0,0,0,0,0,0,none,0
REV100587,The yoga mat arrived quickly and the build quality is amazing. :),Amazon Review,yoga mat,positive,2024-10-26,The yoga mat arrived quickly and the build quality is amazing. :),0.7783,0.4778,0.8,0.6581,positive,1,0,0,0,0,0,joy,1
REV100589,"The mobile app is okay, not great but not bad either.",Product Forum,mobile app,neutral,2024-12-26,"The mobile app is okay, not great but not bad either.",0.4728,0.15,0.6389,0.3437,positive,1,0,0,0,0,0,joy,1
REV100593,"Received the coffee maker today, packaging was standard.",Twitter/X Post,coffee maker,neutral,2024-09-27,"Received the coffee maker today, packaging was standard.",0.0,0.0,0.0,0.0,neutral,0,0,0,0,0,0,none,0
REV100594,"I'm impressed by how well the customer support experience performs, truly outstanding.",Facebook Comment,customer support experience,positive,2024-02-05,"I'm impressed by how well the customer support experience performs, truly outstanding.",0.93,0.75,0.9375,0.858,positive,2,0,0,0,0,0,joy,2
REV100595,"This coffee maker is a game changer, I use it every single day.!!",Amazon Review,coffee maker,positive,2024-08-03,"This coffee maker is a game changer, I use it every single day.!!",0.0,-0.2558,0.3071,-0.1023,negative,0,0,0,0,0,0,none,0
REV100596,"I'm so disappointed with this electric toothbrush, complete waste of money. 😡",Twitter/X Post,electric toothbrush,negative,2024-06-30,"I'm so disappointed with this electric toothbrush, complete waste of money.",-0.7346,-0.2833,0.3833,-0.5541,negative,0,0,1,0,0,0,sadness,1
REV100598,The subscription plan is overpriced for such low quality.!!,Product Forum,subscription plan,negative,2024-01-10,The subscription plan is overpriced for such low quality.!!,-0.3987,0.0,0.4,-0.2392,negative,0,0,0,0,0,0,none,0
REV100599,I hate how unreliable this subscription plan turned out to be.,Facebook Comment,subscription plan,negative,2024-05-17,I hate how unreliable this subscription plan turned out to be.,-0.5719,-0.8,0.9,-0.6631,negative,0,1,0,0,0,0,anger,1
REV100602,"Five stars for the subscription plan, it changed the way I do things. Love it!",Amazon Review,subscription plan,positive,2024-02-29,"Five stars for the subscription plan, it changed the way I do things. Love it!",0.6696,0.625,0.6,0.6518,positive,1,0,0,0,0,0,joy,1
REV100603,I hate how unreliable this streaming service turned out to be.,Amazon Review,streaming service,negative,2024-03-30,I hate how unreliable this streaming service turned out to be.,-0.5719,-0.8,0.9,-0.6631,negative,0,1,0,0,0,0,anger,1
REV100604,"Disappointing kitchen blender, definitely returning it. Never again.",Product Forum,kitchen blender,negative,2024-08-14,"Disappointing kitchen blender, definitely returning it. Never again.",-0.128,-0.3,0.6,-0.1968,negative,0,0,1,0,0,0,sadness,1
REV100605,This laptop stand caused nothing but problems since day one.!!,Twitter/X Post,laptop stand,negative,2024-11-09,This laptop stand caused nothing but problems since day one.!!,0.5379,0.0,0.0,0.3227,positive,0,0,0,0,0,0,none,0
REV100606,"I'm impressed by how well the bluetooth speaker performs, truly outstanding.",Twitter/X Post,bluetooth speaker,positive,2024-10-30,"I'm impressed by how well the bluetooth speaker performs, truly outstanding.",0.9022,0.75,0.9375,0.8413,positive,2,0,0,0,0,0,joy,2
REV100607,"Worst fitness tracker I have ever bought, total regret.",Facebook Comment,fitness tracker,negative,2024-09-03,"Worst fitness tracker I have ever bought, total regret.",-0.7264,-0.5,0.875,-0.6358,negative,0,0,1,0,0,0,sadness,1
REV100609,The water bottle has some pros and cons worth mentioning.,Facebook Comment,water bottle,neutral,2024-04-21,The water bottle has some pros and cons worth mentioning.,0.2263,0.3,0.1,0.2558,positive,0,0,0,0,0,0,none,0
REV100610,The running shoes arrived quickly and the build quality is amazing. Love it!,Amazon Review,running shoes,positive,2024-04-26,The running shoes arrived quickly and the build quality is amazing. Love it!,0.8516,0.5194,0.6667,0.7187,positive,2,0,0,0,0,0,joy,2
REV100611,"I bought the desk lamp last week, still testing it out.",Twitter/X Post,desk lamp,neutral,2024-10-02,"I bought the desk lamp last week, still testing it out.",0.0,0.0,0.0667,0.0,neutral,0,0,0,0,0,0,none,0
REV100612,"Disappointing backpack, definitely returning it.",Twitter/X Post,backpack,negative,2024-12-05,"Disappointing backpack, definitely returning it.",-0.128,-0.3,0.6,-0.1968,negative,0,0,1,0,0,0,sadness,1
REV100616,Highly recommend the desk lamp to anyone looking for quality.!!,Product Forum,desk lamp,positive,2024-03-27,Highly recommend the desk lamp to anyone looking for quality.!!,0.5231,0.25,0.54,0.4139,positive,0,0,0,0,1,0,trust,1
REV100617,Highly recommend the fitness tracker to anyone looking for quality.,Amazon Review,fitness tracker,positive,2024-11-07,Highly recommend the fitness tracker to anyone looking for quality.,0.6318,0.16,0.54,0.4431,positive,0,0,0,0,1,0,trust,1
REV100618,"I'm so happy with the laptop stand, works perfectly and looks great. Love it!",News Headline,laptop stand,positive,2024-09-12,"I'm so happy with the laptop stand, works perfectly and looks great. Love it!",0.9571,0.8063,0.8375,0.8968,positive,3,0,0,0,0,0,joy,3
REV100619,"Just unboxed the running shoes, will update this review later.",Twitter/X Post,running shoes,neutral,2024-08-29,"Just unboxed the running shoes, will update this review later.",0.0,0.0,0.0,0.0,neutral,0,0,0,0,0,0,none,0
REV100620,I hate how unreliable this office chair turned out to be. 😡,Twitter/X Post,office chair,negative,2024-07-27,I hate how unreliable this office chair turned out to be.,-0.5719,-0.8,0.9,-0.6631,negative,0,1,0,0,0,0,anger,1
REV100621,"I'm impressed by how well the restaurant chain performs, truly outstanding.!!",Facebook Comment,restaurant chain,positive,2024-10-23,"I'm impressed by how well the restaurant chain performs, truly outstanding.!!",0.9133,0.8906,0.9375,0.9042,positive,2,0,0,0,0,0,joy,2
REV100623,"I bought the airline last week, still testing it out.",Twitter/X Post,airline,neutral,2024-07-31,"I bought the airline last week, still testing it out.",0.0,0.0,0.0667,0.0,neutral,0,0,0,0,0,0,none,0
REV100624,Considering whether to keep the subscription plan or exchange it.,Amazon Review,subscription plan,neutral,2024-03-02,Considering whether to keep the subscription plan or exchange it.,0.0,0.0,0.0,0.0,neutral,0,0,0,0,0,0,none,0
REV100625,"Awful experience with the water bottle, would not recommend at all.",Facebook Comment,water bottle,negative,2024-09-02,"Awful experience with the water bottle, would not recommend at all.",-0.6261,-1.0,1.0,-0.7757,negative,0,0,0,0,1,0,trust,1
REV100626,"Excellent air purifier, exactly as described and super reliable.",News Headline,air purifier,positive,2024-08-21,"Excellent air purifier, exactly as described and super reliable.",0.8225,0.5278,0.6389,0.7046,positive,1,0,0,0,1,0,joy,2
REV100627,Here is my honest review of the laptop stand after a week of use.,Facebook Comment,laptop stand,neutral,2024-05-04,Here is my honest review of the laptop stand after a week of use.,0.5106,0.6,0.9,0.5464,positive,0,0,0,0,1,0,trust,1
REV100629,I hate how unreliable this subscription plan turned out to be. :(,News Headline,subscription plan,negative,2024-07-02,I hate how unreliable this subscription plan turned out to be. :(,-0.765,-0.775,0.95,-0.769,negative,0,1,0,0,0,0,anger,1
REV100630,I hate how unreliable this restaurant chain turned out to be. :(,Amazon Review,restaurant chain,negative,2024-05-28,I hate how unreliable this restaurant chain turned out to be. :(,-0.765,-0.775,0.95,-0.769,negative,0,1,0,0,0,0,anger,1
REV100635,"Terrible backpack, broke after just two days of use.",Twitter/X Post,backpack,negative,2024-04-03,"Terrible backpack, broke after just two days of use.",-0.7096,-1.0,1.0,-0.8258,negative,0,0,0,0,0,0,none,0
REV100636,The restaurant chain is overpriced for such low quality.,Amazon Review,restaurant chain,negative,2024-01-21,The restaurant chain is overpriced for such low quality.,-0.2732,0.0,0.4,-0.1639,negative,0,0,0,0,0,0,none,0
REV100637,"The subscription plan does what it's supposed to do, nothing special.",Facebook Comment,subscription plan,neutral,2024-05-20,"The subscription plan does what it's supposed to do, nothing special.",-0.3089,0.3571,0.5714,-0.0425,neutral,0,0,0,0,0,0,none,0
REV100638,Considering whether to keep the desk lamp or exchange it.,Twitter/X Post,desk lamp,neutral,2024-02-27,Considering whether to keep the desk lamp or exchange it.,0.0,0.0,0.0,0.0,neutral,0,0,0,0,0,0,none,0
REV100639,Here is my honest review of the office chair after a week of use.,Facebook Comment,office chair,neutral,2024-03-20,Here is my honest review of the office chair after a week of use.,0.5106,0.6,0.9,0.5464,positive,0,0,0,0,1,0,trust,1
REV100642,Considering whether to keep the customer support experience or exchange it.,Facebook Comment,customer support experience,neutral,2024-07-15,Considering whether to keep the customer support experience or exchange it.,0.4019,0.0,0.0,0.2411,positive,0,0,0,0,0,0,none,0
REV100645,This electric toothbrush is poorly made and feels cheap. Never again.,Facebook Comment,electric toothbrush,negative,2024-05-31,This electric toothbrush is poorly made and feels cheap. Never again.,0.0,0.0,0.65,0.0,neutral,0,0,0,0,0,0,none,0
REV100650,"Awful experience with the air purifier, would not recommend at all. 😡",Amazon Review,air purifier,negative,2024-11-03,"Awful experience with the air purifier, would not recommend at all.",-0.6261,-1.0,1.0,-0.7757,negative,0,0,0,0,1,0,trust,1
REV100652,What a wonderful software update! Great value for the price.!!,Twitter/X Post,software update,positive,2024-09-12,What a wonderful software update! Great value for the price.!!,0.9017,1.0,0.875,0.941,positive,2,0,0,0,0,0,joy,2
REV100653,"Absolutely love this subscription plan, it exceeded all my expectations!",News Headline,subscription plan,positive,2024-08-24,"Absolutely love this subscription plan, it exceeded all my expectations!",0.6989,0.625,0.6,0.6693,positive,1,0,0,0,0,0,joy,1
REV100654,"Absolutely love this restaurant chain, it exceeded all my expectations! :)",Twitter/X Post,restaurant chain,positive,2024-06-16,"Absolutely love this restaurant chain, it exceeded all my expectations! :)",0.831,0.5625,0.8,0.7236,positive,1,0,0,0,0,0,joy,1
REV100655,"I bought the water bottle last week, still testing it out.",News Headline,water bottle,neutral,2024-05-13,"I bought the water bottle last week, still testing it out.",0.0,0.0,0.0667,0.0,neutral,0,0,0,0,0,0,none,0
REV100657,"This gaming mouse is a game changer, I use it every single day. :)",News Headline,gaming mouse,positive,2024-04-21,"This gaming mouse is a game changer, I use it every single day. :)",0.4588,0.0095,0.5381,0.2791,positive,0,0,0,0,0,0,none,0
REV100658,"Just unboxed the desk lamp, will update this review later.",Amazon Review,desk lamp,neutral,2024-11-20,"Just unboxed the desk lamp, will update this review later.",0.0,0.0,0.0,0.0,neutral,0,0,0,0,0,0,none,0
REV100659,"Five stars for the kitchen blender, it changed the way I do things. Love it!",News Headline,kitchen blender,positive,2024-01-22,"Five stars for the kitchen blender, it changed the way I do things. Love it!",0.6696,0.625,0.6,0.6518,positive,1,0,0,0,0,0,joy,1
REV100660,I hate how unreliable this running shoes turned out to be. :(,News Headline,running shoes,negative,2024-05-12,I hate how unreliable this running shoes turned out to be. :(,-0.765,-0.775,0.95,-0.769,negative,0,1,0,0,0,0,anger,1
REV100661,The electric toothbrush arrived damaged and customer service ignored me. Never again.,Amazon Review,electric toothbrush,negative,2024-11-08,The electric toothbrush arrived damaged and customer service ignored me. Never again.,-0.6369,0.0,0.0,-0.3821,negative,0,0,0,0,0,0,none,0
REV100663,"Awful experience with the customer support experience, would not recommend at all.",Amazon Review,customer support experience,negative,2024-08-04,"Awful experience with the customer support experience, would not recommend at all.",-0.3421,-1.0,1.0,-0.6053,negative,0,0,0,0,1,0,trust,1
REV100667,The office chair is overpriced for such low quality.,Amazon Review,office chair,negative,2024-01-26,The office chair is overpriced for such low quality.,-0.2732,0.0,0.4,-0.1639,negative,0,0,0,0,0,0,none,0
REV100668,Highly recommend the bluetooth speaker to anyone looking for quality.,Twitter/X Post,bluetooth speaker,positive,2024-03-27,Highly recommend the bluetooth speaker to anyone looking for quality.,0.4201,0.16,0.54,0.3161,positive,0,0,0,0,1,0,trust,1
REV100670,The restaurant chain arrived on time and matches the description.,Product Forum,restaurant chain,neutral,2024-03-19,The restaurant chain arrived on time and matches the description.,0.0,0.0,0.0,0.0,neutral,0,0,0,0,0,0,none,0
REV100673,What a wonderful coffee maker! Great value for the price.,Facebook Comment,coffee maker,positive,2024-05-31,What a wonderful coffee maker! Great value for the price.,0.8883,0.9,0.875,0.893,positive,2,0,0,0,0,0,joy,2
REV100674,"This desk lamp is fantastic, best purchase I've made all year.",Twitter/X Post,desk lamp,positive,2024-09-01,"This desk lamp is fantastic, best purchase I've made all year.",0.8316,0.7,0.6,0.779,positive,2,0,0,0,0,0,joy,2
REV100675,The yoga mat arrived quickly and the build quality is amazing.!!,Twitter/X Post,yoga mat,positive,2024-08-27,The yoga mat arrived quickly and the build quality is amazing.!!,0.658,0.6354,0.7,0.649,positive,1,0,0,0,0,0,joy,1
REV100678,Highly recommend the water bottle to anyone looking for quality.,Facebook Comment,water bottle,positive,2024-11-05,Highly recommend the water bottle to anyone looking for quality.,0.4201,0.16,0.54,0.3161,positive,0,0,0,0,1,0,trust,1
REV100679,"Five stars for the wireless headphones, it changed the way I do things.",Facebook Comment,wireless headphones,positive,2024-08-25,"Five stars for the wireless headphones, it changed the way I do things.",0.0,0.0,0.0,0.0,neutral,0,0,0,0,0,0,none,0
REV100681,This coffee maker is poorly made and feels cheap. Never again.,Facebook Comment,coffee maker,negative,2024-07-24,This coffee maker is poorly made and feels cheap. Never again.,0.0,0.0,0.65,0.0,neutral,0,0,0,0,0,0,none,0
REV100682,The backpack stopped working and support was unhelpful.,Amazon Review,backpack,negative,2024-08-28,The backpack stopped working and support was unhelpful.,0.2023,0.0,0.0,0.1214,positive,0,0,0,0,0,0,none,0
REV100683,What a wonderful laptop stand! Great value for the price.,Product Forum,laptop stand,positive,2024-07-18,What a wonderful laptop stand! Great value for the price.,0.8883,0.9,0.875,0.893,positive,2,0,0,0,0,0,joy,2
REV100685,"Disappointing office chair, definitely returning it.",News Headline,office chair,negative,2024-01-20,"Disappointing office chair, definitely returning it.",-0.128,-0.3,0.6,-0.1968,negative,0,0,1,0,0,0,sadness,1
REV100686,"Awful experience with the desk lamp, would not recommend at all. Never again.",Amazon Review,desk lamp,negative,2024-08-28,"Awful experience with the desk lamp, would not recommend at all. Never again.",-0.6261,-1.0,1.0,-0.7757,negative,0,0,0,0,1,0,trust,1
REV100689,The customer service team was super helpful with my restaurant chain order. :),Facebook Comment,restaurant chain,positive,2024-11-08,The customer service team was super helpful with my restaurant chain order. :),0.8658,0.4167,0.8333,0.6861,positive,0,0,0,0,0,0,none,0
REV100692,"Five stars for the office chair, it changed the way I do things.",Facebook Comment,office chair,positive,2024-11-20,"Five stars for the office chair, it changed the way I do things.",0.0,0.0,0.0,0.0,neutral,0,0,0,0,0,0,none,0
REV100695,"Absolutely love this streaming service, it exceeded all my expectations!",News Headline,streaming service,positive,2024-10-13,"Absolutely love this streaming service, it exceeded all my expectations!",0.6989,0.625,0.6,0.6693,positive,1,0,0,0,0,0,joy,1
REV100696,"I'm impressed by how well the software update performs, truly outstanding. 😊",Facebook Comment,software update,positive,2024-05-01,"I'm impressed by how well the software update performs, truly outstanding.",0.9022,0.75,0.9375,0.8413,positive,2,0,0,0,0,0,joy,2
REV100698,I hate how unreliable this gaming mouse turned out to be.,News Headline,gaming mouse,negative,2024-09-14,I hate how unreliable this gaming mouse turned out to be.,-0.5719,-0.8,0.9,-0.6631,negative,0,1,0,0,0,0,anger,1
REV100702,Great desk lamp! My whole family loves it. Love it!,Facebook Comment,desk lamp,positive,2024-12-10,Great desk lamp! My whole family loves it. Love it!,0.9272,0.6083,0.5833,0.7997,positive,2,0,0,0,0,0,joy,2
REV100703,The software update arrived damaged and customer service ignored me.,Twitter/X Post,software update,negative,2024-11-07,The software update arrived damaged and customer service ignored me.,-0.6369,0.0,0.0,-0.3821,negative,0,0,0,0,0,0,none,0
REV100704,The software update is overpriced for such low quality.,News Headline,software update,negative,2024-11-07,The software update is overpriced for such low quality.,-0.2732,0.0,0.4,-0.1639,negative,0,0,0,0,0,0,none,0
REV100705,"Disappointing coffee maker, definitely returning it. 😡",Twitter/X Post,coffee maker,negative,2024-07-10,"Disappointing coffee maker, definitely returning it.",-0.128,-0.3,0.6,-0.1968,negative,0,0,1,0,0,0,sadness,1
REV100706,"This running shoes is fantastic, best purchase I've made all year.",Twitter/X Post,running shoes,positive,2024-02-18,"This running shoes is fantastic, best purchase I've made all year.",0.8316,0.7,0.6,0.779,positive,2,0,0,0,0,0,joy,2
REV100708,"Absolutely love this mobile app, it exceeded all my expectations!",Amazon Review,mobile app,positive,2024-06-09,"Absolutely love this mobile app, it exceeded all my expectations!",0.6989,0.625,0.6,0.6693,positive,1,0,0,0,0,0,joy,1
REV100709,"Disappointing airline, definitely returning it.",Product Forum,airline,negative,2024-04-28,"Disappointing airline, definitely returning it.",-0.128,-0.3,0.6,-0.1968,negative,0,0,1,0,0,0,sadness,1
REV100711,This electric toothbrush caused nothing but problems since day one.!!,News Headline,electric toothbrush,negative,2024-07-12,This electric toothbrush caused nothing but problems since day one.!!,0.5379,0.0,0.0,0.3227,positive,0,0,0,0,0,0,none,0
REV100712,"Absolutely love this yoga mat, it exceeded all my expectations!",Amazon Review,yoga mat,positive,2024-11-27,"Absolutely love this yoga mat, it exceeded all my expectations!",0.6989,0.625,0.6,0.6693,positive,1,0,0,0,0,0,joy,1
REV100713,"The coffee maker does what it's supposed to do, nothing special.",News Headline,coffee maker,neutral,2024-05-24,"The coffee maker does what it's supposed to do, nothing special.",-0.3089,0.3571,0.5714,-0.0425,neutral,0,0,0,0,0,0,none,0
REV100714,Here is my honest review of the kitchen blender after a week of use.,Amazon Review,kitchen blender,neutral,2024-11-07,Here is my honest review of the kitchen blender after a week of use.,0.5106,0.6,0.9,0.5464,positive,0,0,0,0,1,0,trust,1
REV100716,I hate how unreliable this coffee maker turned out to be.,Product Forum,coffee maker,negative,2024-12-17,I hate how unreliable this coffee maker turned out to be.,-0.5719,-0.8,0.9,-0.6631,negative,0,1,0,0,0,0,anger,1
REV100717,"Received the airline today, packaging was standard.",Amazon Review,airline,neutral,2024-01-07,"Received the airline today, packaging was standard.",0.0,0.0,0.0,0.0,neutral,0,0,0,0,0,0,none,0
REV100718,The air purifier stopped working and support was unhelpful. Never again.,News Headline,air purifier,negative,2024-01-17,The air purifier stopped working and support was unhelpful. Never again.,0.2023,0.0,0.0,0.1214,positive,0,0,0,0,0,0,none,0
REV100720,"The running shoes is okay, not great but not bad either.",Twitter/X Post,running shoes,neutral,2024-02-21,"The running shoes is okay, not great but not bad either.",0.4728,0.15,0.6389,0.3437,positive,1,0,0,0,0,0,joy,1
REV100721,"Disappointing bluetooth speaker, definitely returning it.",Product Forum,bluetooth speaker,negative,2024-05-27,"Disappointing bluetooth speaker, definitely returning it.",-0.128,-0.3,0.6,-0.1968,negative,0,0,1,0,0,0,sadness,1
REV100723,Great streaming service! My whole family loves it.,Product Forum,streaming service,positive,2024-08-31,Great streaming service! My whole family loves it.,0.8439,0.6,0.575,0.7463,positive,1,0,0,0,0,0,joy,1
REV100724,"I'm so disappointed with this backpack, complete waste of money. Never again.",Product Forum,backpack,negative,2024-09-08,"I'm so disappointed with this backpack, complete waste of money. Never again.",-0.7346,-0.2833,0.3833,-0.5541,negative,0,0,1,0,0,0,sadness,1
REV100725,The kitchen blender stopped working and support was unhelpful.,Amazon Review,kitchen blender,negative,2024-11-18,The kitchen blender stopped working and support was unhelpful.,0.2023,0.0,0.0,0.1214,positive,0,0,0,0,0,0,none,0
REV100727,This water bottle caused nothing but problems since day one.,Twitter/X Post,water bottle,negative,2024-03-20,This water bottle caused nothing but problems since day one.,0.438,0.0,0.0,0.2628,positive,0,0,0,0,0,0,none,0
REV100729,This customer support experience is poorly made and feels cheap.,News Headline,customer support experience,negative,2024-11-05,This customer support experience is poorly made and feels cheap.,0.4019,0.0,0.65,0.2411,positive,0,0,0,0,0,0,none,0
REV100730,What a wonderful mobile app! Great value for the price. Love it!,Product Forum,mobile app,positive,2024-09-06,What a wonderful mobile app! Great value for the price. Love it!,0.9431,0.8083,0.7833,0.8892,positive,3,0,0,0,0,0,joy,3
REV100731,The customer service team was super helpful with my fitness tracker order.,Twitter/X Post,fitness tracker,positive,2024-03-20,The customer service team was super helpful with my fitness tracker order.,0.8316,0.3333,0.6667,0.6323,positive,0,0,0,0,0,0,none,0
REV100732,"Just unboxed the wireless headphones, will update this review later.",Amazon Review,wireless headphones,neutral,2024-11-11,"Just unboxed the wireless headphones, will update this review later.",0.0,0.0,0.0,0.0,neutral,0,0,0,0,0,0,none,0
REV100733,The gaming mouse is overpriced for such low quality.,Facebook Comment,gaming mouse,negative,2024-01-25,The gaming mouse is overpriced for such low quality.,-0.2732,0.0,0.4,-0.1639,negative,0,0,0,0,0,0,none,0
REV100739,The wireless headphones arrived damaged and customer service ignored me.,Amazon Review,wireless headphones,negative,2024-02-14,The wireless headphones arrived damaged and customer service ignored me.,-0.6369,0.0,0.0,-0.3821,negative,0,0,0,0,0,0,none,0
REV100741,Here is my honest review of the streaming service after a week of use.,News Headline,streaming service,neutral,2024-11-13,Here is my honest review of the streaming service after a week of use.,0.5106,0.6,0.9,0.5464,positive,0,0,0,0,1,0,trust,1
REV100747,I hate how unreliable this laptop stand turned out to be.,Amazon Review,laptop stand,negative,2024-12-27,I hate how unreliable this laptop stand turned out to be.,-0.5719,-0.8,0.9,-0.6631,negative,0,1,0,0,0,0,anger,1
REV100748,What a wonderful restaurant chain! Great value for the price.,Twitter/X Post,restaurant chain,positive,2024-11-20,What a wonderful restaurant chain! Great value for the price.,0.8883,0.9,0.875,0.893,positive,2,0,0,0,0,0,joy,2
REV100750,"Awful experience with the streaming service, would not recommend at all.",Twitter/X Post,streaming service,negative,2024-03-10,"Awful experience with the streaming service, would not recommend at all.",-0.6261,-1.0,1.0,-0.7757,negative,0,0,0,0,1,0,trust,1
REV100751,The running shoes is overpriced for such low quality.,Facebook Comment,running shoes,negative,2024-06-24,The running shoes is overpriced for such low quality.,-0.2732,0.0,0.4,-0.1639,negative,0,0,0,0,0,0,none,0
REV100752,I hate how unreliable this airline turned out to be.,News Headline,airline,negative,2024-06-21,I hate how unreliable this airline turned out to be.,-0.5719,-0.8,0.9,-0.6631,negative,0,1,0,0,0,0,anger,1
REV100754,The customer service team was super helpful with my bluetooth speaker order.,Facebook Comment,bluetooth speaker,positive,2024-12-25,The customer service team was super helpful with my bluetooth speaker order.,0.7717,0.3333,0.6667,0.5964,positive,0,0,0,0,0,0,none,0
REV100756,Here is my honest review of the electric toothbrush after a week of use.,Facebook Comment,electric toothbrush,neutral,2024-02-11,Here is my honest review of the electric toothbrush after a week of use.,0.5106,0.6,0.9,0.5464,positive,0,0,0,0,1,0,trust,1
REV100760,The electric toothbrush stopped working and support was unhelpful. :(,Twitter/X Post,electric toothbrush,negative,2024-05-19,The electric toothbrush stopped working and support was unhelpful. :(,-0.2732,-0.75,1.0,-0.4639,negative,0,0,0,0,0,0,none,0
REV100762,"I'm so disappointed with this fitness tracker, complete waste of money.!!",Twitter/X Post,fitness tracker,negative,2024-06-03,"I'm so disappointed with this fitness tracker, complete waste of money.!!",-0.6885,-0.3208,0.3833,-0.5414,negative,0,0,1,0,0,0,sadness,1
REV100763,"Just unboxed the air purifier, will update this review later.",Twitter/X Post,air purifier,neutral,2024-01-29,"Just unboxed the air purifier, will update this review later.",0.0,0.0,0.0,0.0,neutral,0,0,0,0,0,0,none,0
REV100766,I hate how unreliable this electric toothbrush turned out to be.,News Headline,electric toothbrush,negative,2024-11-25,I hate how unreliable this electric toothbrush turned out to be.,-0.5719,-0.8,0.9,-0.6631,negative,0,1,0,0,0,0,anger,1
REV100767,"I'm impressed by how well the kitchen blender performs, truly outstanding.!!",News Headline,kitchen blender,positive,2024-06-03,"I'm impressed by how well the kitchen blender performs, truly outstanding.!!",0.9133,0.8906,0.9375,0.9042,positive,2,0,0,0,0,0,joy,2
REV100771,"The kitchen blender is okay, not great but not bad either.",Amazon Review,kitchen blender,neutral,2024-11-01,"The kitchen blender is okay, not great but not bad either.",0.4728,0.15,0.6389,0.3437,positive,1,0,0,0,0,0,joy,1
REV100774,"This streaming service is fantastic, best purchase I've made all year.",Twitter/X Post,streaming service,positive,2024-07-27,"This streaming service is fantastic, best purchase I've made all year.",0.8316,0.7,0.6,0.779,positive,2,0,0,0,0,0,joy,2
REV100775,"This subscription plan is fantastic, best purchase I've made all year.",Amazon Review,subscription plan,positive,2024-04-30,"This subscription plan is fantastic, best purchase I've made all year.",0.8316,0.7,0.6,0.779,positive,2,0,0,0,0,0,joy,2
REV100777,"I'm so happy with the wireless headphones, works perfectly and looks great. Love it!",Twitter/X Post,wireless headphones,positive,2024-11-06,"I'm so happy with the wireless headphones, works perfectly and looks great. Love it!",0.9571,0.8063,0.8375,0.8968,positive,3,0,0,0,0,0,joy,3
REV100778,"Just unboxed the subscription plan, will update this review later.",Twitter/X Post,subscription plan,neutral,2024-04-13,"Just unboxed the subscription plan, will update this review later.",0.0,0.0,0.0,0.0,neutral,0,0,0,0,0,0,none,0
REV100781,"Excellent smartphone case, exactly as described and super reliable.",Twitter/X Post,smartphone case,positive,2024-05-14,"Excellent smartphone case, exactly as described and super reliable.",0.8225,0.5278,0.6389,0.7046,positive,1,0,0,0,1,0,joy,2
REV100783,"I'm so disappointed with this smartphone case, complete waste of money. :(",News Headline,smartphone case,negative,2024-12-26,"I'm so disappointed with this smartphone case, complete waste of money. :(",-0.8439,-0.4,0.5375,-0.6663,negative,0,0,1,0,0,0,sadness,1
REV100784,What a wonderful kitchen blender! Great value for the price.,Amazon Review,kitchen blender,positive,2024-09-12,What a wonderful kitchen blender! Great value for the price.,0.8883,0.9,0.875,0.893,positive,2,0,0,0,0,0,joy,2
REV100785,I hate how unreliable this delivery service turned out to be.,Twitter/X Post,delivery service,negative,2024-07-08,I hate how unreliable this delivery service turned out to be.,-0.5719,-0.8,0.9,-0.6631,negative,0,1,0,0,0,0,anger,1
REV100791,The desk lamp stopped working and support was unhelpful.,Product Forum,desk lamp,negative,2024-10-01,The desk lamp stopped working and support was unhelpful.,0.2023,0.0,0.0,0.1214,positive,0,0,0,0,0,0,none,0
REV100792,"This fitness tracker is fantastic, best purchase I've made all year.!!",Product Forum,fitness tracker,positive,2024-12-31,"This fitness tracker is fantastic, best purchase I've made all year.!!",0.8881,0.7,0.6,0.8129,positive,2,0,0,0,0,0,joy,2
REV100793,The coffee maker arrived damaged and customer service ignored me.,Twitter/X Post,coffee maker,negative,2024-10-19,The coffee maker arrived damaged and customer service ignored me.,-0.6369,0.0,0.0,-0.3821,negative,0,0,0,0,0,0,none,0
REV100795,"Very frustrated with the yoga mat, it never worked as advertised.",Facebook Comment,yoga mat,negative,2024-09-05,"Very frustrated with the yoga mat, it never worked as advertised.",-0.5709,-0.91,0.26,-0.7065,negative,0,1,0,0,0,0,anger,1
REV100796,"The water bottle works as expected, average performance overall.",Product Forum,water bottle,neutral,2024-11-18,"The water bottle works as expected, average performance overall.",0.0,-0.0833,0.2667,-0.0333,neutral,0,0,0,0,0,0,none,0
REV100798,"The desk lamp is okay, not great but not bad either.",Twitter/X Post,desk lamp,neutral,2024-04-27,"The desk lamp is okay, not great but not bad either.",0.4728,0.15,0.6389,0.3437,positive,1,0,0,0,0,0,joy,1
REV100799,The customer service team was super helpful with my running shoes order.,Amazon Review,running shoes,positive,2024-02-04,The customer service team was super helpful with my running shoes order.,0.7717,0.3333,0.6667,0.5964,positive,0,0,0,0,0,0,none,0
REV100802,The delivery service arrived damaged and customer service ignored me.,Amazon Review,delivery service,negative,2024-02-28,The delivery service arrived damaged and customer service ignored me.,-0.6369,0.0,0.0,-0.3821,negative,0,0,0,0,0,0,none,0
REV100808,The smartphone case is overpriced for such low quality. 😡,News Headline,smartphone case,negative,2024-03-02,The smartphone case is overpriced for such low quality.,-0.2732,0.0,0.4,-0.1639,negative,0,0,0,0,0,0,none,0
REV100809,"Very frustrated with the subscription plan, it never worked as advertised.!!",Product Forum,subscription plan,negative,2024-04-27,"Very frustrated with the subscription plan, it never worked as advertised.!!",-0.6459,-1.0,0.26,-0.7875,negative,0,1,0,0,0,0,anger,1
REV100810,"I bought the customer support experience last week, still testing it out.",Facebook Comment,customer support experience,neutral,2024-10-21,"I bought the customer support experience last week, still testing it out.",0.4019,0.0,0.0667,0.2411,positive,0,0,0,0,0,0,none,0
REV100811,Comparing the delivery service to similar products on the market now.,Facebook Comment,delivery service,neutral,2024-04-13,Comparing the delivery service to similar products on the market now.,0.0,0.0,0.4,0.0,neutral,0,0,0,0,0,0,none,0
REV100813,"Excellent airline, exactly as described and super reliable.",Facebook Comment,airline,positive,2024-11-27,"Excellent airline, exactly as described and super reliable.",0.8225,0.5278,0.6389,0.7046,positive,1,0,0,0,1,0,joy,2
REV100814,"Just unboxed the kitchen blender, will update this review later.",Amazon Review,kitchen blender,neutral,2024-05-10,"Just unboxed the kitchen blender, will update this review later.",0.0,0.0,0.0,0.0,neutral,0,0,0,0,0,0,none,0
REV100815,"I'm so disappointed with this kitchen blender, complete waste of money.!!",Facebook Comment,kitchen blender,negative,2024-09-12,"I'm so disappointed with this kitchen blender, complete waste of money.!!",-0.7768,-0.3208,0.3833,-0.5944,negative,0,0,1,0,0,0,sadness,1
REV100816,"I'm so disappointed with this water bottle, complete waste of money.",Product Forum,water bottle,negative,2024-09-14,"I'm so disappointed with this water bottle, complete waste of money.",-0.7346,-0.2833,0.3833,-0.5541,negative,0,0,1,0,0,0,sadness,1
REV100820,"Worst smartphone case I have ever bought, total regret.",Product Forum,smartphone case,negative,2024-09-23,"Worst smartphone case I have ever bought, total regret.",-0.8016,-0.5,0.875,-0.681,negative,0,0,1,0,0,0,sadness,1
REV100823,"I'm so happy with the airline, works perfectly and looks great.",Product Forum,airline,positive,2024-09-03,"I'm so happy with the airline, works perfectly and looks great.",0.923,0.8667,0.9167,0.9005,positive,2,0,0,0,0,0,joy,2
REV100829,Considering whether to keep the backpack or exchange it.,Amazon Review,backpack,neutral,2024-01-05,Considering whether to keep the backpack or exchange it.,0.0,0.0,0.0,0.0,neutral,0,0,0,0,0,0,none,0
REV100830,"Received the customer support experience today, packaging was standard.",News Headline,customer support experience,neutral,2024-02-16,"Received the customer support experience today, packaging was standard.",0.4019,0.0,0.0,0.2411,positive,0,0,0,0,0,0,none,0
REV100835,This streaming service is poorly made and feels cheap.,Facebook Comment,streaming service,negative,2024-04-06,This streaming service is poorly made and feels cheap.,0.0,0.0,0.65,0.0,neutral,0,0,0,0,0,0,none,0
REV100838,"Terrible mobile app, broke after just two days of use.",Twitter/X Post,mobile app,negative,2024-02-13,"Terrible mobile app, broke after just two days of use.",-0.7096,-1.0,1.0,-0.8258,negative,0,0,0,0,0,0,none,0
REV100841,"Awful experience with the wireless headphones, would not recommend at all.",Product Forum,wireless headphones,negative,2024-07-08,"Awful experience with the wireless headphones, would not recommend at all.",-0.6261,-1.0,1.0,-0.7757,negative,0,0,0,0,1,0,trust,1
REV100842,"Awful experience with the software update, would not recommend at all.",Twitter/X Post,software update,negative,2024-11-16,"Awful experience with the software update, would not recommend at all.",-0.6261,-1.0,1.0,-0.7757,negative,0,0,0,0,1,0,trust,1
REV100844,"The customer support experience meets the basic requirements, nothing more.",Twitter/X Post,customer support experience,neutral,2024-02-20,"The customer support experience meets the basic requirements, nothing more.",0.4019,0.25,0.3125,0.3411,positive,0,0,0,0,0,0,none,0
REV100845,The customer service team was super helpful with my coffee maker order. 😊,Product Forum,coffee maker,positive,2024-08-28,The customer service team was super helpful with my coffee maker order.,0.7717,0.3333,0.6667,0.5964,positive,0,0,0,0,0,0,none,0
REV100847,"Absolutely love this coffee maker, it exceeded all my expectations!",Facebook Comment,coffee maker,positive,2024-02-16,"Absolutely love this coffee maker, it exceeded all my expectations!",0.6989,0.625,0.6,0.6693,positive,1,0,0,0,0,0,joy,1
REV100848,"Absolutely love this electric toothbrush, it exceeded all my expectations!",News Headline,electric toothbrush,positive,2024-07-03,"Absolutely love this electric toothbrush, it exceeded all my expectations!",0.6989,0.625,0.6,0.6693,positive,1,0,0,0,0,0,joy,1
REV100854,The laptop stand arrived quickly and the build quality is amazing.,Facebook Comment,laptop stand,positive,2024-03-01,The laptop stand arrived quickly and the build quality is amazing.,0.5859,0.4667,0.7,0.5382,positive,1,0,0,0,0,0,joy,1
REV100857,"Absolutely love this streaming service, it exceeded all my expectations!!!",Twitter/X Post,streaming service,positive,2024-11-01,"Absolutely love this streaming service, it exceeded all my expectations!!!",0.7483,0.9766,0.6,0.8396,positive,1,0,0,0,0,0,joy,1
REV100858,This water bottle is poorly made and feels cheap.,Amazon Review,water bottle,negative,2024-11-17,This water bottle is poorly made and feels cheap.,0.0,0.0,0.65,0.0,neutral,0,0,0,0,0,0,none,0
REV100861,"The yoga mat meets the basic requirements, nothing more.",News Headline,yoga mat,neutral,2024-05-05,"The yoga mat meets the basic requirements, nothing more.",0.0,0.25,0.3125,0.1,positive,0,0,0,0,0,0,none,0
REV100862,The customer service team was super helpful with my delivery service order.,Product Forum,delivery service,positive,2024-08-24,The customer service team was super helpful with my delivery service order.,0.7717,0.3333,0.6667,0.5964,positive,0,0,0,0,0,0,none,0
REV100863,The bluetooth speaker arrived on time and matches the description.,Facebook Comment,bluetooth speaker,neutral,2024-03-02,The bluetooth speaker arrived on time and matches the description.,0.0,0.0,0.0,0.0,neutral,0,0,0,0,0,0,none,0
REV100867,"Absolutely love this kitchen blender, it exceeded all my expectations!!!",Facebook Comment,kitchen blender,positive,2024-04-15,"Absolutely love this kitchen blender, it exceeded all my expectations!!!",0.7483,0.9766,0.6,0.8396,positive,1,0,0,0,0,0,joy,1
REV100868,"This air purifier is a game changer, I use it every single day.",Product Forum,air purifier,positive,2024-10-23,"This air purifier is a game changer, I use it every single day.",0.0,-0.2357,0.3071,-0.0943,negative,0,0,0,0,0,0,none,0
REV100869,"Excellent fitness tracker, exactly as described and super reliable.",Amazon Review,fitness tracker,positive,2024-06-13,"Excellent fitness tracker, exactly as described and super reliable.",0.8658,0.5278,0.6389,0.7306,positive,1,0,0,0,1,0,joy,2
REV100870,"I'm so happy with the airline, works perfectly and looks great.!!",Twitter/X Post,airline,positive,2024-08-09,"I'm so happy with the airline, works perfectly and looks great.!!",0.931,0.9333,0.9167,0.9319,positive,2,0,0,0,0,0,joy,2
REV100873,"Worst yoga mat I have ever bought, total regret.",News Headline,yoga mat,negative,2024-01-30,"Worst yoga mat I have ever bought, total regret.",-0.8016,-0.5,0.875,-0.681,negative,0,0,1,0,0,0,sadness,1
REV100875,The customer service team was super helpful with my restaurant chain order.!!,Product Forum,restaurant chain,positive,2024-04-16,The customer service team was super helpful with my restaurant chain order.!!,0.8065,0.5208,0.6667,0.6922,positive,0,0,0,0,0,0,none,0
REV100876,Highly recommend the streaming service to anyone looking for quality.,News Headline,streaming service,positive,2024-05-07,Highly recommend the streaming service to anyone looking for quality.,0.4201,0.16,0.54,0.3161,positive,0,0,0,0,1,0,trust,1
REV100877,"Excellent running shoes, exactly as described and super reliable.",Product Forum,running shoes,positive,2024-09-24,"Excellent running shoes, exactly as described and super reliable.",0.8225,0.5278,0.6389,0.7046,positive,1,0,0,0,1,0,joy,2
REV100879,"Terrible electric toothbrush, broke after just two days of use. 😡",News Headline,electric toothbrush,negative,2024-04-14,"Terrible electric toothbrush, broke after just two days of use.",-0.7096,-1.0,1.0,-0.8258,negative,0,0,0,0,0,0,none,0
REV100880,"Five stars for the subscription plan, it changed the way I do things.",Twitter/X Post,subscription plan,positive,2024-03-28,"Five stars for the subscription plan, it changed the way I do things.",0.0,0.0,0.0,0.0,neutral,0,0,0,0,0,0,none,0
REV100883,The mobile app arrived on time and matches the description.,Product Forum,mobile app,neutral,2024-09-20,The mobile app arrived on time and matches the description.,0.0,0.0,0.0,0.0,neutral,0,0,0,0,0,0,none,0
REV100884,"Very frustrated with the restaurant chain, it never worked as advertised.",Amazon Review,restaurant chain,negative,2024-09-22,"Very frustrated with the restaurant chain, it never worked as advertised.",-0.5709,-0.91,0.26,-0.7065,negative,0,1,0,0,0,0,anger,1
REV100887,Great electric toothbrush! My whole family loves it.!!,Twitter/X Post,electric toothbrush,positive,2024-03-17,Great electric toothbrush! My whole family loves it.!!,0.865,0.6562,0.575,0.7815,positive,1,0,0,0,0,0,joy,1
REV100888,The customer service team was super helpful with my fitness tracker order. Love it!,Product Forum,fitness tracker,positive,2024-07-26,The customer service team was super helpful with my fitness tracker order. Love it!,0.923,0.4792,0.6333,0.7455,positive,1,0,0,0,0,0,joy,1
REV100891,The bluetooth speaker arrived damaged and customer service ignored me.,Twitter/X Post,bluetooth speaker,negative,2024-08-12,The bluetooth speaker arrived damaged and customer service ignored me.,-0.6369,0.0,0.0,-0.3821,negative,0,0,0,0,0,0,none,0
REV100892,"Five stars for the desk lamp, it changed the way I do things.!!",Facebook Comment,desk lamp,positive,2024-01-14,"Five stars for the desk lamp, it changed the way I do things.!!",0.0,0.0,0.0,0.0,neutral,0,0,0,0,0,0,none,0
REV100895,Comparing the software update to similar products on the market now.,News Headline,software update,neutral,2024-03-31,Comparing the software update to similar products on the market now.,0.0,0.0,0.4,0.0,neutral,0,0,0,0,0,0,none,0
REV100897,"Terrible coffee maker, broke after just two days of use.",Facebook Comment,coffee maker,negative,2024-04-15,"Terrible coffee maker, broke after just two days of use.",-0.7096,-1.0,1.0,-0.8258,negative,0,0,0,0,0,0,none,0
REV100898,"I'm so disappointed with this backpack, complete waste of money.",News Headline,backpack,negative,2024-06-13,"I'm so disappointed with this backpack, complete waste of money.",-0.7346,-0.2833,0.3833,-0.5541,negative,0,0,1,0,0,0,sadness,1
REV100899,"Worst customer support experience I have ever bought, total regret.",Product Forum,customer support experience,negative,2024-07-13,"Worst customer support experience I have ever bought, total regret.",-0.6697,-0.5,0.875,-0.6018,negative,0,0,1,0,0,0,sadness,1
REV100901,"Very frustrated with the mobile app, it never worked as advertised.",Product Forum,mobile app,negative,2024-04-07,"Very frustrated with the mobile app, it never worked as advertised.",-0.5709,-0.91,0.26,-0.7065,negative,0,1,0,0,0,0,anger,1
REV100903,"Awful experience with the coffee maker, would not recommend at all.",Amazon Review,coffee maker,negative,2024-06-08,"Awful experience with the coffee maker, would not recommend at all.",-0.6261,-1.0,1.0,-0.7757,negative,0,0,0,0,1,0,trust,1
REV100904,"I'm so disappointed with this fitness tracker, complete waste of money. Never again.",Product Forum,fitness tracker,negative,2024-05-09,"I'm so disappointed with this fitness tracker, complete waste of money. Never again.",-0.624,-0.2833,0.3833,-0.4877,negative,0,0,1,0,0,0,sadness,1
REV100906,Highly recommend the backpack to anyone looking for quality. :),Product Forum,backpack,positive,2024-07-06,Highly recommend the backpack to anyone looking for quality. :),0.6997,0.33,0.77,0.5518,positive,0,0,0,0,1,0,trust,1
REV100908,"This office chair is fantastic, best purchase I've made all year.",Amazon Review,office chair,positive,2024-12-21,"This office chair is fantastic, best purchase I've made all year.",0.8316,0.7,0.6,0.779,positive,2,0,0,0,0,0,joy,2
REV100913,"Absolutely love this kitchen blender, it exceeded all my expectations!",News Headline,kitchen blender,positive,2024-04-07,"Absolutely love this kitchen blender, it exceeded all my expectations!",0.6989,0.625,0.6,0.6693,positive,1,0,0,0,0,0,joy,1
REV100914,The yoga mat is overpriced for such low quality. :(,Facebook Comment,yoga mat,negative,2024-05-27,The yoga mat is overpriced for such low quality. :(,-0.6124,-0.25,0.6,-0.4674,negative,0,0,0,0,0,0,none,0
REV100915,"I'm so disappointed with this delivery service, complete waste of money. 😡",News Headline,delivery service,negative,2024-01-13,"I'm so disappointed with this delivery service, complete waste of money.",-0.7346,-0.2833,0.3833,-0.5541,negative,0,0,1,0,0,0,sadness,1
REV100917,I hate how unreliable this fitness tracker turned out to be.,News Headline,fitness tracker,negative,2024-01-08,I hate how unreliable this fitness tracker turned out to be.,-0.3237,-0.8,0.9,-0.5142,negative,0,1,0,0,0,0,anger,1
REV100922,Highly recommend the coffee maker to anyone looking for quality. Love it!,News Headline,coffee maker,positive,2024-06-04,Highly recommend the coffee maker to anyone looking for quality. Love it!,0.8066,0.3925,0.57,0.641,positive,1,0,0,0,1,0,joy,2
REV100925,"Received the smartphone case today, packaging was standard.",News Headline,smartphone case,neutral,2024-08-06,"Received the smartphone case today, packaging was standard.",0.0,0.0,0.0,0.0,neutral,0,0,0,0,0,0,none,0
REV100928,The water bottle arrived on time and matches the description.,Twitter/X Post,water bottle,neutral,2024-05-13,The water bottle arrived on time and matches the description.,0.0,0.0,0.0,0.0,neutral,0,0,0,0,0,0,none,0
REV100931,"The streaming service does what it's supposed to do, nothing special.",News Headline,streaming service,neutral,2024-04-03,"The streaming service does what it's supposed to do, nothing special.",-0.3089,0.3571,0.5714,-0.0425,neutral,0,0,0,0,0,0,none,0
REV100932,"Five stars for the streaming service, it changed the way I do things. Love it!",Amazon Review,streaming service,positive,2024-09-28,"Five stars for the streaming service, it changed the way I do things. Love it!",0.6696,0.625,0.6,0.6518,positive,1,0,0,0,0,0,joy,1
REV100934,"I bought the subscription plan last week, still testing it out.",News Headline,subscription plan,neutral,2024-07-23,"I bought the subscription plan last week, still testing it out.",0.0,0.0,0.0667,0.0,neutral,0,0,0,0,0,0,none,0
REV100938,Great smartphone case! My whole family loves it. :),Twitter/X Post,smartphone case,positive,2024-02-20,Great smartphone case! My whole family loves it. :),0.902,0.5667,0.7167,0.7679,positive,1,0,0,0,0,0,joy,1
REV100940,"Awful experience with the coffee maker, would not recommend at all.!!",Facebook Comment,coffee maker,negative,2024-12-10,"Awful experience with the coffee maker, would not recommend at all.!!",-0.6902,-1.0,1.0,-0.8141,negative,0,0,0,0,1,0,trust,1
REV100941,"This airline is a game changer, I use it every single day.",Twitter/X Post,airline,positive,2024-12-15,"This airline is a game changer, I use it every single day.",0.0,-0.2357,0.3071,-0.0943,negative,0,0,0,0,0,0,none,0
REV100945,The delivery service arrived quickly and the build quality is amazing.,Twitter/X Post,delivery service,positive,2024-01-30,The delivery service arrived quickly and the build quality is amazing.,0.5859,0.4667,0.7,0.5382,positive,1,0,0,0,0,0,joy,1
REV100947,"The air purifier works as expected, average performance overall.",Facebook Comment,air purifier,neutral,2024-11-23,"The air purifier works as expected, average performance overall.",0.0,-0.0833,0.2667,-0.0333,neutral,0,0,0,0,0,0,none,0
REV100950,"Worst desk lamp I have ever bought, total regret. :(",Amazon Review,desk lamp,negative,2024-06-03,"Worst desk lamp I have ever bought, total regret. :(",-0.8852,-0.5833,0.9167,-0.7645,negative,0,0,1,0,0,0,sadness,1
REV100951,"I'm impressed by how well the airline performs, truly outstanding.!!",Twitter/X Post,airline,positive,2024-01-22,"I'm impressed by how well the airline performs, truly outstanding.!!",0.9133,0.8906,0.9375,0.9042,positive,2,0,0,0,0,0,joy,2
REV100952,"I'm impressed by how well the air purifier performs, truly outstanding. 😊",Product Forum,air purifier,positive,2024-03-21,"I'm impressed by how well the air purifier performs, truly outstanding.",0.9022,0.75,0.9375,0.8413,positive,2,0,0,0,0,0,joy,2
REV100954,"Disappointing desk lamp, definitely returning it.",Amazon Review,desk lamp,negative,2024-09-05,"Disappointing desk lamp, definitely returning it.",-0.128,-0.3,0.6,-0.1968,negative,0,0,1,0,0,0,sadness,1
REV100955,Considering whether to keep the running shoes or exchange it.,Product Forum,running shoes,neutral,2024-12-12,Considering whether to keep the running shoes or exchange it.,0.0,0.0,0.0,0.0,neutral,0,0,0,0,0,0,none,0
REV100956,"Five stars for the delivery service, it changed the way I do things. :)",News Headline,delivery service,positive,2024-01-01,"Five stars for the delivery service, it changed the way I do things. :)",0.4588,0.5,1.0,0.4753,positive,0,0,0,0,0,0,none,0
REV100958,"The electric toothbrush works as expected, average performance overall.",Product Forum,electric toothbrush,neutral,2024-08-09,"The electric toothbrush works as expected, average performance overall.",0.0,-0.0833,0.2667,-0.0333,neutral,0,0,0,0,0,0,none,0
REV100961,The office chair arrived quickly and the build quality is amazing. Love it!,Facebook Comment,office chair,positive,2024-05-14,The office chair arrived quickly and the build quality is amazing. Love it!,0.8516,0.5194,0.6667,0.7187,positive,2,0,0,0,0,0,joy,2
REV100962,"Five stars for the desk lamp, it changed the way I do things.",Twitter/X Post,desk lamp,positive,2024-05-02,"Five stars for the desk lamp, it changed the way I do things.",0.0,0.0,0.0,0.0,neutral,0,0,0,0,0,0,none,0
REV100963,"Excellent software update, exactly as described and super reliable. :)",Amazon Review,software update,positive,2024-08-24,"Excellent software update, exactly as described and super reliable. :)",0.891,0.5208,0.7292,0.7429,positive,1,0,0,0,1,0,joy,2
REV100965,"I'm so disappointed with this coffee maker, complete waste of money.",Twitter/X Post,coffee maker,negative,2024-06-09,"I'm so disappointed with this coffee maker, complete waste of money.",-0.7346,-0.2833,0.3833,-0.5541,negative,0,0,1,0,0,0,sadness,1
REV100966,The streaming service arrived on time and matches the description.,Twitter/X Post,streaming service,neutral,2024-09-19,The streaming service arrived on time and matches the description.,0.0,0.0,0.0,0.0,neutral,0,0,0,0,0,0,none,0
REV100971,"Five stars for the backpack, it changed the way I do things.",Twitter/X Post,backpack,positive,2024-04-24,"Five stars for the backpack, it changed the way I do things.",0.0,0.0,0.0,0.0,neutral,0,0,0,0,0,0,none,0
REV100974,The restaurant chain stopped working and support was unhelpful.!!,Facebook Comment,restaurant chain,negative,2024-07-25,The restaurant chain stopped working and support was unhelpful.!!,0.3365,0.0,0.0,0.2019,positive,0,0,0,0,0,0,none,0
REV100975,Great software update! My whole family loves it.,Twitter/X Post,software update,positive,2024-05-05,Great software update! My whole family loves it.,0.8439,0.6,0.575,0.7463,positive,1,0,0,0,0,0,joy,1
REV100976,"Disappointing running shoes, definitely returning it.",Amazon Review,running shoes,negative,2024-02-19,"Disappointing running shoes, definitely returning it.",-0.128,-0.3,0.6,-0.1968,negative,0,0,1,0,0,0,sadness,1
REV100977,"I'm impressed by how well the wireless headphones performs, truly outstanding. 😊",News Headline,wireless headphones,positive,2024-05-28,"I'm impressed by how well the wireless headphones performs, truly outstanding.",0.9022,0.75,0.9375,0.8413,positive,2,0,0,0,0,0,joy,2
REV100978,Highly recommend the running shoes to anyone looking for quality. Love it!,Facebook Comment,running shoes,positive,2024-08-22,Highly recommend the running shoes to anyone looking for quality. Love it!,0.8066,0.3925,0.57,0.641,positive,1,0,0,0,1,0,joy,2
REV100979,Great desk lamp! My whole family loves it.,News Headline,desk lamp,positive,2024-12-08,Great desk lamp! My whole family loves it.,0.8439,0.6,0.575,0.7463,positive,1,0,0,0,0,0,joy,1
REV100982,"Received the subscription plan today, packaging was standard.",Amazon Review,subscription plan,neutral,2024-04-05,"Received the subscription plan today, packaging was standard.",0.0,0.0,0.0,0.0,neutral,0,0,0,0,0,0,none,0
REV100984,The electric toothbrush arrived on time and matches the description.,Twitter/X Post,electric toothbrush,neutral,2024-08-22,The electric toothbrush arrived on time and matches the description.,0.0,0.0,0.0,0.0,neutral,0,0,0,0,0,0,none,0
REV100987,"I'm so happy with the electric toothbrush, works perfectly and looks great.!!",Facebook Comment,electric toothbrush,positive,2024-12-24,"I'm so happy with the electric toothbrush, works perfectly and looks great.!!",0.931,0.9333,0.9167,0.9319,positive,2,0,0,0,0,0,joy,2
REV100988,"Terrible wireless headphones, broke after just two days of use.",Facebook Comment,wireless headphones,negative,2024-08-08,"Terrible wireless headphones, broke after just two days of use.",-0.7096,-1.0,1.0,-0.8258,negative,0,0,0,0,0,0,none,0
REV100989,"The backpack does what it's supposed to do, nothing special.",Twitter/X Post,backpack,neutral,2024-01-13,"The backpack does what it's supposed to do, nothing special.",-0.3089,0.3571,0.5714,-0.0425,neutral,0,0,0,0,0,0,none,0
REV100991,This airline is poorly made and feels cheap.,Amazon Review,airline,negative,2024-01-19,This airline is poorly made and feels cheap.,0.0,0.0,0.65,0.0,neutral,0,0,0,0,0,0,none,0
REV100992,What a wonderful laptop stand! Great value for the price.!!,News Headline,laptop stand,positive,2024-12-09,What a wonderful laptop stand! Great value for the price.!!,0.9017,1.0,0.875,0.941,positive,2,0,0,0,0,0,joy,2
REV100993,"The customer support experience is okay, not great but not bad either.",Facebook Comment,customer support experience,neutral,2024-06-18,"The customer support experience is okay, not great but not bad either.",0.6031,0.15,0.6389,0.4219,positive,1,0,0,0,0,0,joy,1
REV100994,"Terrible backpack, broke after just two days of use. Never again.",Amazon Review,backpack,negative,2024-02-27,"Terrible backpack, broke after just two days of use. Never again.",-0.7096,-1.0,1.0,-0.8258,negative,0,0,0,0,0,0,none,0
REV100995,"Worst bluetooth speaker I have ever bought, total regret.",News Headline,bluetooth speaker,negative,2024-11-22,"Worst bluetooth speaker I have ever bought, total regret.",-0.8016,-0.5,0.875,-0.681,negative,0,0,1,0,0,0,sadness,1
REV100996,Great fitness tracker! My whole family loves it. Love it!,Facebook Comment,fitness tracker,positive,2024-03-11,Great fitness tracker! My whole family loves it. Love it!,0.9401,0.6083,0.5833,0.8074,positive,2,0,0,0,0,0,joy,2
REV100997,"I'm impressed by how well the backpack performs, truly outstanding.!!",News Headline,backpack,positive,2024-03-15,"I'm impressed by how well the backpack performs, truly outstanding.!!",0.9133,0.8906,0.9375,0.9042,positive,2,0,0,0,0,0,joy,2
REV101001,"Worst delivery service I have ever bought, total regret.",News Headline,delivery service,negative,2024-07-13,"Worst delivery service I have ever bought, total regret.",-0.8016,-0.5,0.875,-0.681,negative,0,0,1,0,0,0,sadness,1
REV101004,"Just unboxed the restaurant chain, will update this review later.",Twitter/X Post,restaurant chain,neutral,2024-11-01,"Just unboxed the restaurant chain, will update this review later.",0.0,0.0,0.0,0.0,neutral,0,0,0,0,0,0,none,0
REV101006,"The software update works as expected, average performance overall.",Amazon Review,software update,neutral,2024-07-31,"The software update works as expected, average performance overall.",0.0,-0.0833,0.2667,-0.0333,neutral,0,0,0,0,0,0,none,0
REV101010,The customer service team was super helpful with my wireless headphones order.,News Headline,wireless headphones,positive,2024-09-23,The customer service team was super helpful with my wireless headphones order.,0.7717,0.3333,0.6667,0.5964,positive,0,0,0,0,0,0,none,0
REV101011,"This laptop stand is fantastic, best purchase I've made all year. Love it!",Facebook Comment,laptop stand,positive,2024-03-25,"This laptop stand is fantastic, best purchase I've made all year. Love it!",0.923,0.675,0.6,0.8238,positive,3,0,0,0,0,0,joy,3
REV101013,What a wonderful air purifier! Great value for the price.,Twitter/X Post,air purifier,positive,2024-12-15,What a wonderful air purifier! Great value for the price.,0.8883,0.9,0.875,0.893,positive,2,0,0,0,0,0,joy,2
REV101014,"Received the electric toothbrush today, packaging was standard.",Amazon Review,electric toothbrush,neutral,2024-06-16,"Received the electric toothbrush today, packaging was standard.",0.0,0.0,0.0,0.0,neutral,0,0,0,0,0,0,none,0
REV101016,Here is my honest review of the mobile app after a week of use.,News Headline,mobile app,neutral,2024-04-07,Here is my honest review of the mobile app after a week of use.,0.5106,0.6,0.9,0.5464,positive,0,0,0,0,1,0,trust,1
REV101017,"This desk lamp is a game changer, I use it every single day. :)",Facebook Comment,desk lamp,positive,2024-01-12,"This desk lamp is a game changer, I use it every single day. :)",0.4588,0.0095,0.5381,0.2791,positive,0,0,0,0,0,0,none,0
REV101019,I hate how unreliable this streaming service turned out to be. Never again.,Facebook Comment,streaming service,negative,2024-08-27,I hate how unreliable this streaming service turned out to be. Never again.,-0.5719,-0.8,0.9,-0.6631,negative,0,1,0,0,0,0,anger,1
REV101020,"This gaming mouse is a game changer, I use it every single day.",Facebook Comment,gaming mouse,positive,2024-02-09,"This gaming mouse is a game changer, I use it every single day.",0.0,-0.2357,0.3071,-0.0943,negative,0,0,0,0,0,0,none,0
REV101021,The running shoes arrived damaged and customer service ignored me.!!,Amazon Review,running shoes,negative,2024-09-27,The running shoes arrived damaged and customer service ignored me.!!,-0.6988,0.0,0.0,-0.4193,negative,0,0,0,0,0,0,none,0
REV101022,Great airline! My whole family loves it.,Product Forum,airline,positive,2024-11-08,Great airline! My whole family loves it.,0.8439,0.6,0.575,0.7463,positive,1,0,0,0,0,0,joy,1
REV101024,"Very frustrated with the desk lamp, it never worked as advertised.",Amazon Review,desk lamp,negative,2024-02-06,"Very frustrated with the desk lamp, it never worked as advertised.",-0.5709,-0.91,0.26,-0.7065,negative,0,1,0,0,0,0,anger,1
REV101025,"The air purifier meets the basic requirements, nothing more.",Amazon Review,air purifier,neutral,2024-06-01,"The air purifier meets the basic requirements, nothing more.",0.0,0.25,0.3125,0.1,positive,0,0,0,0,0,0,none,0
REV101031,"Terrible gaming mouse, broke after just two days of use.!!",Product Forum,gaming mouse,negative,2024-09-08,"Terrible gaming mouse, broke after just two days of use.!!",-0.7568,-1.0,1.0,-0.8541,negative,0,0,0,0,0,0,none,0
REV101033,"I'm so happy with the subscription plan, works perfectly and looks great. :)",Facebook Comment,subscription plan,positive,2024-01-03,"I'm so happy with the subscription plan, works perfectly and looks great. :)",0.9459,0.775,0.9375,0.8775,positive,2,0,0,0,0,0,joy,2
REV101034,The smartphone case stopped working and support was unhelpful. :(,Product Forum,smartphone case,negative,2024-04-03,The smartphone case stopped working and support was unhelpful. :(,-0.2732,-0.75,1.0,-0.4639,negative,0,0,0,0,0,0,none,0
REV101038,Here is my honest review of the restaurant chain after a week of use.,Amazon Review,restaurant chain,neutral,2024-11-04,Here is my honest review of the restaurant chain after a week of use.,0.5106,0.6,0.9,0.5464,positive,0,0,0,0,1,0,trust,1
REV101039,Great laptop stand! My whole family loves it.,Product Forum,laptop stand,positive,2024-05-30,Great laptop stand! My whole family loves it.,0.8439,0.6,0.575,0.7463,positive,1,0,0,0,0,0,joy,1
REV101043,"The backpack works as expected, average performance overall.",Product Forum,backpack,neutral,2024-02-13,"The backpack works as expected, average performance overall.",0.0,-0.0833,0.2667,-0.0333,neutral,0,0,0,0,0,0,none,0
REV101044,Great desk lamp! My whole family loves it.!!,Amazon Review,desk lamp,positive,2024-10-02,Great desk lamp! My whole family loves it.!!,0.865,0.6562,0.575,0.7815,positive,1,0,0,0,0,0,joy,1
REV101046,This restaurant chain is poorly made and feels cheap. 😡,Facebook Comment,restaurant chain,negative,2024-04-03,This restaurant chain is poorly made and feels cheap.,0.0,0.0,0.65,0.0,neutral,0,0,0,0,0,0,none,0
REV101047,"Terrible office chair, broke after just two days of use. :(",Twitter/X Post,office chair,negative,2024-10-27,"Terrible office chair, broke after just two days of use. :(",-0.8316,-0.875,1.0,-0.849,negative,0,0,0,0,0,0,none,0
REV101052,"The kitchen blender does what it's supposed to do, nothing special.",Amazon Review,kitchen blender,neutral,2024-12-07,"The kitchen blender does what it's supposed to do, nothing special.",-0.3089,0.3571,0.5714,-0.0425,neutral,0,0,0,0,0,0,none,0
REV101053,"Absolutely love this laptop stand, it exceeded all my expectations!",Product Forum,laptop stand,positive,2024-10-08,"Absolutely love this laptop stand, it exceeded all my expectations!",0.6989,0.625,0.6,0.6693,positive,1,0,0,0,0,0,joy,1
REV101054,"I'm so disappointed with this software update, complete waste of money.!!",Product Forum,software update,negative,2024-08-28,"I'm so disappointed with this software update, complete waste of money.!!",-0.7768,-0.3208,0.3833,-0.5944,negative,0,0,1,0,0,0,sadness,1
REV101055,"Just unboxed the electric toothbrush, will update this review later.",Amazon Review,electric toothbrush,neutral,2024-01-29,"Just unboxed the electric toothbrush, will update this review later.",0.0,0.0,0.0,0.0,neutral,0,0,0,0,0,0,none,0
REV101057,"Excellent yoga mat, exactly as described and super reliable.",News Headline,yoga mat,positive,2024-04-18,"Excellent yoga mat, exactly as described and super reliable.",0.8225,0.5278,0.6389,0.7046,positive,1,0,0,0,1,0,joy,2
REV101060,The gaming mouse arrived damaged and customer service ignored me.,Facebook Comment,gaming mouse,negative,2024-09-19,The gaming mouse arrived damaged and customer service ignored me.,-0.6369,0.0,0.0,-0.3821,negative,0,0,0,0,0,0,none,0
REV101061,The kitchen blender is overpriced for such low quality.,News Headline,kitchen blender,negative,2024-08-18,The kitchen blender is overpriced for such low quality.,-0.2732,0.0,0.4,-0.1639,negative,0,0,0,0,0,0,none,0
REV101063,The streaming service is overpriced for such low quality.,Amazon Review,streaming service,negative,2024-01-06,The streaming service is overpriced for such low quality.,-0.2732,0.0,0.4,-0.1639,negative,0,0,0,0,0,0,none,0
REV101064,Comparing the laptop stand to similar products on the market now.,News Headline,laptop stand,neutral,2024-03-27,Comparing the laptop stand to similar products on the market now.,0.0,0.0,0.4,0.0,neutral,0,0,0,0,0,0,none,0
REV101065,The airline stopped working and support was unhelpful.,Twitter/X Post,airline,negative,2024-11-26,The airline stopped working and support was unhelpful.,0.2023,0.0,0.0,0.1214,positive,0,0,0,0,0,0,none,0
REV101066,"Terrible restaurant chain, broke after just two days of use.",Amazon Review,restaurant chain,negative,2024-11-13,"Terrible restaurant chain, broke after just two days of use.",-0.7096,-1.0,1.0,-0.8258,negative,0,0,0,0,0,0,none,0
REV101069,I hate how unreliable this fitness tracker turned out to be.!!,News Headline,fitness tracker,negative,2024-12-20,I hate how unreliable this fitness tracker turned out to be.!!,-0.4421,-1.0,0.9,-0.6653,negative,0,1,0,0,0,0,anger,1
REV101075,Here is my honest review of the wireless headphones after a week of use.,Amazon Review,wireless headphones,neutral,2024-09-21,Here is my honest review of the wireless headphones after a week of use.,0.5106,0.6,0.9,0.5464,positive,0,0,0,0,1,0,trust,1
REV101079,"Disappointing electric toothbrush, definitely returning it.!!",News Headline,electric toothbrush,negative,2024-07-10,"Disappointing electric toothbrush, definitely returning it.!!",-0.2695,-0.3,0.6,-0.2817,negative,0,0,1,0,0,0,sadness,1
REV101087,"Awful experience with the kitchen blender, would not recommend at all.!!",News Headline,kitchen blender,negative,2024-07-26,"Awful experience with the kitchen blender, would not recommend at all.!!",-0.6902,-1.0,1.0,-0.8141,negative,0,0,0,0,1,0,trust,1
REV101089,"Worst delivery service I have ever bought, total regret.!!",Twitter/X Post,delivery service,negative,2024-07-13,"Worst delivery service I have ever bought, total regret.!!",-0.8306,-0.5,0.875,-0.6984,negative,0,0,1,0,0,0,sadness,1
REV101093,"Absolutely love this backpack, it exceeded all my expectations!",Twitter/X Post,backpack,positive,2024-05-05,"Absolutely love this backpack, it exceeded all my expectations!",0.6989,0.625,0.6,0.6693,positive,1,0,0,0,0,0,joy,1
REV101094,"I'm impressed by how well the delivery service performs, truly outstanding.",News Headline,delivery service,positive,2024-04-08,"I'm impressed by how well the delivery service performs, truly outstanding.",0.9022,0.75,0.9375,0.8413,positive,2,0,0,0,0,0,joy,2
REV101095,"This fitness tracker is fantastic, best purchase I've made all year.",Twitter/X Post,fitness tracker,positive,2024-09-07,"This fitness tracker is fantastic, best purchase I've made all year.",0.872,0.7,0.6,0.8032,positive,2,0,0,0,0,0,joy,2
REV101097,"This desk lamp is a game changer, I use it every single day.",Facebook Comment,desk lamp,positive,2024-05-01,"This desk lamp is a game changer, I use it every single day.",0.0,-0.2357,0.3071,-0.0943,negative,0,0,0,0,0,0,none,0
REV101098,This smartphone case caused nothing but problems since day one. :(,Product Forum,smartphone case,negative,2024-04-26,This smartphone case caused nothing but problems since day one. :(,-0.2413,-0.75,1.0,-0.4448,negative,0,0,0,0,0,0,none,0
REV101099,"Worst air purifier I have ever bought, total regret.",News Headline,air purifier,negative,2024-12-27,"Worst air purifier I have ever bought, total regret.",-0.8016,-0.5,0.875,-0.681,negative,0,0,1,0,0,0,sadness,1
REV101100,The electric toothbrush arrived quickly and the build quality is amazing.,Twitter/X Post,electric toothbrush,positive,2024-07-10,The electric toothbrush arrived quickly and the build quality is amazing.,0.5859,0.4667,0.7,0.5382,positive,1,0,0,0,0,0,joy,1
REV101101,"Absolutely love this running shoes, it exceeded all my expectations!",Amazon Review,running shoes,positive,2024-02-17,"Absolutely love this running shoes, it exceeded all my expectations!",0.6989,0.625,0.6,0.6693,positive,1,0,0,0,0,0,joy,1
REV101102,"This delivery service is a game changer, I use it every single day.",Product Forum,delivery service,positive,2024-04-09,"This delivery service is a game changer, I use it every single day.",0.0,-0.2357,0.3071,-0.0943,negative,0,0,0,0,0,0,none,0
REV101103,Comparing the mobile app to similar products on the market now.,Amazon Review,mobile app,neutral,2024-10-02,Comparing the mobile app to similar products on the market now.,0.0,0.0,0.4,0.0,neutral,0,0,0,0,0,0,none,0
REV101104,The air purifier stopped working and support was unhelpful.,Amazon Review,air purifier,negative,2024-03-29,The air purifier stopped working and support was unhelpful.,0.2023,0.0,0.0,0.1214,positive,0,0,0,0,0,0,none,0
REV101106,"Five stars for the fitness tracker, it changed the way I do things. Love it!",Product Forum,fitness tracker,positive,2024-03-31,"Five stars for the fitness tracker, it changed the way I do things. Love it!",0.7644,0.625,0.6,0.7086,positive,1,0,0,0,0,0,joy,1
REV101109,This running shoes caused nothing but problems since day one. Never again.,Facebook Comment,running shoes,negative,2024-03-11,This running shoes caused nothing but problems since day one. Never again.,0.438,0.0,0.0,0.2628,positive,0,0,0,0,0,0,none,0
REV101110,I hate how unreliable this mobile app turned out to be. Never again.,Product Forum,mobile app,negative,2024-12-11,I hate how unreliable this mobile app turned out to be. Never again.,-0.5719,-0.8,0.9,-0.6631,negative,0,1,0,0,0,0,anger,1
REV101112,I hate how unreliable this air purifier turned out to be.,Amazon Review,air purifier,negative,2024-04-27,I hate how unreliable this air purifier turned out to be.,-0.5719,-0.8,0.9,-0.6631,negative,0,1,0,0,0,0,anger,1
REV101115,"The desk lamp does what it's supposed to do, nothing special.",Twitter/X Post,desk lamp,neutral,2024-01-23,"The desk lamp does what it's supposed to do, nothing special.",-0.3089,0.3571,0.5714,-0.0425,neutral,0,0,0,0,0,0,none,0
REV101116,"Received the gaming mouse today, packaging was standard.",Amazon Review,gaming mouse,neutral,2024-12-28,"Received the gaming mouse today, packaging was standard.",0.0,0.0,0.0,0.0,neutral,0,0,0,0,0,0,none,0
REV101127,"The customer support experience does what it's supposed to do, nothing special.",News Headline,customer support experience,neutral,2024-02-13,"The customer support experience does what it's supposed to do, nothing special.",0.1134,0.3571,0.5714,0.2109,positive,0,0,0,0,0,0,none,0
REV101130,This kitchen blender caused nothing but problems since day one.,News Headline,kitchen blender,negative,2024-10-11,This kitchen blender caused nothing but problems since day one.,0.438,0.0,0.0,0.2628,positive,0,0,0,0,0,0,none,0
REV101132,"Terrible software update, broke after just two days of use. 😡",News Headline,software update,negative,2024-12-31,"Terrible software update, broke after just two days of use.",-0.7096,-1.0,1.0,-0.8258,negative,0,0,0,0,0,0,none,0
REV101133,"Terrible airline, broke after just two days of use.",Twitter/X Post,airline,negative,2024-01-26,"Terrible airline, broke after just two days of use.",-0.7096,-1.0,1.0,-0.8258,negative,0,0,0,0,0,0,none,0
REV101135,"The wireless headphones works as expected, average performance overall.",Product Forum,wireless headphones,neutral,2024-04-07,"The wireless headphones works as expected, average performance overall.",0.0,-0.0833,0.2667,-0.0333,neutral,0,0,0,0,0,0,none,0
REV101136,"Disappointing air purifier, definitely returning it. Never again.",News Headline,air purifier,negative,2024-08-15,"Disappointing air purifier, definitely returning it. Never again.",-0.128,-0.3,0.6,-0.1968,negative,0,0,1,0,0,0,sadness,1
REV101137,"I'm impressed by how well the restaurant chain performs, truly outstanding.",Product Forum,restaurant chain,positive,2024-11-21,"I'm impressed by how well the restaurant chain performs, truly outstanding.",0.9022,0.75,0.9375,0.8413,positive,2,0,0,0,0,0,joy,2
REV101138,"I'm so disappointed with this yoga mat, complete waste of money.",Product Forum,yoga mat,negative,2024-06-09,"I'm so disappointed with this yoga mat, complete waste of money.",-0.7346,-0.2833,0.3833,-0.5541,negative,0,0,1,0,0,0,sadness,1
REV101139,"Disappointing air purifier, definitely returning it.",Facebook Comment,air purifier,negative,2024-06-11,"Disappointing air purifier, definitely returning it.",-0.128,-0.3,0.6,-0.1968,negative,0,0,1,0,0,0,sadness,1
REV101148,"This running shoes is a game changer, I use it every single day.!!",News Headline,running shoes,positive,2024-05-18,"This running shoes is a game changer, I use it every single day.!!",0.0,-0.2558,0.3071,-0.1023,negative,0,0,0,0,0,0,none,0
REV101149,The delivery service arrived damaged and customer service ignored me.!!,Product Forum,delivery service,negative,2024-03-19,The delivery service arrived damaged and customer service ignored me.!!,-0.6988,0.0,0.0,-0.4193,negative,0,0,0,0,0,0,none,0
REV101152,"I'm so disappointed with this running shoes, complete waste of money.",Amazon Review,running shoes,negative,2024-10-18,"I'm so disappointed with this running shoes, complete waste of money.",-0.7346,-0.2833,0.3833,-0.5541,negative,0,0,1,0,0,0,sadness,1
REV101153,"Very frustrated with the software update, it never worked as advertised. 😡",News Headline,software update,negative,2024-04-18,"Very frustrated with the software update, it never worked as advertised.",-0.5709,-0.91,0.26,-0.7065,negative,0,1,0,0,0,0,anger,1
REV101154,"I'm so happy with the subscription plan, works perfectly and looks great.!!",Amazon Review,subscription plan,positive,2024-07-19,"I'm so happy with the subscription plan, works perfectly and looks great.!!",0.931,0.9333,0.9167,0.9319,positive,2,0,0,0,0,0,joy,2
REV101157,The office chair arrived quickly and the build quality is amazing. :),Product Forum,office chair,positive,2024-01-26,The office chair arrived quickly and the build quality is amazing. :),0.7783,0.4778,0.8,0.6581,positive,1,0,0,0,0,0,joy,1
REV101158,"Worst water bottle I have ever bought, total regret. 😡",Amazon Review,water bottle,negative,2024-05-15,"Worst water bottle I have ever bought, total regret.",-0.8016,-0.5,0.875,-0.681,negative,0,0,1,0,0,0,sadness,1
REV101161,"Excellent desk lamp, exactly as described and super reliable.!!",Product Forum,desk lamp,positive,2024-06-05,"Excellent desk lamp, exactly as described and super reliable.!!",0.8475,0.5903,0.6389,0.7446,positive,1,0,0,0,1,0,joy,2
REV101165,"Just unboxed the smartphone case, will update this review later.",Amazon Review,smartphone case,neutral,2024-09-02,"Just unboxed the smartphone case, will update this review later.",0.0,0.0,0.0,0.0,neutral,0,0,0,0,0,0,none,0
REV101167,The kitchen blender stopped working and support was unhelpful. Never again.,Twitter/X Post,kitchen blender,negative,2024-10-22,The kitchen blender stopped working and support was unhelpful. Never again.,0.2023,0.0,0.0,0.1214,positive,0,0,0,0,0,0,none,0
REV101169,"This mobile app is a game changer, I use it every single day.",Twitter/X Post,mobile app,positive,2024-10-18,"This mobile app is a game changer, I use it every single day.",0.0,-0.2357,0.3071,-0.0943,negative,0,0,0,0,0,0,none,0
REV101170,"Very frustrated with the gaming mouse, it never worked as advertised.!!",Facebook Comment,gaming mouse,negative,2024-06-17,"Very frustrated with the gaming mouse, it never worked as advertised.!!",-0.6459,-1.0,0.26,-0.7875,negative,0,1,0,0,0,0,anger,1
REV101172,"This laptop stand is a game changer, I use it every single day. 😊",News Headline,laptop stand,positive,2024-02-15,"This laptop stand is a game changer, I use it every single day.",0.0,-0.2357,0.3071,-0.0943,negative,0,0,0,0,0,0,none,0
REV101173,Here is my honest review of the desk lamp after a week of use.,Amazon Review,desk lamp,neutral,2024-12-09,Here is my honest review of the desk lamp after a week of use.,0.5106,0.6,0.9,0.5464,positive,0,0,0,0,1,0,trust,1
REV101174,Highly recommend the wireless headphones to anyone looking for quality.,Facebook Comment,wireless headphones,positive,2024-10-15,Highly recommend the wireless headphones to anyone looking for quality.,0.4201,0.16,0.54,0.3161,positive,0,0,0,0,1,0,trust,1
REV101175,"The desk lamp works as expected, average performance overall.",Twitter/X Post,desk lamp,neutral,2024-10-11,"The desk lamp works as expected, average performance overall.",0.0,-0.0833,0.2667,-0.0333,neutral,0,0,0,0,0,0,none,0
REV101179,Great water bottle! My whole family loves it. Love it!,Twitter/X Post,water bottle,positive,2024-10-25,Great water bottle! My whole family loves it. Love it!,0.9272,0.6083,0.5833,0.7997,positive,2,0,0,0,0,0,joy,2
REV101181,"I'm so happy with the bluetooth speaker, works perfectly and looks great.",Amazon Review,bluetooth speaker,positive,2024-06-01,"I'm so happy with the bluetooth speaker, works perfectly and looks great.",0.923,0.8667,0.9167,0.9005,positive,2,0,0,0,0,0,joy,2
REV101182,The mobile app is overpriced for such low quality.,Product Forum,mobile app,negative,2024-03-25,The mobile app is overpriced for such low quality.,-0.2732,0.0,0.4,-0.1639,negative,0,0,0,0,0,0,none,0
REV101184,The yoga mat stopped working and support was unhelpful.,Twitter/X Post,yoga mat,negative,2024-12-09,The yoga mat stopped working and support was unhelpful.,0.2023,0.0,0.0,0.1214,positive,0,0,0,0,0,0,none,0
REV101186,The air purifier arrived damaged and customer service ignored me.,Facebook Comment,air purifier,negative,2024-06-28,The air purifier arrived damaged and customer service ignored me.,-0.6369,0.0,0.0,-0.3821,negative,0,0,0,0,0,0,none,0
REV101188,The restaurant chain stopped working and support was unhelpful.,Amazon Review,restaurant chain,negative,2024-06-01,The restaurant chain stopped working and support was unhelpful.,0.2023,0.0,0.0,0.1214,positive,0,0,0,0,0,0,none,0
REV101189,What a wonderful subscription plan! Great value for the price. 😊,Facebook Comment,subscription plan,positive,2024-01-17,What a wonderful subscription plan! Great value for the price.,0.8883,0.9,0.875,0.893,positive,2,0,0,0,0,0,joy,2
REV101192,"I'm so disappointed with this yoga mat, complete waste of money. :(",Product Forum,yoga mat,negative,2024-09-23,"I'm so disappointed with this yoga mat, complete waste of money. :(",-0.8439,-0.4,0.5375,-0.6663,negative,0,0,1,0,0,0,sadness,1
REV101194,"Disappointing fitness tracker, definitely returning it. Never again.",Facebook Comment,fitness tracker,negative,2024-12-21,"Disappointing fitness tracker, definitely returning it. Never again.",0.1531,-0.3,0.6,-0.0281,neutral,0,0,1,0,0,0,sadness,1
REV101200,"Five stars for the backpack, it changed the way I do things. Love it!",Amazon Review,backpack,positive,2024-10-24,"Five stars for the backpack, it changed the way I do things. Love it!",0.6696,0.625,0.6,0.6518,positive,1,0,0,0,0,0,joy,1
REV101204,"I bought the coffee maker last week, still testing it out.",Product Forum,coffee maker,neutral,2024-04-15,"I bought the coffee maker last week, still testing it out.",0.0,0.0,0.0667,0.0,neutral,0,0,0,0,0,0,none,0
REV101205,"Very frustrated with the bluetooth speaker, it never worked as advertised.",Twitter/X Post,bluetooth speaker,negative,2024-07-30,"Very frustrated with the bluetooth speaker, it never worked as advertised.",-0.5709,-0.91,0.26,-0.7065,negative,0,1,0,0,0,0,anger,1
REV101211,The smartphone case arrived quickly and the build quality is amazing.,News Headline,smartphone case,positive,2024-02-03,The smartphone case arrived quickly and the build quality is amazing.,0.5859,0.4667,0.7,0.5382,positive,1,0,0,0,0,0,joy,1
REV101216,"The kitchen blender works as expected, average performance overall.",Facebook Comment,kitchen blender,neutral,2024-12-05,"The kitchen blender works as expected, average performance overall.",0.0,-0.0833,0.2667,-0.0333,neutral,0,0,0,0,0,0,none,0
REV101218,What a wonderful desk lamp! Great value for the price.,Twitter/X Post,desk lamp,positive,2024-03-12,What a wonderful desk lamp! Great value for the price.,0.8883,0.9,0.875,0.893,positive,2,0,0,0,0,0,joy,2
REV101219,"The delivery service is okay, not great but not bad either.",Amazon Review,delivery service,neutral,2024-03-12,"The delivery service is okay, not great but not bad either.",0.4728,0.15,0.6389,0.3437,positive,1,0,0,0,0,0,joy,1
REV101220,The restaurant chain is overpriced for such low quality. :(,Product Forum,restaurant chain,negative,2024-05-11,The restaurant chain is overpriced for such low quality. :(,-0.6124,-0.25,0.6,-0.4674,negative,0,0,0,0,0,0,none,0
REV101223,The air purifier arrived quickly and the build quality is amazing.,Facebook Comment,air purifier,positive,2024-02-05,The air purifier arrived quickly and the build quality is amazing.,0.5859,0.4667,0.7,0.5382,positive,1,0,0,0,0,0,joy,1
REV101224,This customer support experience caused nothing but problems since day one.!!,Product Forum,customer support experience,negative,2024-07-31,This customer support experience caused nothing but problems since day one.!!,0.6509,0.0,0.0,0.3905,positive,0,0,0,0,0,0,none,0
REV101226,The airline is overpriced for such low quality.,News Headline,airline,negative,2024-03-16,The airline is overpriced for such low quality.,-0.2732,0.0,0.4,-0.1639,negative,0,0,0,0,0,0,none,0
REV101230,"Terrible office chair, broke after just two days of use.",Facebook Comment,office chair,negative,2024-03-24,"Terrible office chair, broke after just two days of use.",-0.7096,-1.0,1.0,-0.8258,negative,0,0,0,0,0,0,none,0
REV101232,"Worst airline I have ever bought, total regret.",Amazon Review,airline,negative,2024-04-28,"Worst airline I have ever bought, total regret.",-0.8016,-0.5,0.875,-0.681,negative,0,0,1,0,0,0,sadness,1
REV101235,"The bluetooth speaker meets the basic requirements, nothing more.",Facebook Comment,bluetooth speaker,neutral,2024-05-26,"The bluetooth speaker meets the basic requirements, nothing more.",0.0,0.25,0.3125,0.1,positive,0,0,0,0,0,0,none,0
REV101236,Highly recommend the yoga mat to anyone looking for quality.,Amazon Review,yoga mat,positive,2024-01-09,Highly recommend the yoga mat to anyone looking for quality.,0.4201,0.16,0.54,0.3161,positive,0,0,0,0,1,0,trust,1
REV101240,The customer service team was super helpful with my mobile app order.,News Headline,mobile app,positive,2024-12-07,The customer service team was super helpful with my mobile app order.,0.7717,0.3333,0.6667,0.5964,positive,0,0,0,0,0,0,none,0
REV101241,The fitness tracker arrived damaged and customer service ignored me.!!,Product Forum,fitness tracker,negative,2024-05-21,The fitness tracker arrived damaged and customer service ignored me.!!,-0.5696,0.0,0.0,-0.3418,negative,0,0,0,0,0,0,none,0
REV101243,This yoga mat caused nothing but problems since day one.!!,Twitter/X Post,yoga mat,negative,2024-07-08,This yoga mat caused nothing but problems since day one.!!,0.5379,0.0,0.0,0.3227,positive,0,0,0,0,0,0,none,0
REV101244,"Awful experience with the mobile app, would not recommend at all.",Product Forum,mobile app,negative,2024-01-28,"Awful experience with the mobile app, would not recommend at all.",-0.6261,-1.0,1.0,-0.7757,negative,0,0,0,0,1,0,trust,1
REV101246,This subscription plan is poorly made and feels cheap.,Product Forum,subscription plan,negative,2024-05-04,This subscription plan is poorly made and feels cheap.,0.0,0.0,0.65,0.0,neutral,0,0,0,0,0,0,none,0
REV101251,"Worst coffee maker I have ever bought, total regret.",Facebook Comment,coffee maker,negative,2024-04-28,"Worst coffee maker I have ever bought, total regret.",-0.8016,-0.5,0.875,-0.681,negative,0,0,1,0,0,0,sadness,1
REV101257,I hate how unreliable this backpack turned out to be.,Facebook Comment,backpack,negative,2024-03-03,I hate how unreliable this backpack turned out to be.,-0.5719,-0.8,0.9,-0.6631,negative,0,1,0,0,0,0,anger,1
REV101258,Great bluetooth speaker! My whole family loves it.!!,Facebook Comment,bluetooth speaker,positive,2024-06-11,Great bluetooth speaker! My whole family loves it.!!,0.865,0.6562,0.575,0.7815,positive,1,0,0,0,0,0,joy,1
REV101261,"I bought the delivery service last week, still testing it out.",Twitter/X Post,delivery service,neutral,2024-09-23,"I bought the delivery service last week, still testing it out.",0.0,0.0,0.0667,0.0,neutral,0,0,0,0,0,0,none,0
REV101262,Here is my honest review of the customer support experience after a week of use.,Twitter/X Post,customer support experience,neutral,2024-08-06,Here is my honest review of the customer support experience after a week of use.,0.7184,0.6,0.9,0.671,positive,0,0,0,0,1,0,trust,1
REV101264,"Awful experience with the yoga mat, would not recommend at all. :(",News Headline,yoga mat,negative,2024-01-29,"Awful experience with the yoga mat, would not recommend at all. :(",-0.7912,-0.875,1.0,-0.8247,negative,0,0,0,0,1,0,trust,1
REV101268,"Five stars for the coffee maker, it changed the way I do things.",Twitter/X Post,coffee maker,positive,2024-03-27,"Five stars for the coffee maker, it changed the way I do things.",0.0,0.0,0.0,0.0,neutral,0,0,0,0,0,0,none,0
REV101269,"I'm impressed by how well the software update performs, truly outstanding. :)",Amazon Review,software update,positive,2024-01-09,"I'm impressed by how well the software update performs, truly outstanding. :)",0.9337,0.6667,0.9583,0.8269,positive,2,0,0,0,0,0,joy,2
REV101278,"The running shoes works as expected, average performance overall.",Amazon Review,running shoes,neutral,2024-01-08,"The running shoes works as expected, average performance overall.",0.0,-0.0833,0.2667,-0.0333,neutral,0,0,0,0,0,0,none,0
REV101284,Highly recommend the mobile app to anyone looking for quality.,Amazon Review,mobile app,positive,2024-07-12,Highly recommend the mobile app to anyone looking for quality.,0.4201,0.16,0.54,0.3161,positive,0,0,0,0,1,0,trust,1
REV101286,"I'm so happy with the office chair, works perfectly and looks great.",News Headline,office chair,positive,2024-06-01,"I'm so happy with the office chair, works perfectly and looks great.",0.923,0.8667,0.9167,0.9005,positive,2,0,0,0,0,0,joy,2
REV101292,"I bought the gaming mouse last week, still testing it out.",Twitter/X Post,gaming mouse,neutral,2024-05-29,"I bought the gaming mouse last week, still testing it out.",0.0,0.0,0.0667,0.0,neutral,0,0,0,0,0,0,none,0
REV101294,The customer service team was super helpful with my wireless headphones order.!!,Amazon Review,wireless headphones,positive,2024-03-18,The customer service team was super helpful with my wireless headphones order.!!,0.8065,0.5208,0.6667,0.6922,positive,0,0,0,0,0,0,none,0
REV101297,"Excellent software update, exactly as described and super reliable.",News Headline,software update,positive,2024-06-15,"Excellent software update, exactly as described and super reliable.",0.8225,0.5278,0.6389,0.7046,positive,1,0,0,0,1,0,joy,2
REV101298,"I bought the backpack last week, still testing it out.",Product Forum,backpack,neutral,2024-06-26,"I bought the backpack last week, still testing it out.",0.0,0.0,0.0667,0.0,neutral,0,0,0,0,0,0,none,0
REV101308,"Disappointing electric toothbrush, definitely returning it.",Facebook Comment,electric toothbrush,negative,2024-10-22,"Disappointing electric toothbrush, definitely returning it.",-0.128,-0.3,0.6,-0.1968,negative,0,0,1,0,0,0,sadness,1
REV101309,"Disappointing restaurant chain, definitely returning it.!!",Facebook Comment,restaurant chain,negative,2024-11-28,"Disappointing restaurant chain, definitely returning it.!!",-0.2695,-0.3,0.6,-0.2817,negative,0,0,1,0,0,0,sadness,1
REV101312,This running shoes is poorly made and feels cheap.,Twitter/X Post,running shoes,negative,2024-06-23,This running shoes is poorly made and feels cheap.,0.0,0.0,0.65,0.0,neutral,0,0,0,0,0,0,none,0
REV101314,"The coffee maker works as expected, average performance overall.",Amazon Review,coffee maker,neutral,2024-04-04,"The coffee maker works as expected, average performance overall.",0.0,-0.0833,0.2667,-0.0333,neutral,0,0,0,0,0,0,none,0
REV101319,"The gaming mouse works as expected, average performance overall.",Amazon Review,gaming mouse,neutral,2024-08-25,"The gaming mouse works as expected, average performance overall.",0.0,-0.0833,0.2667,-0.0333,neutral,0,0,0,0,0,0,none,0
REV101320,"I'm so disappointed with this desk lamp, complete waste of money.",Facebook Comment,desk lamp,negative,2024-01-29,"I'm so disappointed with this desk lamp, complete waste of money.",-0.7346,-0.2833,0.3833,-0.5541,negative,0,0,1,0,0,0,sadness,1
REV101323,Considering whether to keep the delivery service or exchange it.,Product Forum,delivery service,neutral,2024-11-12,Considering whether to keep the delivery service or exchange it.,0.0,0.0,0.0,0.0,neutral,0,0,0,0,0,0,none,0
REV101324,"I'm impressed by how well the office chair performs, truly outstanding.",Product Forum,office chair,positive,2024-05-18,"I'm impressed by how well the office chair performs, truly outstanding.",0.9022,0.75,0.9375,0.8413,positive,2,0,0,0,0,0,joy,2
REV101325,"Received the wireless headphones today, packaging was standard.",Amazon Review,wireless headphones,neutral,2024-03-12,"Received the wireless headphones today, packaging was standard.",0.0,0.0,0.0,0.0,neutral,0,0,0,0,0,0,none,0
REV101329,"I'm so happy with the fitness tracker, works perfectly and looks great.",Facebook Comment,fitness tracker,positive,2024-09-27,"I'm so happy with the fitness tracker, works perfectly and looks great.",0.9371,0.8667,0.9167,0.9089,positive,2,0,0,0,0,0,joy,2
REV101330,"Very frustrated with the wireless headphones, it never worked as advertised.",Facebook Comment,wireless headphones,negative,2024-04-03,"Very frustrated with the wireless headphones, it never worked as advertised.",-0.5709,-0.91,0.26,-0.7065,negative,0,1,0,0,0,0,anger,1
REV101332,"I'm impressed by how well the gaming mouse performs, truly outstanding.",News Headline,gaming mouse,positive,2024-01-20,"I'm impressed by how well the gaming mouse performs, truly outstanding.",0.9022,0.75,0.9375,0.8413,positive,2,0,0,0,0,0,joy,2
REV101335,Highly recommend the restaurant chain to anyone looking for quality. :),Twitter/X Post,restaurant chain,positive,2024-06-09,Highly recommend the restaurant chain to anyone looking for quality. :),0.6997,0.33,0.77,0.5518,positive,0,0,0,0,1,0,trust,1
REV101337,The subscription plan arrived damaged and customer service ignored me.,News Headline,subscription plan,negative,2024-02-07,The subscription plan arrived damaged and customer service ignored me.,-0.6369,0.0,0.0,-0.3821,negative,0,0,0,0,0,0,none,0
REV101338,"I'm so disappointed with this subscription plan, complete waste of money.",News Headline,subscription plan,negative,2024-10-08,"I'm so disappointed with this subscription plan, complete waste of money.",-0.7346,-0.2833,0.3833,-0.5541,negative,0,0,1,0,0,0,sadness,1
REV101342,"Absolutely love this coffee maker, it exceeded all my expectations! Love it!",Amazon Review,coffee maker,positive,2024-02-22,"Absolutely love this coffee maker, it exceeded all my expectations! Love it!",0.8828,0.625,0.6,0.7797,positive,2,0,0,0,0,0,joy,2
REV101345,"I'm so disappointed with this restaurant chain, complete waste of money. :(",News Headline,restaurant chain,negative,2024-12-19,"I'm so disappointed with this restaurant chain, complete waste of money. :(",-0.8439,-0.4,0.5375,-0.6663,negative,0,0,1,0,0,0,sadness,1
REV101350,The smartphone case stopped working and support was unhelpful.,Facebook Comment,smartphone case,negative,2024-06-04,The smartphone case stopped working and support was unhelpful.,0.2023,0.0,0.0,0.1214,positive,0,0,0,0,0,0,none,0
REV101352,Comparing the running shoes to similar products on the market now.,Amazon Review,running shoes,neutral,2024-05-03,Comparing the running shoes to similar products on the market now.,0.0,0.0,0.4,0.0,neutral,0,0,0,0,0,0,none,0
REV101356,This yoga mat is poorly made and feels cheap.!!,Amazon Review,yoga mat,negative,2024-07-13,This yoga mat is poorly made and feels cheap.!!,0.0,0.1125,0.65,0.045,neutral,0,0,0,0,0,0,none,0
REV101359,"Disappointing water bottle, definitely returning it. :(",Facebook Comment,water bottle,negative,2024-11-05,"Disappointing water bottle, definitely returning it. :(",-0.5267,-0.45,0.7333,-0.496,negative,0,0,1,0,0,0,sadness,1
REV101360,"Five stars for the streaming service, it changed the way I do things.",Amazon Review,streaming service,positive,2024-05-03,"Five stars for the streaming service, it changed the way I do things.",0.0,0.0,0.0,0.0,neutral,0,0,0,0,0,0,none,0
REV101361,The customer support experience arrived quickly and the build quality is amazing. Love it!,Product Forum,customer support experience,positive,2024-05-28,The customer support experience arrived quickly and the build quality is amazing. Love it!,0.8999,0.5194,0.6667,0.7477,positive,2,0,0,0,0,0,joy,2
REV101363,"Absolutely love this wireless headphones, it exceeded all my expectations!",Amazon Review,wireless headphones,positive,2024-05-10,"Absolutely love this wireless headphones, it exceeded all my expectations!",0.6989,0.625,0.6,0.6693,positive,1,0,0,0,0,0,joy,1
REV101364,"This yoga mat is fantastic, best purchase I've made all year.",News Headline,yoga mat,positive,2024-07-03,"This yoga mat is fantastic, best purchase I've made all year.",0.8316,0.7,0.6,0.779,positive,2,0,0,0,0,0,joy,2
REV101365,"Excellent air purifier, exactly as described and super reliable. :)",Amazon Review,air purifier,positive,2024-11-08,"Excellent air purifier, exactly as described and super reliable. :)",0.891,0.5208,0.7292,0.7429,positive,1,0,0,0,1,0,joy,2
REV101367,"This software update is a game changer, I use it every single day.",Amazon Review,software update,positive,2024-04-29,"This software update is a game changer, I use it every single day.",0.0,-0.2357,0.3071,-0.0943,negative,0,0,0,0,0,0,none,0
REV101374,This desk lamp is poorly made and feels cheap.,Product Forum,desk lamp,negative,2024-02-25,This desk lamp is poorly made and feels cheap.,0.0,0.0,0.65,0.0,neutral,0,0,0,0,0,0,none,0
REV101380,This smartphone case caused nothing but problems since day one.,Amazon Review,smartphone case,negative,2024-08-04,This smartphone case caused nothing but problems since day one.,0.438,0.0,0.0,0.2628,positive,0,0,0,0,0,0,none,0
REV101381,This delivery service caused nothing but problems since day one.!!,Twitter/X Post,delivery service,negative,2024-11-02,This delivery service caused nothing but problems since day one.!!,0.5379,0.0,0.0,0.3227,positive,0,0,0,0,0,0,none,0
REV101382,This running shoes caused nothing but problems since day one.,Facebook Comment,running shoes,negative,2024-04-10,This running shoes caused nothing but problems since day one.,0.438,0.0,0.0,0.2628,positive,0,0,0,0,0,0,none,0
REV101383,"Received the streaming service today, packaging was standard.",News Headline,streaming service,neutral,2024-06-02,"Received the streaming service today, packaging was standard.",0.0,0.0,0.0,0.0,neutral,0,0,0,0,0,0,none,0
REV101387,"Disappointing desk lamp, definitely returning it.!!",News Headline,desk lamp,negative,2024-02-13,"Disappointing desk lamp, definitely returning it.!!",-0.2695,-0.3,0.6,-0.2817,negative,0,0,1,0,0,0,sadness,1
REV101390,"I'm so disappointed with this electric toothbrush, complete waste of money.!!",Facebook Comment,electric toothbrush,negative,2024-05-21,"I'm so disappointed with this electric toothbrush, complete waste of money.!!",-0.7768,-0.3208,0.3833,-0.5944,negative,0,0,1,0,0,0,sadness,1
REV101392,The software update arrived quickly and the build quality is amazing.,Product Forum,software update,positive,2024-03-06,The software update arrived quickly and the build quality is amazing.,0.5859,0.4667,0.7,0.5382,positive,1,0,0,0,0,0,joy,1
REV101394,"Absolutely love this wireless headphones, it exceeded all my expectations! :)",Twitter/X Post,wireless headphones,positive,2024-06-24,"Absolutely love this wireless headphones, it exceeded all my expectations! :)",0.831,0.5625,0.8,0.7236,positive,1,0,0,0,0,0,joy,1
REV101396,"Disappointing delivery service, definitely returning it.",Amazon Review,delivery service,negative,2024-01-11,"Disappointing delivery service, definitely returning it.",-0.128,-0.3,0.6,-0.1968,negative,0,0,1,0,0,0,sadness,1
REV101398,Great delivery service! My whole family loves it. :),Amazon Review,delivery service,positive,2024-04-15,Great delivery service! My whole family loves it. :),0.902,0.5667,0.7167,0.7679,positive,1,0,0,0,0,0,joy,1
REV101399,"Awful experience with the airline, would not recommend at all. Never again.",Amazon Review,airline,negative,2024-09-05,"Awful experience with the airline, would not recommend at all. Never again.",-0.6261,-1.0,1.0,-0.7757,negative,0,0,0,0,1,0,trust,1
REV101400,Here is my honest review of the bluetooth speaker after a week of use.,News Headline,bluetooth speaker,neutral,2024-09-10,Here is my honest review of the bluetooth speaker after a week of use.,0.5106,0.6,0.9,0.5464,positive,0,0,0,0,1,0,trust,1
REV101408,"I'm so happy with the gaming mouse, works perfectly and looks great. :)",Facebook Comment,gaming mouse,positive,2024-05-30,"I'm so happy with the gaming mouse, works perfectly and looks great. :)",0.9459,0.775,0.9375,0.8775,positive,2,0,0,0,0,0,joy,2
REV101411,"Five stars for the laptop stand, it changed the way I do things. Love it!",Twitter/X Post,laptop stand,positive,2024-07-19,"Five stars for the laptop stand, it changed the way I do things. Love it!",0.6696,0.625,0.6,0.6518,positive,1,0,0,0,0,0,joy,1
REV101418,"Excellent smartphone case, exactly as described and super reliable. Love it!",Amazon Review,smartphone case,positive,2024-03-18,"Excellent smartphone case, exactly as described and super reliable. Love it!",0.92,0.5521,0.6292,0.7728,positive,2,0,0,0,1,0,joy,3
REV101420,"Absolutely love this airline, it exceeded all my expectations!",Amazon Review,airline,positive,2024-03-27,"Absolutely love this airline, it exceeded all my expectations!",0.6989,0.625,0.6,0.6693,positive,1,0,0,0,0,0,joy,1
REV101429,"Worst restaurant chain I have ever bought, total regret.!!",Product Forum,restaurant chain,negative,2024-06-23,"Worst restaurant chain I have ever bought, total regret.!!",-0.8306,-0.5,0.875,-0.6984,negative,0,0,1,0,0,0,sadness,1
REV101434,"Awful experience with the customer support experience, would not recommend at all. Never again.",Product Forum,customer support experience,negative,2024-08-18,"Awful experience with the customer support experience, would not recommend at all. Never again.",-0.3421,-1.0,1.0,-0.6053,negative,0,0,0,0,1,0,trust,1
REV101436,"Terrible bluetooth speaker, broke after just two days of use. :(",News Headline,bluetooth speaker,negative,2024-12-11,"Terrible bluetooth speaker, broke after just two days of use. :(",-0.8316,-0.875,1.0,-0.849,negative,0,0,0,0,0,0,none,0
REV101439,"Terrible subscription plan, broke after just two days of use.",Amazon Review,subscription plan,negative,2024-08-14,"Terrible subscription plan, broke after just two days of use.",-0.7096,-1.0,1.0,-0.8258,negative,0,0,0,0,0,0,none,0
REV101440,The kitchen blender arrived quickly and the build quality is amazing.,News Headline,kitchen blender,positive,2024-06-30,The kitchen blender arrived quickly and the build quality is amazing.,0.5859,0.4667,0.7,0.5382,positive,1,0,0,0,0,0,joy,1
REV101443,The software update arrived on time and matches the description.,Twitter/X Post,software update,neutral,2024-02-27,The software update arrived on time and matches the description.,0.0,0.0,0.0,0.0,neutral,0,0,0,0,0,0,none,0
REV101449,This yoga mat is poorly made and feels cheap.,Product Forum,yoga mat,negative,2024-03-29,This yoga mat is poorly made and feels cheap.,0.0,0.0,0.65,0.0,neutral,0,0,0,0,0,0,none,0
REV101453,"Excellent mobile app, exactly as described and super reliable.",News Headline,mobile app,positive,2024-08-21,"Excellent mobile app, exactly as described and super reliable.",0.8225,0.5278,0.6389,0.7046,positive,1,0,0,0,1,0,joy,2
REV101459,"This kitchen blender is fantastic, best purchase I've made all year. 😊",Facebook Comment,kitchen blender,positive,2024-01-05,"This kitchen blender is fantastic, best purchase I've made all year.",0.8316,0.7,0.6,0.779,positive,2,0,0,0,0,0,joy,2
REV101460,The running shoes arrived quickly and the build quality is amazing.,Facebook Comment,running shoes,positive,2024-08-12,The running shoes arrived quickly and the build quality is amazing.,0.5859,0.4667,0.7,0.5382,positive,1,0,0,0,0,0,joy,1
REV101461,The airline arrived on time and matches the description.,Facebook Comment,airline,neutral,2024-12-16,The airline arrived on time and matches the description.,0.0,0.0,0.0,0.0,neutral,0,0,0,0,0,0,none,0
REV101463,The delivery service is overpriced for such low quality.,Product Forum,delivery service,negative,2024-08-06,The delivery service is overpriced for such low quality.,-0.2732,0.0,0.4,-0.1639,negative,0,0,0,0,0,0,none,0
REV101468,"Disappointing wireless headphones, definitely returning it. :(",Twitter/X Post,wireless headphones,negative,2024-08-01,"Disappointing wireless headphones, definitely returning it. :(",-0.5267,-0.45,0.7333,-0.496,negative,0,0,1,0,0,0,sadness,1
REV101469,"Awful experience with the restaurant chain, would not recommend at all. Never again.",Facebook Comment,restaurant chain,negative,2024-10-01,"Awful experience with the restaurant chain, would not recommend at all. Never again.",-0.6261,-1.0,1.0,-0.7757,negative,0,0,0,0,1,0,trust,1
REV101470,The office chair arrived damaged and customer service ignored me. :(,News Headline,office chair,negative,2024-01-01,The office chair arrived damaged and customer service ignored me. :(,-0.7964,-0.75,1.0,-0.7778,negative,0,0,0,0,0,0,none,0
REV101471,I hate how unreliable this fitness tracker turned out to be. Never again.,Twitter/X Post,fitness tracker,negative,2024-10-22,I hate how unreliable this fitness tracker turned out to be. Never again.,-0.3237,-0.8,0.9,-0.5142,negative,0,1,0,0,0,0,anger,1
REV101473,Great office chair! My whole family loves it.,Amazon Review,office chair,positive,2024-12-02,Great office chair! My whole family loves it.,0.8439,0.6,0.575,0.7463,positive,1,0,0,0,0,0,joy,1
REV101475,"The smartphone case is okay, not great but not bad either.",News Headline,smartphone case,neutral,2024-01-15,"The smartphone case is okay, not great but not bad either.",0.4728,0.15,0.6389,0.3437,positive,1,0,0,0,0,0,joy,1
REV101479,The smartphone case stopped working and support was unhelpful.!!,Amazon Review,smartphone case,negative,2024-09-01,The smartphone case stopped working and support was unhelpful.!!,0.3365,0.0,0.0,0.2019,positive,0,0,0,0,0,0,none,0
REV101480,The office chair has some pros and cons worth mentioning.,News Headline,office chair,neutral,2024-07-15,The office chair has some pros and cons worth mentioning.,0.2263,0.3,0.1,0.2558,positive,0,0,0,0,0,0,none,0
REV101482,The fitness tracker arrived on time and matches the description.,Amazon Review,fitness tracker,neutral,2024-07-11,The fitness tracker arrived on time and matches the description.,0.2732,0.0,0.0,0.1639,positive,0,0,0,0,0,0,none,0
REV101488,"Terrible kitchen blender, broke after just two days of use.!!",Twitter/X Post,kitchen blender,negative,2024-09-22,"Terrible kitchen blender, broke after just two days of use.!!",-0.7568,-1.0,1.0,-0.8541,negative,0,0,0,0,0,0,none,0
REV101492,What a wonderful running shoes! Great value for the price.,Amazon Review,running shoes,positive,2024-05-13,What a wonderful running shoes! Great value for the price.,0.8883,0.9,0.875,0.893,positive,2,0,0,0,0,0,joy,2
REV101499,This software update is poorly made and feels cheap. 😡,Amazon Review,software update,negative,2024-03-09,This software update is poorly made and feels cheap.,0.0,0.0,0.65,0.0,neutral,0,0,0,0,0,0,none,0
REV101501,This restaurant chain caused nothing but problems since day one.!!,News Headline,restaurant chain,negative,2024-03-27,This restaurant chain caused nothing but problems since day one.!!,0.5379,0.0,0.0,0.3227,positive,0,0,0,0,0,0,none,0
REV101503,Great running shoes! My whole family loves it.,Facebook Comment,running shoes,positive,2024-09-03,Great running shoes! My whole family loves it.,0.8439,0.6,0.575,0.7463,positive,1,0,0,0,0,0,joy,1
REV101507,Highly recommend the running shoes to anyone looking for quality.,News Headline,running shoes,positive,2024-11-22,Highly recommend the running shoes to anyone looking for quality.,0.4201,0.16,0.54,0.3161,positive,0,0,0,0,1,0,trust,1
REV101513,The coffee maker stopped working and support was unhelpful.,Product Forum,coffee maker,negative,2024-04-22,The coffee maker stopped working and support was unhelpful.,0.2023,0.0,0.0,0.1214,positive,0,0,0,0,0,0,none,0
REV101520,"I'm so disappointed with this streaming service, complete waste of money. 😡",Twitter/X Post,streaming service,negative,2024-02-19,"I'm so disappointed with this streaming service, complete waste of money.",-0.7346,-0.2833,0.3833,-0.5541,negative,0,0,1,0,0,0,sadness,1
REV101523,"Absolutely love this software update, it exceeded all my expectations!",Product Forum,software update,positive,2024-01-29,"Absolutely love this software update, it exceeded all my expectations!",0.6989,0.625,0.6,0.6693,positive,1,0,0,0,0,0,joy,1
REV101524,Considering whether to keep the restaurant chain or exchange it.,Amazon Review,restaurant chain,neutral,2024-08-26,Considering whether to keep the restaurant chain or exchange it.,0.0,0.0,0.0,0.0,neutral,0,0,0,0,0,0,none,0
REV101525,"The office chair works as expected, average performance overall.",Product Forum,office chair,neutral,2024-12-04,"The office chair works as expected, average performance overall.",0.0,-0.0833,0.2667,-0.0333,neutral,0,0,0,0,0,0,none,0
REV101526,"I'm impressed by how well the laptop stand performs, truly outstanding.",Facebook Comment,laptop stand,positive,2024-11-16,"I'm impressed by how well the laptop stand performs, truly outstanding.",0.9022,0.75,0.9375,0.8413,positive,2,0,0,0,0,0,joy,2
REV101534,The customer service team was super helpful with my backpack order.,Facebook Comment,backpack,positive,2024-10-06,The customer service team was super helpful with my backpack order.,0.7717,0.3333,0.6667,0.5964,positive,0,0,0,0,0,0,none,0
REV101537,"Awful experience with the delivery service, would not recommend at all. Never again.",Twitter/X Post,delivery service,negative,2024-08-29,"Awful experience with the delivery service, would not recommend at all. Never again.",-0.6261,-1.0,1.0,-0.7757,negative,0,0,0,0,1,0,trust,1
REV101538,"Just unboxed the laptop stand, will update this review later.",Amazon Review,laptop stand,neutral,2024-03-07,"Just unboxed the laptop stand, will update this review later.",0.0,0.0,0.0,0.0,neutral,0,0,0,0,0,0,none,0
REV101540,The coffee maker is overpriced for such low quality. Never again.,Amazon Review,coffee maker,negative,2024-07-06,The coffee maker is overpriced for such low quality. Never again.,-0.2732,0.0,0.4,-0.1639,negative,0,0,0,0,0,0,none,0
REV101546,The water bottle arrived damaged and customer service ignored me.,News Headline,water bottle,negative,2024-05-19,The water bottle arrived damaged and customer service ignored me.,-0.6369,0.0,0.0,-0.3821,negative,0,0,0,0,0,0,none,0
REV101549,"This software update is fantastic, best purchase I've made all year. :)",Twitter/X Post,software update,positive,2024-11-23,"This software update is fantastic, best purchase I've made all year. :)",0.8957,0.6333,0.7333,0.7908,positive,2,0,0,0,0,0,joy,2
REV101550,"I'm so happy with the running shoes, works perfectly and looks great.",Product Forum,running shoes,positive,2024-04-18,"I'm so happy with the running shoes, works perfectly and looks great.",0.923,0.8667,0.9167,0.9005,positive,2,0,0,0,0,0,joy,2
REV101558,"I'm impressed by how well the smartphone case performs, truly outstanding.",Amazon Review,smartphone case,positive,2024-08-22,"I'm impressed by how well the smartphone case performs, truly outstanding.",0.9022,0.75,0.9375,0.8413,positive,2,0,0,0,0,0,joy,2
REV101562,The fitness tracker arrived quickly and the build quality is amazing.,News Headline,fitness tracker,positive,2024-12-14,The fitness tracker arrived quickly and the build quality is amazing.,0.7096,0.4667,0.7,0.6124,positive,1,0,0,0,0,0,joy,1
REV101563,"Five stars for the bluetooth speaker, it changed the way I do things. 😊",Product Forum,bluetooth speaker,positive,2024-03-09,"Five stars for the bluetooth speaker, it changed the way I do things.",0.0,0.0,0.0,0.0,neutral,0,0,0,0,0,0,none,0
REV101564,The subscription plan arrived on time and matches the description.,News Headline,subscription plan,neutral,2024-11-08,The subscription plan arrived on time and matches the description.,0.0,0.0,0.0,0.0,neutral,0,0,0,0,0,0,none,0
REV101567,"Disappointing fitness tracker, definitely returning it.",Product Forum,fitness tracker,negative,2024-10-16,"Disappointing fitness tracker, definitely returning it.",0.1531,-0.3,0.6,-0.0281,neutral,0,0,1,0,0,0,sadness,1
REV101571,"This desk lamp is fantastic, best purchase I've made all year. Love it!",Twitter/X Post,desk lamp,positive,2024-09-24,"This desk lamp is fantastic, best purchase I've made all year. Love it!",0.923,0.675,0.6,0.8238,positive,3,0,0,0,0,0,joy,3
REV101574,"The restaurant chain is okay, not great but not bad either.",Twitter/X Post,restaurant chain,neutral,2024-01-25,"The restaurant chain is okay, not great but not bad either.",0.4728,0.15,0.6389,0.3437,positive,1,0,0,0,0,0,joy,1
REV101581,The customer support experience stopped working and support was unhelpful.,Amazon Review,customer support experience,negative,2024-10-24,The customer support experience stopped working and support was unhelpful.,0.5423,0.0,0.0,0.3254,positive,0,0,0,0,0,0,none,0
REV101582,"I'm so disappointed with this fitness tracker, complete waste of money.",Facebook Comment,fitness tracker,negative,2024-05-30,"I'm so disappointed with this fitness tracker, complete waste of money.",-0.624,-0.2833,0.3833,-0.4877,negative,0,0,1,0,0,0,sadness,1
REV101584,What a wonderful restaurant chain! Great value for the price.!!,News Headline,restaurant chain,positive,2024-12-24,What a wonderful restaurant chain! Great value for the price.!!,0.9017,1.0,0.875,0.941,positive,2,0,0,0,0,0,joy,2
REV101590,The laptop stand arrived quickly and the build quality is amazing. :),Amazon Review,laptop stand,positive,2024-04-18,The laptop stand arrived quickly and the build quality is amazing. :),0.7783,0.4778,0.8,0.6581,positive,1,0,0,0,0,0,joy,1
REV101592,"This bluetooth speaker is a game changer, I use it every single day.",Facebook Comment,bluetooth speaker,positive,2024-04-08,"This bluetooth speaker is a game changer, I use it every single day.",0.0,-0.2357,0.3071,-0.0943,negative,0,0,0,0,0,0,none,0
REV101593,"Worst running shoes I have ever bought, total regret.",News Headline,running shoes,negative,2024-12-11,"Worst running shoes I have ever bought, total regret.",-0.8016,-0.5,0.875,-0.681,negative,0,0,1,0,0,0,sadness,1
REV101595,I hate how unreliable this water bottle turned out to be.,News Headline,water bottle,negative,2024-08-02,I hate how unreliable this water bottle turned out to be.,-0.5719,-0.8,0.9,-0.6631,negative,0,1,0,0,0,0,anger,1
REV101599,"The airline does what it's supposed to do, nothing special.",Facebook Comment,airline,neutral,2024-11-12,"The airline does what it's supposed to do, nothing special.",-0.3089,0.3571,0.5714,-0.0425,neutral,0,0,0,0,0,0,none,0
REV101600,The bluetooth speaker stopped working and support was unhelpful.,Amazon Review,bluetooth speaker,negative,2024-03-04,The bluetooth speaker stopped working and support was unhelpful.,0.2023,0.0,0.0,0.1214,positive,0,0,0,0,0,0,none,0
REV101602,I hate how unreliable this airline turned out to be.!!,Product Forum,airline,negative,2024-02-03,I hate how unreliable this airline turned out to be.!!,-0.6467,-1.0,0.9,-0.788,negative,0,1,0,0,0,0,anger,1
REV101607,"The office chair does what it's supposed to do, nothing special.",Twitter/X Post,office chair,neutral,2024-01-01,"The office chair does what it's supposed to do, nothing special.",-0.3089,0.3571,0.5714,-0.0425,neutral,0,0,0,0,0,0,none,0
REV101609,"Excellent backpack, exactly as described and super reliable.",Twitter/X Post,backpack,positive,2024-08-07,"Excellent backpack, exactly as described and super reliable.",0.8225,0.5278,0.6389,0.7046,positive,1,0,0,0,1,0,joy,2
REV101614,"Very frustrated with the bluetooth speaker, it never worked as advertised.!!",News Headline,bluetooth speaker,negative,2024-07-23,"Very frustrated with the bluetooth speaker, it never worked as advertised.!!",-0.6459,-1.0,0.26,-0.7875,negative,0,1,0,0,0,0,anger,1
REV101616,The software update is overpriced for such low quality.!!,Product Forum,software update,negative,2024-11-12,The software update is overpriced for such low quality.!!,-0.3987,0.0,0.4,-0.2392,negative,0,0,0,0,0,0,none,0
REV101617,"I bought the streaming service last week, still testing it out.",News Headline,streaming service,neutral,2024-04-10,"I bought the streaming service last week, still testing it out.",0.0,0.0,0.0667,0.0,neutral,0,0,0,0,0,0,none,0
REV101618,"I'm so disappointed with this office chair, complete waste of money.!!",Facebook Comment,office chair,negative,2024-05-17,"I'm so disappointed with this office chair, complete waste of money.!!",-0.7768,-0.3208,0.3833,-0.5944,negative,0,0,1,0,0,0,sadness,1
REV101620,"This mobile app is fantastic, best purchase I've made all year. :)",Product Forum,mobile app,positive,2024-08-09,"This mobile app is fantastic, best purchase I've made all year. :)",0.8957,0.6333,0.7333,0.7908,positive,2,0,0,0,0,0,joy,2
REV101621,"I'm impressed by how well the water bottle performs, truly outstanding.!!",Facebook Comment,water bottle,positive,2024-05-27,"I'm impressed by how well the water bottle performs, truly outstanding.!!",0.9133,0.8906,0.9375,0.9042,positive,2,0,0,0,0,0,joy,2
REV101626,The running shoes has some pros and cons worth mentioning.,Amazon Review,running shoes,neutral,2024-09-30,The running shoes has some pros and cons worth mentioning.,0.2263,0.3,0.1,0.2558,positive,0,0,0,0,0,0,none,0
REV101633,"Very frustrated with the water bottle, it never worked as advertised.!!",Facebook Comment,water bottle,negative,2024-08-23,"Very frustrated with the water bottle, it never worked as advertised.!!",-0.6459,-1.0,0.26,-0.7875,negative,0,1,0,0,0,0,anger,1
REV101635,"Very frustrated with the kitchen blender, it never worked as advertised. :(",Facebook Comment,kitchen blender,negative,2024-02-01,"Very frustrated with the kitchen blender, it never worked as advertised. :(",-0.7645,-0.83,0.63,-0.7907,negative,0,1,0,0,0,0,anger,1
REV101637,The airline arrived quickly and the build quality is amazing.,Twitter/X Post,airline,positive,2024-11-06,The airline arrived quickly and the build quality is amazing.,0.5859,0.4667,0.7,0.5382,positive,1,0,0,0,0,0,joy,1
REV101639,"This software update is a game changer, I use it every single day. :)",Product Forum,software update,positive,2024-12-12,"This software update is a game changer, I use it every single day. :)",0.4588,0.0095,0.5381,0.2791,positive,0,0,0,0,0,0,none,0
REV101642,What a wonderful gaming mouse! Great value for the price.,Amazon Review,gaming mouse,positive,2024-12-05,What a wonderful gaming mouse! Great value for the price.,0.8883,0.9,0.875,0.893,positive,2,0,0,0,0,0,joy,2
REV101647,"I bought the laptop stand last week, still testing it out.",Amazon Review,laptop stand,neutral,2024-03-24,"I bought the laptop stand last week, still testing it out.",0.0,0.0,0.0667,0.0,neutral,0,0,0,0,0,0,none,0
REV101652,This fitness tracker is poorly made and feels cheap. Never again.,Facebook Comment,fitness tracker,negative,2024-02-11,This fitness tracker is poorly made and feels cheap. Never again.,0.2732,0.0,0.65,0.1639,positive,0,0,0,0,0,0,none,0
REV101653,"I'm so disappointed with this electric toothbrush, complete waste of money. :(",Amazon Review,electric toothbrush,negative,2024-08-16,"I'm so disappointed with this electric toothbrush, complete waste of money. :(",-0.8439,-0.4,0.5375,-0.6663,negative,0,0,1,0,0,0,sadness,1
REV101657,Highly recommend the restaurant chain to anyone looking for quality.,Facebook Comment,restaurant chain,positive,2024-08-21,Highly recommend the restaurant chain to anyone looking for quality.,0.4201,0.16,0.54,0.3161,positive,0,0,0,0,1,0,trust,1
REV101658,"Awful experience with the office chair, would not recommend at all.",News Headline,office chair,negative,2024-12-22,"Awful experience with the office chair, would not recommend at all.",-0.6261,-1.0,1.0,-0.7757,negative,0,0,0,0,1,0,trust,1
REV101659,"Very frustrated with the desk lamp, it never worked as advertised.!!",News Headline,desk lamp,negative,2024-02-23,"Very frustrated with the desk lamp, it never worked as advertised.!!",-0.6459,-1.0,0.26,-0.7875,negative,0,1,0,0,0,0,anger,1
REV101660,"I'm impressed by how well the kitchen blender performs, truly outstanding.",Product Forum,kitchen blender,positive,2024-03-31,"I'm impressed by how well the kitchen blender performs, truly outstanding.",0.9022,0.75,0.9375,0.8413,positive,2,0,0,0,0,0,joy,2
REV101661,"I'm so disappointed with this gaming mouse, complete waste of money. :(",Amazon Review,gaming mouse,negative,2024-10-27,"I'm so disappointed with this gaming mouse, complete waste of money. :(",-0.8439,-0.4,0.5375,-0.6663,negative,0,0,1,0,0,0,sadness,1
REV101662,Considering whether to keep the smartphone case or exchange it.,News Headline,smartphone case,neutral,2024-12-09,Considering whether to keep the smartphone case or exchange it.,0.0,0.0,0.0,0.0,neutral,0,0,0,0,0,0,none,0
REV101664,"Absolutely love this gaming mouse, it exceeded all my expectations!",Amazon Review,gaming mouse,positive,2024-10-12,"Absolutely love this gaming mouse, it exceeded all my expectations!",0.6989,0.625,0.6,0.6693,positive,1,0,0,0,0,0,joy,1
REV101668,The delivery service arrived on time and matches the description.,Facebook Comment,delivery service,neutral,2024-12-08,The delivery service arrived on time and matches the description.,0.0,0.0,0.0,0.0,neutral,0,0,0,0,0,0,none,0
REV101669,The electric toothbrush is overpriced for such low quality. :(,Facebook Comment,electric toothbrush,negative,2024-06-24,The electric toothbrush is overpriced for such low quality. :(,-0.6124,-0.25,0.6,-0.4674,negative,0,0,0,0,0,0,none,0
REV101671,The fitness tracker arrived damaged and customer service ignored me.,Twitter/X Post,fitness tracker,negative,2024-06-30,The fitness tracker arrived damaged and customer service ignored me.,-0.4767,0.0,0.0,-0.286,negative,0,0,0,0,0,0,none,0
REV101672,I hate how unreliable this gaming mouse turned out to be. :(,Product Forum,gaming mouse,negative,2024-12-24,I hate how unreliable this gaming mouse turned out to be. :(,-0.765,-0.775,0.95,-0.769,negative,0,1,0,0,0,0,anger,1
REV101673,The customer service team was super helpful with my air purifier order. :),News Headline,air purifier,positive,2024-10-08,The customer service team was super helpful with my air purifier order. :),0.8658,0.4167,0.8333,0.6861,positive,0,0,0,0,0,0,none,0
REV101688,The airline is overpriced for such low quality. :(,Twitter/X Post,airline,negative,2024-04-14,The airline is overpriced for such low quality. :(,-0.6124,-0.25,0.6,-0.4674,negative,0,0,0,0,0,0,none,0
REV101690,Comparing the subscription plan to similar products on the market now.,News Headline,subscription plan,neutral,2024-01-29,Comparing the subscription plan to similar products on the market now.,0.0,0.0,0.4,0.0,neutral,0,0,0,0,0,0,none,0
REV101691,"The air purifier does what it's supposed to do, nothing special.",Product Forum,air purifier,neutral,2024-12-07,"The air purifier does what it's supposed to do, nothing special.",-0.3089,0.3571,0.5714,-0.0425,neutral,0,0,0,0,0,0,none,0
REV101696,The office chair stopped working and support was unhelpful.,Twitter/X Post,office chair,negative,2024-01-21,The office chair stopped working and support was unhelpful.,0.2023,0.0,0.0,0.1214,positive,0,0,0,0,0,0,none,0
REV101697,"Excellent streaming service, exactly as described and super reliable. :)",Product Forum,streaming service,positive,2024-07-26,"Excellent streaming service, exactly as described and super reliable. :)",0.891,0.5208,0.7292,0.7429,positive,1,0,0,0,1,0,joy,2
REV101701,"Worst software update I have ever bought, total regret.!!",Facebook Comment,software update,negative,2024-12-22,"Worst software update I have ever bought, total regret.!!",-0.8306,-0.5,0.875,-0.6984,negative,0,0,1,0,0,0,sadness,1
REV101702,The customer service team was super helpful with my mobile app order. Love it!,Amazon Review,mobile app,positive,2024-10-15,The customer service team was super helpful with my mobile app order. Love it!,0.9041,0.4792,0.6333,0.7341,positive,1,0,0,0,0,0,joy,1
REV101706,"I'm so happy with the laptop stand, works perfectly and looks great.",Product Forum,laptop stand,positive,2024-12-17,"I'm so happy with the laptop stand, works perfectly and looks great.",0.923,0.8667,0.9167,0.9005,positive,2,0,0,0,0,0,joy,2
REV101707,The laptop stand arrived damaged and customer service ignored me.,Twitter/X Post,laptop stand,negative,2024-03-10,The laptop stand arrived damaged and customer service ignored me.,-0.6369,0.0,0.0,-0.3821,negative,0,0,0,0,0,0,none,0
REV101710,"Terrible desk lamp, broke after just two days of use.",Amazon Review,desk lamp,negative,2024-08-12,"Terrible desk lamp, broke after just two days of use.",-0.7096,-1.0,1.0,-0.8258,negative,0,0,0,0,0,0,none,0
REV101716,"I'm so happy with the streaming service, works perfectly and looks great. Love it!",Amazon Review,streaming service,positive,2024-06-05,"I'm so happy with the streaming service, works perfectly and looks great. Love it!",0.9571,0.8063,0.8375,0.8968,positive,3,0,0,0,0,0,joy,3
REV101718,The customer service team was super helpful with my restaurant chain order.,Amazon Review,restaurant chain,positive,2024-09-29,The customer service team was super helpful with my restaurant chain order.,0.7717,0.3333,0.6667,0.5964,positive,0,0,0,0,0,0,none,0
REV101722,The air purifier has some pros and cons worth mentioning.,News Headline,air purifier,neutral,2024-11-12,The air purifier has some pros and cons worth mentioning.,0.2263,0.3,0.1,0.2558,positive,0,0,0,0,0,0,none,0
REV101725,"Awful experience with the subscription plan, would not recommend at all.",Facebook Comment,subscription plan,negative,2024-11-08,"Awful experience with the subscription plan, would not recommend at all.",-0.6261,-1.0,1.0,-0.7757,negative,0,0,0,0,1,0,trust,1
REV101726,"Terrible mobile app, broke after just two days of use. Never again.",Facebook Comment,mobile app,negative,2024-10-21,"Terrible mobile app, broke after just two days of use. Never again.",-0.7096,-1.0,1.0,-0.8258,negative,0,0,0,0,0,0,none,0
REV101728,"I'm impressed by how well the smartphone case performs, truly outstanding. Love it!",Product Forum,smartphone case,positive,2024-01-07,"I'm impressed by how well the smartphone case performs, truly outstanding. Love it!",0.9485,0.7083,0.825,0.8524,positive,3,0,0,0,0,0,joy,3
REV101729,This air purifier is poorly made and feels cheap. :(,Twitter/X Post,air purifier,negative,2024-11-28,This air purifier is poorly made and feels cheap. :(,-0.4404,-0.25,0.7667,-0.3642,negative,0,0,0,0,0,0,none,0
REV101733,The office chair arrived on time and matches the description.,Product Forum,office chair,neutral,2024-01-11,The office chair arrived on time and matches the description.,0.0,0.0,0.0,0.0,neutral,0,0,0,0,0,0,none,0
REV101734,"Terrible kitchen blender, broke after just two days of use. 😡",Amazon Review,kitchen blender,negative,2024-01-20,"Terrible kitchen blender, broke after just two days of use.",-0.7096,-1.0,1.0,-0.8258,negative,0,0,0,0,0,0,none,0
REV101735,This backpack is poorly made and feels cheap. Never again.,Product Forum,backpack,negative,2024-11-12,This backpack is poorly made and feels cheap. Never again.,0.0,0.0,0.65,0.0,neutral,0,0,0,0,0,0,none,0
REV101740,This desk lamp caused nothing but problems since day one.,Amazon Review,desk lamp,negative,2024-06-09,This desk lamp caused nothing but problems since day one.,0.438,0.0,0.0,0.2628,positive,0,0,0,0,0,0,none,0
REV101741,The yoga mat stopped working and support was unhelpful.!!,News Headline,yoga mat,negative,2024-05-10,The yoga mat stopped working and support was unhelpful.!!,0.3365,0.0,0.0,0.2019,positive,0,0,0,0,0,0,none,0
REV101745,"This subscription plan is fantastic, best purchase I've made all year. Love it!",Facebook Comment,subscription plan,positive,2024-12-24,"This subscription plan is fantastic, best purchase I've made all year. Love it!",0.923,0.675,0.6,0.8238,positive,3,0,0,0,0,0,joy,3
REV101747,"Disappointing laptop stand, definitely returning it.",Facebook Comment,laptop stand,negative,2024-07-26,"Disappointing laptop stand, definitely returning it.",-0.128,-0.3,0.6,-0.1968,negative,0,0,1,0,0,0,sadness,1
REV101750,The water bottle is overpriced for such low quality.!!,Amazon Review,water bottle,negative,2024-02-07,The water bottle is overpriced for such low quality.!!,-0.3987,0.0,0.4,-0.2392,negative,0,0,0,0,0,0,none,0
REV101751,I hate how unreliable this streaming service turned out to be. :(,Twitter/X Post,streaming service,negative,2024-11-17,I hate how unreliable this streaming service turned out to be. :(,-0.765,-0.775,0.95,-0.769,negative,0,1,0,0,0,0,anger,1
REV101757,"I'm impressed by how well the bluetooth speaker performs, truly outstanding.!!",Product Forum,bluetooth speaker,positive,2024-03-16,"I'm impressed by how well the bluetooth speaker performs, truly outstanding.!!",0.9133,0.8906,0.9375,0.9042,positive,2,0,0,0,0,0,joy,2
REV101764,"Very frustrated with the bluetooth speaker, it never worked as advertised. :(",News Headline,bluetooth speaker,negative,2024-02-02,"Very frustrated with the bluetooth speaker, it never worked as advertised. :(",-0.7645,-0.83,0.63,-0.7907,negative,0,1,0,0,0,0,anger,1
REV101766,Comparing the airline to similar products on the market now.,News Headline,airline,neutral,2024-06-12,Comparing the airline to similar products on the market now.,0.0,0.0,0.4,0.0,neutral,0,0,0,0,0,0,none,0
REV101771,What a wonderful running shoes! Great value for the price. :),Product Forum,running shoes,positive,2024-11-07,What a wonderful running shoes! Great value for the price. :),0.9259,0.7667,0.9167,0.8622,positive,2,0,0,0,0,0,joy,2
REV101775,Great kitchen blender! My whole family loves it. Love it!,Twitter/X Post,kitchen blender,positive,2024-09-12,Great kitchen blender! My whole family loves it. Love it!,0.9272,0.6083,0.5833,0.7997,positive,2,0,0,0,0,0,joy,2
REV101778,"Very frustrated with the streaming service, it never worked as advertised.",Twitter/X Post,streaming service,negative,2024-07-27,"Very frustrated with the streaming service, it never worked as advertised.",-0.5709,-0.91,0.26,-0.7065,negative,0,1,0,0,0,0,anger,1
REV101784,The yoga mat has some pros and cons worth mentioning.,Twitter/X Post,yoga mat,neutral,2024-01-05,The yoga mat has some pros and cons worth mentioning.,0.2263,0.3,0.1,0.2558,positive,0,0,0,0,0,0,none,0
REV101787,"Worst running shoes I have ever bought, total regret.!!",Twitter/X Post,running shoes,negative,2024-02-20,"Worst running shoes I have ever bought, total regret.!!",-0.8306,-0.5,0.875,-0.6984,negative,0,0,1,0,0,0,sadness,1
REV101789,"Very frustrated with the customer support experience, it never worked as advertised. Never again.",Twitter/X Post,customer support experience,negative,2024-01-24,"Very frustrated with the customer support experience, it never worked as advertised. Never again.",-0.2484,-0.91,0.26,-0.513,negative,0,1,0,0,0,0,anger,1
REV101790,"Terrible gaming mouse, broke after just two days of use.",Facebook Comment,gaming mouse,negative,2024-10-18,"Terrible gaming mouse, broke after just two days of use.",-0.7096,-1.0,1.0,-0.8258,negative,0,0,0,0,0,0,none,0
REV101792,This office chair caused nothing but problems since day one.,News Headline,office chair,negative,2024-04-16,This office chair caused nothing but problems since day one.,0.438,0.0,0.0,0.2628,positive,0,0,0,0,0,0,none,0
REV101802,"I'm impressed by how well the fitness tracker performs, truly outstanding. Love it!",Twitter/X Post,fitness tracker,positive,2024-10-01,"I'm impressed by how well the fitness tracker performs, truly outstanding. Love it!",0.9565,0.7083,0.825,0.8572,positive,3,0,0,0,0,0,joy,3
REV101804,The airline stopped working and support was unhelpful. :(,Product Forum,airline,negative,2024-02-17,The airline stopped working and support was unhelpful. :(,-0.2732,-0.75,1.0,-0.4639,negative,0,0,0,0,0,0,none,0
REV101806,"I'm impressed by how well the yoga mat performs, truly outstanding. :)",Amazon Review,yoga mat,positive,2024-10-20,"I'm impressed by how well the yoga mat performs, truly outstanding. :)",0.9337,0.6667,0.9583,0.8269,positive,2,0,0,0,0,0,joy,2
REV101815,Highly recommend the delivery service to anyone looking for quality.,Facebook Comment,delivery service,positive,2024-04-09,Highly recommend the delivery service to anyone looking for quality.,0.4201,0.16,0.54,0.3161,positive,0,0,0,0,1,0,trust,1
REV101822,"I'm so happy with the office chair, works perfectly and looks great. :)",Product Forum,office chair,positive,2024-04-20,"I'm so happy with the office chair, works perfectly and looks great. :)",0.9459,0.775,0.9375,0.8775,positive,2,0,0,0,0,0,joy,2
REV101823,"I'm impressed by how well the running shoes performs, truly outstanding.",Product Forum,running shoes,positive,2024-05-14,"I'm impressed by how well the running shoes performs, truly outstanding.",0.9022,0.75,0.9375,0.8413,positive,2,0,0,0,0,0,joy,2
REV101824,"Five stars for the customer support experience, it changed the way I do things.",News Headline,customer support experience,positive,2024-07-22,"Five stars for the customer support experience, it changed the way I do things.",0.4019,0.0,0.0,0.2411,positive,0,0,0,0,0,0,none,0
REV101829,"Five stars for the air purifier, it changed the way I do things.",Twitter/X Post,air purifier,positive,2024-06-05,"Five stars for the air purifier, it changed the way I do things.",0.0,0.0,0.0,0.0,neutral,0,0,0,0,0,0,none,0
REV101847,The water bottle is overpriced for such low quality.,Facebook Comment,water bottle,negative,2024-07-04,The water bottle is overpriced for such low quality.,-0.2732,0.0,0.4,-0.1639,negative,0,0,0,0,0,0,none,0
REV101850,The customer service team was super helpful with my bluetooth speaker order. :),Facebook Comment,bluetooth speaker,positive,2024-03-01,The customer service team was super helpful with my bluetooth speaker order. :),0.8658,0.4167,0.8333,0.6861,positive,0,0,0,0,0,0,none,0
REV101851,"Terrible yoga mat, broke after just two days of use. :(",News Headline,yoga mat,negative,2024-01-26,"Terrible yoga mat, broke after just two days of use. :(",-0.8316,-0.875,1.0,-0.849,negative,0,0,0,0,0,0,none,0
REV101852,"Very frustrated with the gaming mouse, it never worked as advertised.",News Headline,gaming mouse,negative,2024-08-17,"Very frustrated with the gaming mouse, it never worked as advertised.",-0.5709,-0.91,0.26,-0.7065,negative,0,1,0,0,0,0,anger,1
REV101861,The backpack arrived quickly and the build quality is amazing. Love it!,Facebook Comment,backpack,positive,2024-06-27,The backpack arrived quickly and the build quality is amazing. Love it!,0.8516,0.5194,0.6667,0.7187,positive,2,0,0,0,0,0,joy,2
REV101870,"I'm so disappointed with this air purifier, complete waste of money. :(",News Headline,air purifier,negative,2024-08-03,"I'm so disappointed with this air purifier, complete waste of money. :(",-0.8439,-0.4,0.5375,-0.6663,negative,0,0,1,0,0,0,sadness,1
REV101871,The kitchen blender has some pros and cons worth mentioning.,Facebook Comment,kitchen blender,neutral,2024-08-13,The kitchen blender has some pros and cons worth mentioning.,0.2263,0.3,0.1,0.2558,positive,0,0,0,0,0,0,none,0
REV101879,"Excellent software update, exactly as described and super reliable.!!",Twitter/X Post,software update,positive,2024-05-29,"Excellent software update, exactly as described and super reliable.!!",0.8475,0.5903,0.6389,0.7446,positive,1,0,0,0,1,0,joy,2
REV101880,The wireless headphones stopped working and support was unhelpful.,Facebook Comment,wireless headphones,negative,2024-09-20,The wireless headphones stopped working and support was unhelpful.,0.2023,0.0,0.0,0.1214,positive,0,0,0,0,0,0,none,0
REV101881,This wireless headphones caused nothing but problems since day one.,Facebook Comment,wireless headphones,negative,2024-12-21,This wireless headphones caused nothing but problems since day one.,0.438,0.0,0.0,0.2628,positive,0,0,0,0,0,0,none,0
REV101882,"I'm impressed by how well the delivery service performs, truly outstanding. Love it!",Amazon Review,delivery service,positive,2024-01-17,"I'm impressed by how well the delivery service performs, truly outstanding. Love it!",0.9485,0.7083,0.825,0.8524,positive,3,0,0,0,0,0,joy,3
REV101884,What a wonderful backpack! Great value for the price.,Amazon Review,backpack,positive,2024-01-11,What a wonderful backpack! Great value for the price.,0.8883,0.9,0.875,0.893,positive,2,0,0,0,0,0,joy,2
REV101886,The mobile app stopped working and support was unhelpful.,News Headline,mobile app,negative,2024-12-22,The mobile app stopped working and support was unhelpful.,0.2023,0.0,0.0,0.1214,positive,0,0,0,0,0,0,none,0
REV101901,"Disappointing mobile app, definitely returning it.",Product Forum,mobile app,negative,2024-09-19,"Disappointing mobile app, definitely returning it.",-0.128,-0.3,0.6,-0.1968,negative,0,0,1,0,0,0,sadness,1
REV101903,"Awful experience with the air purifier, would not recommend at all.!!",News Headline,air purifier,negative,2024-05-14,"Awful experience with the air purifier, would not recommend at all.!!",-0.6902,-1.0,1.0,-0.8141,negative,0,0,0,0,1,0,trust,1
REV101904,"I'm so happy with the subscription plan, works perfectly and looks great.",News Headline,subscription plan,positive,2024-11-06,"I'm so happy with the subscription plan, works perfectly and looks great.",0.923,0.8667,0.9167,0.9005,positive,2,0,0,0,0,0,joy,2
REV101908,"Absolutely love this bluetooth speaker, it exceeded all my expectations! Love it!",News Headline,bluetooth speaker,positive,2024-05-30,"Absolutely love this bluetooth speaker, it exceeded all my expectations! Love it!",0.8828,0.625,0.6,0.7797,positive,2,0,0,0,0,0,joy,2
REV101909,Highly recommend the gaming mouse to anyone looking for quality. :),Product Forum,gaming mouse,positive,2024-11-16,Highly recommend the gaming mouse to anyone looking for quality. :),0.6997,0.33,0.77,0.5518,positive,0,0,0,0,1,0,trust,1
REV101919,"Very frustrated with the electric toothbrush, it never worked as advertised.!!",News Headline,electric toothbrush,negative,2024-12-31,"Very frustrated with the electric toothbrush, it never worked as advertised.!!",-0.6459,-1.0,0.26,-0.7875,negative,0,1,0,0,0,0,anger,1
REV101931,"Five stars for the restaurant chain, it changed the way I do things. Love it!",News Headline,restaurant chain,positive,2024-10-10,"Five stars for the restaurant chain, it changed the way I do things. Love it!",0.6696,0.625,0.6,0.6518,positive,1,0,0,0,0,0,joy,1
REV101932,"I'm so disappointed with this air purifier, complete waste of money.",Facebook Comment,air purifier,negative,2024-09-24,"I'm so disappointed with this air purifier, complete waste of money.",-0.7346,-0.2833,0.3833,-0.5541,negative,0,0,1,0,0,0,sadness,1
REV101933,"Received the backpack today, packaging was standard.",Facebook Comment,backpack,neutral,2024-02-01,"Received the backpack today, packaging was standard.",0.0,0.0,0.0,0.0,neutral,0,0,0,0,0,0,none,0
REV101934,"I'm impressed by how well the electric toothbrush performs, truly outstanding. :)",News Headline,electric toothbrush,positive,2024-04-26,"I'm impressed by how well the electric toothbrush performs, truly outstanding. :)",0.9337,0.6667,0.9583,0.8269,positive,2,0,0,0,0,0,joy,2
REV101935,"Awful experience with the smartphone case, would not recommend at all.",Facebook Comment,smartphone case,negative,2024-02-27,"Awful experience with the smartphone case, would not recommend at all.",-0.6261,-1.0,1.0,-0.7757,negative,0,0,0,0,1,0,trust,1
REV101937,"The running shoes meets the basic requirements, nothing more.",Product Forum,running shoes,neutral,2024-05-13,"The running shoes meets the basic requirements, nothing more.",0.0,0.25,0.3125,0.1,positive,0,0,0,0,0,0,none,0
REV101938,This gaming mouse caused nothing but problems since day one.,Product Forum,gaming mouse,negative,2024-09-01,This gaming mouse caused nothing but problems since day one.,0.438,0.0,0.0,0.2628,positive,0,0,0,0,0,0,none,0
REV101940,The smartphone case is overpriced for such low quality. Never again.,Twitter/X Post,smartphone case,negative,2024-11-28,The smartphone case is overpriced for such low quality. Never again.,-0.2732,0.0,0.4,-0.1639,negative,0,0,0,0,0,0,none,0
REV101943,"Absolutely love this laptop stand, it exceeded all my expectations! :)",Amazon Review,laptop stand,positive,2024-12-21,"Absolutely love this laptop stand, it exceeded all my expectations! :)",0.831,0.5625,0.8,0.7236,positive,1,0,0,0,0,0,joy,1
REV101948,"This office chair is fantastic, best purchase I've made all year. :)",Twitter/X Post,office chair,positive,2024-02-15,"This office chair is fantastic, best purchase I've made all year. :)",0.8957,0.6333,0.7333,0.7908,positive,2,0,0,0,0,0,joy,2
REV101957,The customer support experience arrived quickly and the build quality is amazing. :),Twitter/X Post,customer support experience,positive,2024-11-10,The customer support experience arrived quickly and the build quality is amazing. :),0.8591,0.4778,0.8,0.7066,positive,1,0,0,0,0,0,joy,1
REV101959,"Excellent kitchen blender, exactly as described and super reliable.!!",Amazon Review,kitchen blender,positive,2024-10-12,"Excellent kitchen blender, exactly as described and super reliable.!!",0.8475,0.5903,0.6389,0.7446,positive,1,0,0,0,1,0,joy,2
REV101961,Here is my honest review of the airline after a week of use.,Facebook Comment,airline,neutral,2024-03-10,Here is my honest review of the airline after a week of use.,0.5106,0.6,0.9,0.5464,positive,0,0,0,0,1,0,trust,1
REV101970,"Disappointing streaming service, definitely returning it.!!",News Headline,streaming service,negative,2024-09-04,"Disappointing streaming service, definitely returning it.!!",-0.2695,-0.3,0.6,-0.2817,negative,0,0,1,0,0,0,sadness,1
REV101973,Considering whether to keep the streaming service or exchange it.,News Headline,streaming service,neutral,2024-03-27,Considering whether to keep the streaming service or exchange it.,0.0,0.0,0.0,0.0,neutral,0,0,0,0,0,0,none,0
REV101975,The delivery service arrived quickly and the build quality is amazing. :),Product Forum,delivery service,positive,2024-07-04,The delivery service arrived quickly and the build quality is amazing. :),0.7783,0.4778,0.8,0.6581,positive,1,0,0,0,0,0,joy,1
REV101976,"Very frustrated with the delivery service, it never worked as advertised. :(",Twitter/X Post,delivery service,negative,2024-02-10,"Very frustrated with the delivery service, it never worked as advertised. :(",-0.7645,-0.83,0.63,-0.7907,negative,0,1,0,0,0,0,anger,1
REV101979,"Disappointing delivery service, definitely returning it. :(",Amazon Review,delivery service,negative,2024-09-03,"Disappointing delivery service, definitely returning it. :(",-0.5267,-0.45,0.7333,-0.496,negative,0,0,1,0,0,0,sadness,1
REV101983,What a wonderful software update! Great value for the price. :),Facebook Comment,software update,positive,2024-11-07,What a wonderful software update! Great value for the price. :),0.9259,0.7667,0.9167,0.8622,positive,2,0,0,0,0,0,joy,2
REV101985,"The airline works as expected, average performance overall.",Amazon Review,airline,neutral,2024-02-25,"The airline works as expected, average performance overall.",0.0,-0.0833,0.2667,-0.0333,neutral,0,0,0,0,0,0,none,0
REV101992,"I'm so happy with the air purifier, works perfectly and looks great.!!",News Headline,air purifier,positive,2024-11-10,"I'm so happy with the air purifier, works perfectly and looks great.!!",0.931,0.9333,0.9167,0.9319,positive,2,0,0,0,0,0,joy,2
REV101994,"I'm impressed by how well the electric toothbrush performs, truly outstanding.!!",News Headline,electric toothbrush,positive,2024-07-26,"I'm impressed by how well the electric toothbrush performs, truly outstanding.!!",0.9133,0.8906,0.9375,0.9042,positive,2,0,0,0,0,0,joy,2
REV101995,"Very frustrated with the air purifier, it never worked as advertised.",Product Forum,air purifier,negative,2024-11-12,"Very frustrated with the air purifier, it never worked as advertised.",-0.5709,-0.91,0.26,-0.7065,negative,0,1,0,0,0,0,anger,1
REV101996,The delivery service stopped working and support was unhelpful.!!,Facebook Comment,delivery service,negative,2024-09-28,The delivery service stopped working and support was unhelpful.!!,0.3365,0.0,0.0,0.2019,positive,0,0,0,0,0,0,none,0
REV101999,Highly recommend the kitchen blender to anyone looking for quality. :),Facebook Comment,kitchen blender,positive,2024-11-06,Highly recommend the kitchen blender to anyone looking for quality. :),0.6997,0.33,0.77,0.5518,positive,0,0,0,0,1,0,trust,1
REV102000,"Terrible yoga mat, broke after just two days of use. Never again.",Twitter/X Post,yoga mat,negative,2024-08-15,"Terrible yoga mat, broke after just two days of use. Never again.",-0.7096,-1.0,1.0,-0.8258,negative,0,0,0,0,0,0,none,0
REV102007,"I'm so disappointed with this laptop stand, complete waste of money. 😡",Product Forum,laptop stand,negative,2024-04-09,"I'm so disappointed with this laptop stand, complete waste of money.",-0.7346,-0.2833,0.3833,-0.5541,negative,0,0,1,0,0,0,sadness,1
REV102011,"Absolutely love this customer support experience, it exceeded all my expectations!",News Headline,customer support experience,positive,2024-12-27,"Absolutely love this customer support experience, it exceeded all my expectations!",0.8169,0.625,0.6,0.7401,positive,1,0,0,0,0,0,joy,1
REV102015,"Absolutely love this customer support experience, it exceeded all my expectations! Love it!",Amazon Review,customer support experience,positive,2024-07-20,"Absolutely love this customer support experience, it exceeded all my expectations! Love it!",0.9182,0.625,0.6,0.8009,positive,2,0,0,0,0,0,joy,2
REV102017,Great electric toothbrush! My whole family loves it. :),Twitter/X Post,electric toothbrush,positive,2024-04-17,Great electric toothbrush! My whole family loves it. :),0.902,0.5667,0.7167,0.7679,positive,1,0,0,0,0,0,joy,1
REV102023,The yoga mat stopped working and support was unhelpful. :(,News Headline,yoga mat,negative,2024-11-11,The yoga mat stopped working and support was unhelpful. :(,-0.2732,-0.75,1.0,-0.4639,negative,0,0,0,0,0,0,none,0
REV102027,"Excellent yoga mat, exactly as described and super reliable. :)",Twitter/X Post,yoga mat,positive,2024-04-08,"Excellent yoga mat, exactly as described and super reliable. :)",0.891,0.5208,0.7292,0.7429,positive,1,0,0,0,1,0,joy,2
REV102030,This wireless headphones is poorly made and feels cheap.,Twitter/X Post,wireless headphones,negative,2024-01-25,This wireless headphones is poorly made and feels cheap.,0.0,0.0,0.65,0.0,neutral,0,0,0,0,0,0,none,0
REV102035,The coffee maker arrived damaged and customer service ignored me.!!,Twitter/X Post,coffee maker,negative,2024-06-01,The coffee maker arrived damaged and customer service ignored me.!!,-0.6988,0.0,0.0,-0.4193,negative,0,0,0,0,0,0,none,0
REV102046,"This laptop stand is a game changer, I use it every single day.!!",Amazon Review,laptop stand,positive,2024-12-04,"This laptop stand is a game changer, I use it every single day.!!",0.0,-0.2558,0.3071,-0.1023,negative,0,0,0,0,0,0,none,0
REV102049,Highly recommend the kitchen blender to anyone looking for quality.,Amazon Review,kitchen blender,positive,2024-01-10,Highly recommend the kitchen blender to anyone looking for quality.,0.4201,0.16,0.54,0.3161,positive,0,0,0,0,1,0,trust,1
REV102052,"Terrible fitness tracker, broke after just two days of use.",Product Forum,fitness tracker,negative,2024-04-03,"Terrible fitness tracker, broke after just two days of use.",-0.5859,-1.0,1.0,-0.7515,negative,0,0,0,0,0,0,none,0
REV102059,The gaming mouse arrived quickly and the build quality is amazing.,Product Forum,gaming mouse,positive,2024-12-05,The gaming mouse arrived quickly and the build quality is amazing.,0.5859,0.4667,0.7,0.5382,positive,1,0,0,0,0,0,joy,1
REV102065,What a wonderful office chair! Great value for the price.,Facebook Comment,office chair,positive,2024-10-28,What a wonderful office chair! Great value for the price.,0.8883,0.9,0.875,0.893,positive,2,0,0,0,0,0,joy,2
REV102067,"Five stars for the fitness tracker, it changed the way I do things.",Facebook Comment,fitness tracker,positive,2024-11-15,"Five stars for the fitness tracker, it changed the way I do things.",0.2732,0.0,0.0,0.1639,positive,0,0,0,0,0,0,none,0
REV102068,"I bought the electric toothbrush last week, still testing it out.",News Headline,electric toothbrush,neutral,2024-01-31,"I bought the electric toothbrush last week, still testing it out.",0.0,0.0,0.0667,0.0,neutral,0,0,0,0,0,0,none,0
REV102072,"Excellent gaming mouse, exactly as described and super reliable.",News Headline,gaming mouse,positive,2024-06-27,"Excellent gaming mouse, exactly as described and super reliable.",0.8225,0.5278,0.6389,0.7046,positive,1,0,0,0,1,0,joy,2
REV102078,The software update has some pros and cons worth mentioning.,Product Forum,software update,neutral,2024-06-26,The software update has some pros and cons worth mentioning.,0.2263,0.3,0.1,0.2558,positive,0,0,0,0,0,0,none,0
REV102079,The customer service team was super helpful with my smartphone case order.,News Headline,smartphone case,positive,2024-11-10,The customer service team was super helpful with my smartphone case order.,0.7717,0.3333,0.6667,0.5964,positive,0,0,0,0,0,0,none,0
REV102085,"Five stars for the electric toothbrush, it changed the way I do things. Love it!",Facebook Comment,electric toothbrush,positive,2024-09-14,"Five stars for the electric toothbrush, it changed the way I do things. Love it!",0.6696,0.625,0.6,0.6518,positive,1,0,0,0,0,0,joy,1
REV102091,"This software update is fantastic, best purchase I've made all year. Love it!",News Headline,software update,positive,2024-05-30,"This software update is fantastic, best purchase I've made all year. Love it!",0.923,0.675,0.6,0.8238,positive,3,0,0,0,0,0,joy,3
REV102095,The kitchen blender arrived damaged and customer service ignored me. Never again.,Facebook Comment,kitchen blender,negative,2024-12-20,The kitchen blender arrived damaged and customer service ignored me. Never again.,-0.6369,0.0,0.0,-0.3821,negative,0,0,0,0,0,0,none,0
REV102100,The electric toothbrush arrived damaged and customer service ignored me.,News Headline,electric toothbrush,negative,2024-07-23,The electric toothbrush arrived damaged and customer service ignored me.,-0.6369,0.0,0.0,-0.3821,negative,0,0,0,0,0,0,none,0
REV102102,The customer support experience stopped working and support was unhelpful. :(,News Headline,customer support experience,negative,2024-12-21,The customer support experience stopped working and support was unhelpful. :(,0.1531,-0.75,1.0,-0.2081,negative,0,0,0,0,0,0,none,0
REV102104,I hate how unreliable this bluetooth speaker turned out to be.!!,Twitter/X Post,bluetooth speaker,negative,2024-08-06,I hate how unreliable this bluetooth speaker turned out to be.!!,-0.6467,-1.0,0.9,-0.788,negative,0,1,0,0,0,0,anger,1
REV102107,"Terrible bluetooth speaker, broke after just two days of use.",Facebook Comment,bluetooth speaker,negative,2024-01-05,"Terrible bluetooth speaker, broke after just two days of use.",-0.7096,-1.0,1.0,-0.8258,negative,0,0,0,0,0,0,none,0
REV102108,"Worst fitness tracker I have ever bought, total regret.!!",News Headline,fitness tracker,negative,2024-01-16,"Worst fitness tracker I have ever bought, total regret.!!",-0.7702,-0.5,0.875,-0.6621,negative,0,0,1,0,0,0,sadness,1
REV102110,"Five stars for the water bottle, it changed the way I do things. :)",Product Forum,water bottle,positive,2024-01-20,"Five stars for the water bottle, it changed the way I do things. :)",0.4588,0.5,1.0,0.4753,positive,0,0,0,0,0,0,none,0
REV102113,"Terrible delivery service, broke after just two days of use.",Twitter/X Post,delivery service,negative,2024-06-01,"Terrible delivery service, broke after just two days of use.",-0.7096,-1.0,1.0,-0.8258,negative,0,0,0,0,0,0,none,0
REV102115,This air purifier is poorly made and feels cheap. 😡,News Headline,air purifier,negative,2024-05-02,This air purifier is poorly made and feels cheap.,0.0,0.0,0.65,0.0,neutral,0,0,0,0,0,0,none,0
REV102116,"This laptop stand is fantastic, best purchase I've made all year. :)",Facebook Comment,laptop stand,positive,2024-01-24,"This laptop stand is fantastic, best purchase I've made all year. :)",0.8957,0.6333,0.7333,0.7908,positive,2,0,0,0,0,0,joy,2
REV102117,The customer service team was super helpful with my fitness tracker order. :),Facebook Comment,fitness tracker,positive,2024-11-09,The customer service team was super helpful with my fitness tracker order. :),0.8957,0.4167,0.8333,0.7041,positive,0,0,0,0,0,0,none,0
REV102119,"I'm impressed by how well the streaming service performs, truly outstanding.",Product Forum,streaming service,positive,2024-07-08,"I'm impressed by how well the streaming service performs, truly outstanding.",0.9022,0.75,0.9375,0.8413,positive,2,0,0,0,0,0,joy,2
REV102125,This coffee maker is poorly made and feels cheap.,Twitter/X Post,coffee maker,negative,2024-04-06,This coffee maker is poorly made and feels cheap.,0.0,0.0,0.65,0.0,neutral,0,0,0,0,0,0,none,0
REV102127,"I'm so happy with the laptop stand, works perfectly and looks great. :)",Facebook Comment,laptop stand,positive,2024-09-13,"I'm so happy with the laptop stand, works perfectly and looks great. :)",0.9459,0.775,0.9375,0.8775,positive,2,0,0,0,0,0,joy,2
REV102130,"This bluetooth speaker is fantastic, best purchase I've made all year.",Amazon Review,bluetooth speaker,positive,2024-11-23,"This bluetooth speaker is fantastic, best purchase I've made all year.",0.8316,0.7,0.6,0.779,positive,2,0,0,0,0,0,joy,2
REV102136,"This air purifier is a game changer, I use it every single day. Love it!",Facebook Comment,air purifier,positive,2024-02-26,"This air purifier is a game changer, I use it every single day. Love it!",0.6696,0.0512,0.4048,0.4222,positive,1,0,0,0,0,0,joy,1
REV102138,"Five stars for the office chair, it changed the way I do things. :)",Facebook Comment,office chair,positive,2024-06-16,"Five stars for the office chair, it changed the way I do things. :)",0.4588,0.5,1.0,0.4753,positive,0,0,0,0,0,0,none,0
REV102146,The water bottle arrived damaged and customer service ignored me.!!,Amazon Review,water bottle,negative,2024-04-22,The water bottle arrived damaged and customer service ignored me.!!,-0.6988,0.0,0.0,-0.4193,negative,0,0,0,0,0,0,none,0
REV102147,"Disappointing kitchen blender, definitely returning it.!!",Facebook Comment,kitchen blender,negative,2024-01-23,"Disappointing kitchen blender, definitely returning it.!!",-0.2695,-0.3,0.6,-0.2817,negative,0,0,1,0,0,0,sadness,1
REV102148,"This mobile app is fantastic, best purchase I've made all year. Love it!",Amazon Review,mobile app,positive,2024-12-31,"This mobile app is fantastic, best purchase I've made all year. Love it!",0.923,0.675,0.6,0.8238,positive,3,0,0,0,0,0,joy,3
REV102157,The running shoes arrived damaged and customer service ignored me. :(,News Headline,running shoes,negative,2024-06-09,The running shoes arrived damaged and customer service ignored me. :(,-0.7964,-0.75,1.0,-0.7778,negative,0,0,0,0,0,0,none,0
REV102160,"I bought the wireless headphones last week, still testing it out.",Facebook Comment,wireless headphones,neutral,2024-04-11,"I bought the wireless headphones last week, still testing it out.",0.0,0.0,0.0667,0.0,neutral,0,0,0,0,0,0,none,0
REV102161,The restaurant chain arrived quickly and the build quality is amazing. :),Twitter/X Post,restaurant chain,positive,2024-01-23,The restaurant chain arrived quickly and the build quality is amazing. :),0.7783,0.4778,0.8,0.6581,positive,1,0,0,0,0,0,joy,1
REV102162,"The software update does what it's supposed to do, nothing special.",Facebook Comment,software update,neutral,2024-09-07,"The software update does what it's supposed to do, nothing special.",-0.3089,0.3571,0.5714,-0.0425,neutral,0,0,0,0,0,0,none,0
REV102175,This gaming mouse caused nothing but problems since day one. :(,Amazon Review,gaming mouse,negative,2024-02-02,This gaming mouse caused nothing but problems since day one. :(,-0.2413,-0.75,1.0,-0.4448,negative,0,0,0,0,0,0,none,0
REV102177,"Excellent customer support experience, exactly as described and super reliable.!!",Twitter/X Post,customer support experience,positive,2024-05-24,"Excellent customer support experience, exactly as described and super reliable.!!",0.8975,0.5903,0.6389,0.7746,positive,1,0,0,0,1,0,joy,2
REV102184,This backpack is poorly made and feels cheap.,Facebook Comment,backpack,negative,2024-07-01,This backpack is poorly made and feels cheap.,0.0,0.0,0.65,0.0,neutral,0,0,0,0,0,0,none,0
REV102185,This gaming mouse is poorly made and feels cheap.,Product Forum,gaming mouse,negative,2024-07-02,This gaming mouse is poorly made and feels cheap.,0.0,0.0,0.65,0.0,neutral,0,0,0,0,0,0,none,0
REV102195,"Excellent smartphone case, exactly as described and super reliable.!!",News Headline,smartphone case,positive,2024-07-21,"Excellent smartphone case, exactly as described and super reliable.!!",0.8475,0.5903,0.6389,0.7446,positive,1,0,0,0,1,0,joy,2
REV102196,This laptop stand is poorly made and feels cheap.!!,Twitter/X Post,laptop stand,negative,2024-02-28,This laptop stand is poorly made and feels cheap.!!,0.0,0.1125,0.65,0.045,neutral,0,0,0,0,0,0,none,0
REV102197,The restaurant chain has some pros and cons worth mentioning.,Amazon Review,restaurant chain,neutral,2024-10-15,The restaurant chain has some pros and cons worth mentioning.,0.2263,0.3,0.1,0.2558,positive,0,0,0,0,0,0,none,0
REV102201,What a wonderful customer support experience! Great value for the price. Love it!,News Headline,customer support experience,positive,2024-12-11,What a wonderful customer support experience! Great value for the price. Love it!,0.9564,0.8083,0.7833,0.8972,positive,3,0,0,0,0,0,joy,3
REV102202,The desk lamp arrived damaged and customer service ignored me. Never again.,Product Forum,desk lamp,negative,2024-09-14,The desk lamp arrived damaged and customer service ignored me. Never again.,-0.6369,0.0,0.0,-0.3821,negative,0,0,0,0,0,0,none,0
REV102203,The customer service team was super helpful with my delivery service order. :),Product Forum,delivery service,positive,2024-09-04,The customer service team was super helpful with my delivery service order. :),0.8658,0.4167,0.8333,0.6861,positive,0,0,0,0,0,0,none,0
REV102208,What a wonderful running shoes! Great value for the price.!!,News Headline,running shoes,positive,2024-12-25,What a wonderful running shoes! Great value for the price.!!,0.9017,1.0,0.875,0.941,positive,2,0,0,0,0,0,joy,2
REV102210,This desk lamp caused nothing but problems since day one.!!,Amazon Review,desk lamp,negative,2024-03-07,This desk lamp caused nothing but problems since day one.!!,0.5379,0.0,0.0,0.3227,positive,0,0,0,0,0,0,none,0
REV102214,"Terrible airline, broke after just two days of use. Never again.",News Headline,airline,negative,2024-04-09,"Terrible airline, broke after just two days of use. Never again.",-0.7096,-1.0,1.0,-0.8258,negative,0,0,0,0,0,0,none,0
REV102217,The streaming service arrived quickly and the build quality is amazing. :),News Headline,streaming service,positive,2024-07-13,The streaming service arrived quickly and the build quality is amazing. :),0.7783,0.4778,0.8,0.6581,positive,1,0,0,0,0,0,joy,1
REV102221,"I'm impressed by how well the electric toothbrush performs, truly outstanding. Love it!",News Headline,electric toothbrush,positive,2024-03-13,"I'm impressed by how well the electric toothbrush performs, truly outstanding. Love it!",0.9485,0.7083,0.825,0.8524,positive,3,0,0,0,0,0,joy,3
REV102222,The electric toothbrush is overpriced for such low quality.,News Headline,electric toothbrush,negative,2024-10-14,The electric toothbrush is overpriced for such low quality.,-0.2732,0.0,0.4,-0.1639,negative,0,0,0,0,0,0,none,0
REV102225,"This laptop stand is fantastic, best purchase I've made all year.",Product Forum,laptop stand,positive,2024-06-11,"This laptop stand is fantastic, best purchase I've made all year.",0.8316,0.7,0.6,0.779,positive,2,0,0,0,0,0,joy,2
REV102226,This airline caused nothing but problems since day one. :(,Amazon Review,airline,negative,2024-07-20,This airline caused nothing but problems since day one. :(,-0.2413,-0.75,1.0,-0.4448,negative,0,0,0,0,0,0,none,0
REV102228,"Disappointing airline, definitely returning it. :(",Amazon Review,airline,negative,2024-04-22,"Disappointing airline, definitely returning it. :(",-0.5267,-0.45,0.7333,-0.496,negative,0,0,1,0,0,0,sadness,1
REV102230,I hate how unreliable this kitchen blender turned out to be.,News Headline,kitchen blender,negative,2024-05-29,I hate how unreliable this kitchen blender turned out to be.,-0.5719,-0.8,0.9,-0.6631,negative,0,1,0,0,0,0,anger,1
REV102237,This gaming mouse caused nothing but problems since day one. Never again.,Amazon Review,gaming mouse,negative,2024-10-06,This gaming mouse caused nothing but problems since day one. Never again.,0.438,0.0,0.0,0.2628,positive,0,0,0,0,0,0,none,0
REV102238,Great yoga mat! My whole family loves it. 😊,Product Forum,yoga mat,positive,2024-04-16,Great yoga mat! My whole family loves it.,0.8439,0.6,0.575,0.7463,positive,1,0,0,0,0,0,joy,1
REV102241,"This streaming service is a game changer, I use it every single day. Love it!",Facebook Comment,streaming service,positive,2024-07-04,"This streaming service is a game changer, I use it every single day. Love it!",0.6696,0.0512,0.4048,0.4222,positive,1,0,0,0,0,0,joy,1
REV102251,I hate how unreliable this kitchen blender turned out to be.!!,Product Forum,kitchen blender,negative,2024-11-24,I hate how unreliable this kitchen blender turned out to be.!!,-0.6467,-1.0,0.9,-0.788,negative,0,1,0,0,0,0,anger,1
REV102254,The delivery service is overpriced for such low quality.!!,News Headline,delivery service,negative,2024-01-13,The delivery service is overpriced for such low quality.!!,-0.3987,0.0,0.4,-0.2392,negative,0,0,0,0,0,0,none,0
REV102258,"I'm impressed by how well the coffee maker performs, truly outstanding.",Twitter/X Post,coffee maker,positive,2024-07-29,"I'm impressed by how well the coffee maker performs, truly outstanding.",0.9022,0.75,0.9375,0.8413,positive,2,0,0,0,0,0,joy,2
REV102268,"This smartphone case is a game changer, I use it every single day.",Twitter/X Post,smartphone case,positive,2024-03-27,"This smartphone case is a game changer, I use it every single day.",0.0,-0.2357,0.3071,-0.0943,negative,0,0,0,0,0,0,none,0
REV102273,"Awful experience with the electric toothbrush, would not recommend at all.",News Headline,electric toothbrush,negative,2024-06-11,"Awful experience with the electric toothbrush, would not recommend at all.",-0.6261,-1.0,1.0,-0.7757,negative,0,0,0,0,1,0,trust,1
REV102278,The backpack arrived on time and matches the description.,Facebook Comment,backpack,neutral,2024-03-29,The backpack arrived on time and matches the description.,0.0,0.0,0.0,0.0,neutral,0,0,0,0,0,0,none,0
REV102288,"Terrible streaming service, broke after just two days of use.!!",Twitter/X Post,streaming service,negative,2024-08-10,"Terrible streaming service, broke after just two days of use.!!",-0.7568,-1.0,1.0,-0.8541,negative,0,0,0,0,0,0,none,0
REV102302,I hate how unreliable this backpack turned out to be. Never again.,Twitter/X Post,backpack,negative,2024-10-17,I hate how unreliable this backpack turned out to be. Never again.,-0.5719,-0.8,0.9,-0.6631,negative,0,1,0,0,0,0,anger,1
REV102303,Great bluetooth speaker! My whole family loves it. Love it!,Facebook Comment,bluetooth speaker,positive,2024-02-07,Great bluetooth speaker! My whole family loves it. Love it!,0.9272,0.6083,0.5833,0.7997,positive,2,0,0,0,0,0,joy,2
REV102314,"Worst gaming mouse I have ever bought, total regret.",Amazon Review,gaming mouse,negative,2024-10-22,"Worst gaming mouse I have ever bought, total regret.",-0.8016,-0.5,0.875,-0.681,negative,0,0,1,0,0,0,sadness,1
REV102319,"This running shoes is a game changer, I use it every single day. :)",News Headline,running shoes,positive,2024-02-17,"This running shoes is a game changer, I use it every single day. :)",0.4588,0.0095,0.5381,0.2791,positive,0,0,0,0,0,0,none,0
REV102322,Highly recommend the coffee maker to anyone looking for quality.,News Headline,coffee maker,positive,2024-08-05,Highly recommend the coffee maker to anyone looking for quality.,0.4201,0.16,0.54,0.3161,positive,0,0,0,0,1,0,trust,1
REV102323,The gaming mouse has some pros and cons worth mentioning.,News Headline,gaming mouse,neutral,2024-08-08,The gaming mouse has some pros and cons worth mentioning.,0.2263,0.3,0.1,0.2558,positive,0,0,0,0,0,0,none,0
REV102325,"Awful experience with the software update, would not recommend at all. Never again.",Facebook Comment,software update,negative,2024-05-13,"Awful experience with the software update, would not recommend at all. Never again.",-0.6261,-1.0,1.0,-0.7757,negative,0,0,0,0,1,0,trust,1
REV102331,"Awful experience with the bluetooth speaker, would not recommend at all.",Amazon Review,bluetooth speaker,negative,2024-12-03,"Awful experience with the bluetooth speaker, would not recommend at all.",-0.6261,-1.0,1.0,-0.7757,negative,0,0,0,0,1,0,trust,1
REV102332,"I'm so happy with the delivery service, works perfectly and looks great.",News Headline,delivery service,positive,2024-08-01,"I'm so happy with the delivery service, works perfectly and looks great.",0.923,0.8667,0.9167,0.9005,positive,2,0,0,0,0,0,joy,2
REV102336,"I'm impressed by how well the desk lamp performs, truly outstanding. :)",News Headline,desk lamp,positive,2024-06-10,"I'm impressed by how well the desk lamp performs, truly outstanding. :)",0.9337,0.6667,0.9583,0.8269,positive,2,0,0,0,0,0,joy,2
REV102338,Highly recommend the running shoes to anyone looking for quality. :),Product Forum,running shoes,positive,2024-07-05,Highly recommend the running shoes to anyone looking for quality. :),0.6997,0.33,0.77,0.5518,positive,0,0,0,0,1,0,trust,1
REV102344,The wireless headphones arrived quickly and the build quality is amazing.,Amazon Review,wireless headphones,positive,2024-11-28,The wireless headphones arrived quickly and the build quality is amazing.,0.5859,0.4667,0.7,0.5382,positive,1,0,0,0,0,0,joy,1
REV102346,"Absolutely love this delivery service, it exceeded all my expectations!",Product Forum,delivery service,positive,2024-12-25,"Absolutely love this delivery service, it exceeded all my expectations!",0.6989,0.625,0.6,0.6693,positive,1,0,0,0,0,0,joy,1
REV102347,The laptop stand is overpriced for such low quality.,Amazon Review,laptop stand,negative,2024-09-01,The laptop stand is overpriced for such low quality.,-0.2732,0.0,0.4,-0.1639,negative,0,0,0,0,0,0,none,0
REV102355,This kitchen blender caused nothing but problems since day one. :(,Amazon Review,kitchen blender,negative,2024-01-01,This kitchen blender caused nothing but problems since day one. :(,-0.2413,-0.75,1.0,-0.4448,negative,0,0,0,0,0,0,none,0
REV102357,"Awful experience with the backpack, would not recommend at all. Never again.",News Headline,backpack,negative,2024-06-11,"Awful experience with the backpack, would not recommend at all. Never again.",-0.6261,-1.0,1.0,-0.7757,negative,0,0,0,0,1,0,trust,1
REV102362,Considering whether to keep the kitchen blender or exchange it.,Product Forum,kitchen blender,neutral,2024-04-27,Considering whether to keep the kitchen blender or exchange it.,0.0,0.0,0.0,0.0,neutral,0,0,0,0,0,0,none,0
REV102367,"Disappointing gaming mouse, definitely returning it.",News Headline,gaming mouse,negative,2024-03-26,"Disappointing gaming mouse, definitely returning it.",-0.128,-0.3,0.6,-0.1968,negative,0,0,1,0,0,0,sadness,1
REV102372,Comparing the fitness tracker to similar products on the market now.,Product Forum,fitness tracker,neutral,2024-10-24,Comparing the fitness tracker to similar products on the market now.,0.2732,0.0,0.4,0.1639,positive,0,0,0,0,0,0,none,0
REV102374,I hate how unreliable this yoga mat turned out to be.,Product Forum,yoga mat,negative,2024-05-30,I hate how unreliable this yoga mat turned out to be.,-0.5719,-0.8,0.9,-0.6631,negative,0,1,0,0,0,0,anger,1
REV102375,"Disappointing subscription plan, definitely returning it.",Product Forum,subscription plan,negative,2024-12-15,"Disappointing subscription plan, definitely returning it.",-0.128,-0.3,0.6,-0.1968,negative,0,0,1,0,0,0,sadness,1
REV102399,This restaurant chain caused nothing but problems since day one.,Twitter/X Post,restaurant chain,negative,2024-01-19,This restaurant chain caused nothing but problems since day one.,0.438,0.0,0.0,0.2628,positive,0,0,0,0,0,0,none,0
REV102403,"This office chair is a game changer, I use it every single day.",Facebook Comment,office chair,positive,2024-07-19,"This office chair is a game changer, I use it every single day.",0.0,-0.2357,0.3071,-0.0943,negative,0,0,0,0,0,0,none,0
REV102410,"Awful experience with the restaurant chain, would not recommend at all.!!",Product Forum,restaurant chain,negative,2024-06-17,"Awful experience with the restaurant chain, would not recommend at all.!!",-0.6902,-1.0,1.0,-0.8141,negative,0,0,0,0,1,0,trust,1
REV102412,"Worst laptop stand I have ever bought, total regret.!!",Amazon Review,laptop stand,negative,2024-04-09,"Worst laptop stand I have ever bought, total regret.!!",-0.8306,-0.5,0.875,-0.6984,negative,0,0,1,0,0,0,sadness,1
REV102416,The smartphone case is overpriced for such low quality. :(,News Headline,smartphone case,negative,2024-07-16,The smartphone case is overpriced for such low quality. :(,-0.6124,-0.25,0.6,-0.4674,negative,0,0,0,0,0,0,none,0
REV102419,"Excellent laptop stand, exactly as described and super reliable.",News Headline,laptop stand,positive,2024-05-17,"Excellent laptop stand, exactly as described and super reliable.",0.8225,0.5278,0.6389,0.7046,positive,1,0,0,0,1,0,joy,2
REV102422,The customer support experience arrived on time and matches the description.,News Headline,customer support experience,neutral,2024-10-11,The customer support experience arrived on time and matches the description.,0.4019,0.0,0.0,0.2411,positive,0,0,0,0,0,0,none,0
REV102423,The subscription plan is overpriced for such low quality. Never again.,Facebook Comment,subscription plan,negative,2024-05-18,The subscription plan is overpriced for such low quality. Never again.,-0.2732,0.0,0.4,-0.1639,negative,0,0,0,0,0,0,none,0
REV102431,"Terrible streaming service, broke after just two days of use.",Facebook Comment,streaming service,negative,2024-10-16,"Terrible streaming service, broke after just two days of use.",-0.7096,-1.0,1.0,-0.8258,negative,0,0,0,0,0,0,none,0
REV102432,This electric toothbrush caused nothing but problems since day one.,Twitter/X Post,electric toothbrush,negative,2024-05-01,This electric toothbrush caused nothing but problems since day one.,0.438,0.0,0.0,0.2628,positive,0,0,0,0,0,0,none,0
REV102433,The subscription plan arrived quickly and the build quality is amazing.,Facebook Comment,subscription plan,positive,2024-03-14,The subscription plan arrived quickly and the build quality is amazing.,0.5859,0.4667,0.7,0.5382,positive,1,0,0,0,0,0,joy,1
REV102435,Highly recommend the streaming service to anyone looking for quality. Love it!,Amazon Review,streaming service,positive,2024-03-05,Highly recommend the streaming service to anyone looking for quality. Love it!,0.8066,0.3925,0.57,0.641,positive,1,0,0,0,1,0,joy,2
REV102437,The delivery service stopped working and support was unhelpful. :(,Twitter/X Post,delivery service,negative,2024-02-20,The delivery service stopped working and support was unhelpful. :(,-0.2732,-0.75,1.0,-0.4639,negative,0,0,0,0,0,0,none,0
REV102441,Considering whether to keep the wireless headphones or exchange it.,Twitter/X Post,wireless headphones,neutral,2024-03-28,Considering whether to keep the wireless headphones or exchange it.,0.0,0.0,0.0,0.0,neutral,0,0,0,0,0,0,none,0
REV102445,"Awful experience with the desk lamp, would not recommend at all.!!",Twitter/X Post,desk lamp,negative,2024-06-29,"Awful experience with the desk lamp, would not recommend at all.!!",-0.6902,-1.0,1.0,-0.8141,negative,0,0,0,0,1,0,trust,1
REV102448,"The laptop stand meets the basic requirements, nothing more.",News Headline,laptop stand,neutral,2024-05-13,"The laptop stand meets the basic requirements, nothing more.",0.0,0.25,0.3125,0.1,positive,0,0,0,0,0,0,none,0
REV102455,The laptop stand arrived damaged and customer service ignored me.!!,Twitter/X Post,laptop stand,negative,2024-12-18,The laptop stand arrived damaged and customer service ignored me.!!,-0.6988,0.0,0.0,-0.4193,negative,0,0,0,0,0,0,none,0
REV102462,"I'm so happy with the water bottle, works perfectly and looks great.",Twitter/X Post,water bottle,positive,2024-12-04,"I'm so happy with the water bottle, works perfectly and looks great.",0.923,0.8667,0.9167,0.9005,positive,2,0,0,0,0,0,joy,2
REV102465,"The air purifier is okay, not great but not bad either.",Product Forum,air purifier,neutral,2024-10-21,"The air purifier is okay, not great but not bad either.",0.4728,0.15,0.6389,0.3437,positive,1,0,0,0,0,0,joy,1
REV102472,The desk lamp has some pros and cons worth mentioning.,Facebook Comment,desk lamp,neutral,2024-11-27,The desk lamp has some pros and cons worth mentioning.,0.2263,0.3,0.1,0.2558,positive,0,0,0,0,0,0,none,0
REV102474,The wireless headphones arrived quickly and the build quality is amazing. :),Amazon Review,wireless headphones,positive,2024-12-23,The wireless headphones arrived quickly and the build quality is amazing. :),0.7783,0.4778,0.8,0.6581,positive,1,0,0,0,0,0,joy,1
REV102475,The coffee maker stopped working and support was unhelpful. :(,Facebook Comment,coffee maker,negative,2024-09-03,The coffee maker stopped working and support was unhelpful. :(,-0.2732,-0.75,1.0,-0.4639,negative,0,0,0,0,0,0,none,0
REV102484,"I'm so happy with the restaurant chain, works perfectly and looks great.",Facebook Comment,restaurant chain,positive,2024-03-18,"I'm so happy with the restaurant chain, works perfectly and looks great.",0.923,0.8667,0.9167,0.9005,positive,2,0,0,0,0,0,joy,2
REV102490,"Five stars for the software update, it changed the way I do things.!!",Facebook Comment,software update,positive,2024-01-15,"Five stars for the software update, it changed the way I do things.!!",0.0,0.0,0.0,0.0,neutral,0,0,0,0,0,0,none,0
REV102491,"I'm impressed by how well the airline performs, truly outstanding. Love it!",Amazon Review,airline,positive,2024-09-16,"I'm impressed by how well the airline performs, truly outstanding. Love it!",0.9485,0.7083,0.825,0.8524,positive,3,0,0,0,0,0,joy,3
REV102492,"Awful experience with the gaming mouse, would not recommend at all.",Facebook Comment,gaming mouse,negative,2024-09-09,"Awful experience with the gaming mouse, would not recommend at all.",-0.6261,-1.0,1.0,-0.7757,negative,0,0,0,0,1,0,trust,1
REV102501,"Excellent bluetooth speaker, exactly as described and super reliable.",News Headline,bluetooth speaker,positive,2024-07-13,"Excellent bluetooth speaker, exactly as described and super reliable.",0.8225,0.5278,0.6389,0.7046,positive,1,0,0,0,1,0,joy,2
REV102507,I hate how unreliable this software update turned out to be. Never again.,Facebook Comment,software update,negative,2024-09-16,I hate how unreliable this software update turned out to be. Never again.,-0.5719,-0.8,0.9,-0.6631,negative,0,1,0,0,0,0,anger,1
REV102512,The subscription plan stopped working and support was unhelpful.!!,Product Forum,subscription plan,negative,2024-01-26,The subscription plan stopped working and support was unhelpful.!!,0.3365,0.0,0.0,0.2019,positive,0,0,0,0,0,0,none,0
REV102518,What a wonderful airline! Great value for the price.,Amazon Review,airline,positive,2024-11-24,What a wonderful airline! Great value for the price.,0.8883,0.9,0.875,0.893,positive,2,0,0,0,0,0,joy,2
REV102522,"Worst airline I have ever bought, total regret.!!",Facebook Comment,airline,negative,2024-10-19,"Worst airline I have ever bought, total regret.!!",-0.8306,-0.5,0.875,-0.6984,negative,0,0,1,0,0,0,sadness,1
REV102525,The desk lamp arrived damaged and customer service ignored me.!!,Facebook Comment,desk lamp,negative,2024-07-09,The desk lamp arrived damaged and customer service ignored me.!!,-0.6988,0.0,0.0,-0.4193,negative,0,0,0,0,0,0,none,0
REV102531,"Awful experience with the gaming mouse, would not recommend at all.!!",News Headline,gaming mouse,negative,2024-03-25,"Awful experience with the gaming mouse, would not recommend at all.!!",-0.6902,-1.0,1.0,-0.8141,negative,0,0,0,0,1,0,trust,1
REV102538,"Very frustrated with the fitness tracker, it never worked as advertised.",Amazon Review,fitness tracker,negative,2024-07-15,"Very frustrated with the fitness tracker, it never worked as advertised.",-0.3804,-0.91,0.26,-0.5922,negative,0,1,0,0,0,0,anger,1
REV102544,The software update is overpriced for such low quality. :(,News Headline,software update,negative,2024-05-28,The software update is overpriced for such low quality. :(,-0.6124,-0.25,0.6,-0.4674,negative,0,0,0,0,0,0,none,0
REV102545,The wireless headphones arrived on time and matches the description.,Product Forum,wireless headphones,neutral,2024-06-19,The wireless headphones arrived on time and matches the description.,0.0,0.0,0.0,0.0,neutral,0,0,0,0,0,0,none,0
REV102554,The customer support experience arrived damaged and customer service ignored me.!!,Amazon Review,customer support experience,negative,2024-06-22,The customer support experience arrived damaged and customer service ignored me.!!,-0.4738,0.0,0.0,-0.2843,negative,0,0,0,0,0,0,none,0
REV102556,What a wonderful coffee maker! Great value for the price. Love it!,Amazon Review,coffee maker,positive,2024-10-17,What a wonderful coffee maker! Great value for the price. Love it!,0.9431,0.8083,0.7833,0.8892,positive,3,0,0,0,0,0,joy,3
REV102557,The software update stopped working and support was unhelpful.!!,Product Forum,software update,negative,2024-11-22,The software update stopped working and support was unhelpful.!!,0.3365,0.0,0.0,0.2019,positive,0,0,0,0,0,0,none,0
REV102562,I hate how unreliable this desk lamp turned out to be.!!,Facebook Comment,desk lamp,negative,2024-04-20,I hate how unreliable this desk lamp turned out to be.!!,-0.6467,-1.0,0.9,-0.788,negative,0,1,0,0,0,0,anger,1
REV102569,"Terrible desk lamp, broke after just two days of use. :(",Facebook Comment,desk lamp,negative,2024-10-13,"Terrible desk lamp, broke after just two days of use. :(",-0.8316,-0.875,1.0,-0.849,negative,0,0,0,0,0,0,none,0
REV102572,"This restaurant chain is fantastic, best purchase I've made all year.",News Headline,restaurant chain,positive,2024-04-12,"This restaurant chain is fantastic, best purchase I've made all year.",0.8316,0.7,0.6,0.779,positive,2,0,0,0,0,0,joy,2
REV102578,This streaming service caused nothing but problems since day one. :(,News Headline,streaming service,negative,2024-10-23,This streaming service caused nothing but problems since day one. :(,-0.2413,-0.75,1.0,-0.4448,negative,0,0,0,0,0,0,none,0
REV102585,The customer service team was super helpful with my office chair order.,Product Forum,office chair,positive,2024-04-11,The customer service team was super helpful with my office chair order.,0.7717,0.3333,0.6667,0.5964,positive,0,0,0,0,0,0,none,0
REV102589,This wireless headphones is poorly made and feels cheap. Never again.,Facebook Comment,wireless headphones,negative,2024-04-28,This wireless headphones is poorly made and feels cheap. Never again.,0.0,0.0,0.65,0.0,neutral,0,0,0,0,0,0,none,0
REV102593,"I'm impressed by how well the backpack performs, truly outstanding. Love it!",Twitter/X Post,backpack,positive,2024-11-23,"I'm impressed by how well the backpack performs, truly outstanding. Love it!",0.9485,0.7083,0.825,0.8524,positive,3,0,0,0,0,0,joy,3
REV102596,The water bottle arrived damaged and customer service ignored me. :(,News Headline,water bottle,negative,2024-03-20,The water bottle arrived damaged and customer service ignored me. :(,-0.7964,-0.75,1.0,-0.7778,negative,0,0,0,0,0,0,none,0
REV102603,"This office chair is a game changer, I use it every single day.!!",News Headline,office chair,positive,2024-08-08,"This office chair is a game changer, I use it every single day.!!",0.0,-0.2558,0.3071,-0.1023,negative,0,0,0,0,0,0,none,0
REV102609,"The water bottle meets the basic requirements, nothing more.",Amazon Review,water bottle,neutral,2024-02-11,"The water bottle meets the basic requirements, nothing more.",0.0,0.25,0.3125,0.1,positive,0,0,0,0,0,0,none,0
REV102615,The desk lamp stopped working and support was unhelpful. :(,Product Forum,desk lamp,negative,2024-12-25,The desk lamp stopped working and support was unhelpful. :(,-0.2732,-0.75,1.0,-0.4639,negative,0,0,0,0,0,0,none,0
REV102619,"This customer support experience is fantastic, best purchase I've made all year.!!",News Headline,customer support experience,positive,2024-06-21,"This customer support experience is fantastic, best purchase I've made all year.!!",0.9018,0.7,0.6,0.8211,positive,2,0,0,0,0,0,joy,2
REV102621,The backpack stopped working and support was unhelpful. :(,Twitter/X Post,backpack,negative,2024-10-11,The backpack stopped working and support was unhelpful. :(,-0.2732,-0.75,1.0,-0.4639,negative,0,0,0,0,0,0,none,0
REV102628,"Very frustrated with the subscription plan, it never worked as advertised. :(",Product Forum,subscription plan,negative,2024-10-29,"Very frustrated with the subscription plan, it never worked as advertised. :(",-0.7645,-0.83,0.63,-0.7907,negative,0,1,0,0,0,0,anger,1
REV102631,I hate how unreliable this mobile app turned out to be.,News Headline,mobile app,negative,2024-09-19,I hate how unreliable this mobile app turned out to be.,-0.5719,-0.8,0.9,-0.6631,negative,0,1,0,0,0,0,anger,1
REV102638,"Worst fitness tracker I have ever bought, total regret. Never again.",Twitter/X Post,fitness tracker,negative,2024-09-05,"Worst fitness tracker I have ever bought, total regret. Never again.",-0.7264,-0.5,0.875,-0.6358,negative,0,0,1,0,0,0,sadness,1
REV102652,The yoga mat stopped working and support was unhelpful. Never again.,News Headline,yoga mat,negative,2024-06-27,The yoga mat stopped working and support was unhelpful. Never again.,0.2023,0.0,0.0,0.1214,positive,0,0,0,0,0,0,none,0
REV102653,This wireless headphones caused nothing but problems since day one.!!,News Headline,wireless headphones,negative,2024-11-16,This wireless headphones caused nothing but problems since day one.!!,0.5379,0.0,0.0,0.3227,positive,0,0,0,0,0,0,none,0
REV102655,"I'm so disappointed with this airline, complete waste of money. Never again.",Twitter/X Post,airline,negative,2024-07-31,"I'm so disappointed with this airline, complete waste of money. Never again.",-0.7346,-0.2833,0.3833,-0.5541,negative,0,0,1,0,0,0,sadness,1
REV102657,"Awful experience with the office chair, would not recommend at all. Never again.",News Headline,office chair,negative,2024-01-04,"Awful experience with the office chair, would not recommend at all. Never again.",-0.6261,-1.0,1.0,-0.7757,negative,0,0,0,0,1,0,trust,1
REV102659,This mobile app is poorly made and feels cheap.,Facebook Comment,mobile app,negative,2024-12-04,This mobile app is poorly made and feels cheap.,0.0,0.0,0.65,0.0,neutral,0,0,0,0,0,0,none,0
REV102677,The customer service team was super helpful with my electric toothbrush order. :),Facebook Comment,electric toothbrush,positive,2024-10-25,The customer service team was super helpful with my electric toothbrush order. :),0.8658,0.4167,0.8333,0.6861,positive,0,0,0,0,0,0,none,0
REV102679,"Awful experience with the restaurant chain, would not recommend at all. 😡",Twitter/X Post,restaurant chain,negative,2024-04-24,"Awful experience with the restaurant chain, would not recommend at all.",-0.6261,-1.0,1.0,-0.7757,negative,0,0,0,0,1,0,trust,1
REV102683,"Awful experience with the airline, would not recommend at all. :(",Product Forum,airline,negative,2024-03-30,"Awful experience with the airline, would not recommend at all. :(",-0.7912,-0.875,1.0,-0.8247,negative,0,0,0,0,1,0,trust,1
REV102685,The subscription plan arrived damaged and customer service ignored me.!!,News Headline,subscription plan,negative,2024-10-25,The subscription plan arrived damaged and customer service ignored me.!!,-0.6988,0.0,0.0,-0.4193,negative,0,0,0,0,0,0,none,0
REV102686,"This subscription plan is a game changer, I use it every single day. Love it!",News Headline,subscription plan,positive,2024-03-26,"This subscription plan is a game changer, I use it every single day. Love it!",0.6696,0.0512,0.4048,0.4222,positive,1,0,0,0,0,0,joy,1
REV102693,This delivery service caused nothing but problems since day one.,Facebook Comment,delivery service,negative,2024-10-17,This delivery service caused nothing but problems since day one.,0.438,0.0,0.0,0.2628,positive,0,0,0,0,0,0,none,0
REV102696,The streaming service stopped working and support was unhelpful.,News Headline,streaming service,negative,2024-06-28,The streaming service stopped working and support was unhelpful.,0.2023,0.0,0.0,0.1214,positive,0,0,0,0,0,0,none,0
REV102701,"This yoga mat is fantastic, best purchase I've made all year.!!",Amazon Review,yoga mat,positive,2024-10-18,"This yoga mat is fantastic, best purchase I've made all year.!!",0.855,0.7,0.6,0.793,positive,2,0,0,0,0,0,joy,2
REV102704,"The airline is okay, not great but not bad either.",Product Forum,airline,neutral,2024-09-06,"The airline is okay, not great but not bad either.",0.4728,0.15,0.6389,0.3437,positive,1,0,0,0,0,0,joy,1
REV102705,The fitness tracker is overpriced for such low quality.,News Headline,fitness tracker,negative,2024-12-28,The fitness tracker is overpriced for such low quality.,0.0,0.0,0.4,0.0,neutral,0,0,0,0,0,0,none,0
REV102711,"Very frustrated with the coffee maker, it never worked as advertised.",Amazon Review,coffee maker,negative,2024-12-19,"Very frustrated with the coffee maker, it never worked as advertised.",-0.5709,-0.91,0.26,-0.7065,negative,0,1,0,0,0,0,anger,1
REV102716,"This water bottle is a game changer, I use it every single day.!!",News Headline,water bottle,positive,2024-11-10,"This water bottle is a game changer, I use it every single day.!!",0.0,-0.2558,0.3071,-0.1023,negative,0,0,0,0,0,0,none,0
REV102717,"Awful experience with the bluetooth speaker, would not recommend at all. :(",News Headline,bluetooth speaker,negative,2024-05-17,"Awful experience with the bluetooth speaker, would not recommend at all. :(",-0.7912,-0.875,1.0,-0.8247,negative,0,0,0,0,1,0,trust,1
REV102720,I hate how unreliable this backpack turned out to be.!!,Amazon Review,backpack,negative,2024-10-18,I hate how unreliable this backpack turned out to be.!!,-0.6467,-1.0,0.9,-0.788,negative,0,1,0,0,0,0,anger,1
REV102722,The customer service team was super helpful with my electric toothbrush order. Love it!,Twitter/X Post,electric toothbrush,positive,2024-08-28,The customer service team was super helpful with my electric toothbrush order. Love it!,0.9041,0.4792,0.6333,0.7341,positive,1,0,0,0,0,0,joy,1
REV102727,Comparing the office chair to similar products on the market now.,News Headline,office chair,neutral,2024-07-03,Comparing the office chair to similar products on the market now.,0.0,0.0,0.4,0.0,neutral,0,0,0,0,0,0,none,0
REV102729,"Worst mobile app I have ever bought, total regret.",News Headline,mobile app,negative,2024-09-08,"Worst mobile app I have ever bought, total regret.",-0.8016,-0.5,0.875,-0.681,negative,0,0,1,0,0,0,sadness,1
REV102730,The customer service team was super helpful with my air purifier order.,Facebook Comment,air purifier,positive,2024-05-18,The customer service team was super helpful with my air purifier order.,0.7717,0.3333,0.6667,0.5964,positive,0,0,0,0,0,0,none,0
REV102735,"Absolutely love this yoga mat, it exceeded all my expectations! :)",News Headline,yoga mat,positive,2024-08-21,"Absolutely love this yoga mat, it exceeded all my expectations! :)",0.831,0.5625,0.8,0.7236,positive,1,0,0,0,0,0,joy,1
REV102736,What a wonderful laptop stand! Great value for the price. Love it!,Product Forum,laptop stand,positive,2024-04-27,What a wonderful laptop stand! Great value for the price. Love it!,0.9431,0.8083,0.7833,0.8892,positive,3,0,0,0,0,0,joy,3
REV102738,"Worst water bottle I have ever bought, total regret. Never again.",Twitter/X Post,water bottle,negative,2024-02-12,"Worst water bottle I have ever bought, total regret. Never again.",-0.8016,-0.5,0.875,-0.681,negative,0,0,1,0,0,0,sadness,1
REV102745,This laptop stand caused nothing but problems since day one.,Product Forum,laptop stand,negative,2024-05-28,This laptop stand caused nothing but problems since day one.,0.438,0.0,0.0,0.2628,positive,0,0,0,0,0,0,none,0
REV102746,The customer service team was super helpful with my running shoes order. Love it!,Facebook Comment,running shoes,positive,2024-12-22,The customer service team was super helpful with my running shoes order. Love it!,0.9041,0.4792,0.6333,0.7341,positive,1,0,0,0,0,0,joy,1
REV102753,This kitchen blender is poorly made and feels cheap. Never again.,Facebook Comment,kitchen blender,negative,2024-03-26,This kitchen blender is poorly made and feels cheap. Never again.,0.0,0.0,0.65,0.0,neutral,0,0,0,0,0,0,none,0
REV102758,This streaming service is poorly made and feels cheap. Never again.,Facebook Comment,streaming service,negative,2024-10-04,This streaming service is poorly made and feels cheap. Never again.,0.0,0.0,0.65,0.0,neutral,0,0,0,0,0,0,none,0
REV102760,"Five stars for the laptop stand, it changed the way I do things.!!",Product Forum,laptop stand,positive,2024-05-13,"Five stars for the laptop stand, it changed the way I do things.!!",0.0,0.0,0.0,0.0,neutral,0,0,0,0,0,0,none,0
REV102765,"Awful experience with the airline, would not recommend at all. 😡",News Headline,airline,negative,2024-06-09,"Awful experience with the airline, would not recommend at all.",-0.6261,-1.0,1.0,-0.7757,negative,0,0,0,0,1,0,trust,1
REV102769,Highly recommend the kitchen blender to anyone looking for quality.!!,Facebook Comment,kitchen blender,positive,2024-09-16,Highly recommend the kitchen blender to anyone looking for quality.!!,0.5231,0.25,0.54,0.4139,positive,0,0,0,0,1,0,trust,1
REV102771,"This laptop stand is a game changer, I use it every single day. Love it!",Twitter/X Post,laptop stand,positive,2024-07-27,"This laptop stand is a game changer, I use it every single day. Love it!",0.6696,0.0512,0.4048,0.4222,positive,1,0,0,0,0,0,joy,1
REV102776,The customer service team was super helpful with my laptop stand order.!!,Amazon Review,laptop stand,positive,2024-02-03,The customer service team was super helpful with my laptop stand order.!!,0.8065,0.5208,0.6667,0.6922,positive,0,0,0,0,0,0,none,0
REV102781,Great customer support experience! My whole family loves it. :),News Headline,customer support experience,positive,2024-05-29,Great customer support experience! My whole family loves it. :),0.9299,0.5667,0.7167,0.7846,positive,1,0,0,0,0,0,joy,1
REV102785,"Disappointing airline, definitely returning it.!!",Amazon Review,airline,negative,2024-02-16,"Disappointing airline, definitely returning it.!!",-0.2695,-0.3,0.6,-0.2817,negative,0,0,1,0,0,0,sadness,1
REV102788,"Worst office chair I have ever bought, total regret. Never again.",Product Forum,office chair,negative,2024-01-09,"Worst office chair I have ever bought, total regret. Never again.",-0.8016,-0.5,0.875,-0.681,negative,0,0,1,0,0,0,sadness,1
REV102798,"The restaurant chain does what it's supposed to do, nothing special.",Twitter/X Post,restaurant chain,neutral,2024-09-04,"The restaurant chain does what it's supposed to do, nothing special.",-0.3089,0.3571,0.5714,-0.0425,neutral,0,0,0,0,0,0,none,0
REV102805,I hate how unreliable this wireless headphones turned out to be. Never again.,Twitter/X Post,wireless headphones,negative,2024-05-15,I hate how unreliable this wireless headphones turned out to be. Never again.,-0.5719,-0.8,0.9,-0.6631,negative,0,1,0,0,0,0,anger,1
REV102812,"Very frustrated with the kitchen blender, it never worked as advertised.",Twitter/X Post,kitchen blender,negative,2024-05-12,"Very frustrated with the kitchen blender, it never worked as advertised.",-0.5709,-0.91,0.26,-0.7065,negative,0,1,0,0,0,0,anger,1
REV102816,The air purifier stopped working and support was unhelpful. :(,Facebook Comment,air purifier,negative,2024-10-11,The air purifier stopped working and support was unhelpful. :(,-0.2732,-0.75,1.0,-0.4639,negative,0,0,0,0,0,0,none,0
REV102823,"The coffee maker is okay, not great but not bad either.",Twitter/X Post,coffee maker,neutral,2024-03-12,"The coffee maker is okay, not great but not bad either.",0.4728,0.15,0.6389,0.3437,positive,1,0,0,0,0,0,joy,1
REV102826,"Disappointing running shoes, definitely returning it. Never again.",Product Forum,running shoes,negative,2024-10-29,"Disappointing running shoes, definitely returning it. Never again.",-0.128,-0.3,0.6,-0.1968,negative,0,0,1,0,0,0,sadness,1
REV102829,The kitchen blender is overpriced for such low quality. Never again.,Facebook Comment,kitchen blender,negative,2024-10-21,The kitchen blender is overpriced for such low quality. Never again.,-0.2732,0.0,0.4,-0.1639,negative,0,0,0,0,0,0,none,0
REV102832,This water bottle is poorly made and feels cheap.!!,Amazon Review,water bottle,negative,2024-10-13,This water bottle is poorly made and feels cheap.!!,0.0,0.1125,0.65,0.045,neutral,0,0,0,0,0,0,none,0
REV102838,The air purifier arrived damaged and customer service ignored me.!!,Amazon Review,air purifier,negative,2024-08-23,The air purifier arrived damaged and customer service ignored me.!!,-0.6988,0.0,0.0,-0.4193,negative,0,0,0,0,0,0,none,0
REV102844,This subscription plan caused nothing but problems since day one.,Twitter/X Post,subscription plan,negative,2024-08-11,This subscription plan caused nothing but problems since day one.,0.438,0.0,0.0,0.2628,positive,0,0,0,0,0,0,none,0
REV102848,"Disappointing customer support experience, definitely returning it. Never again.",Amazon Review,customer support experience,negative,2024-12-14,"Disappointing customer support experience, definitely returning it. Never again.",0.296,-0.3,0.6,0.0576,positive,0,0,1,0,0,0,sadness,1
REV102853,"Absolutely love this water bottle, it exceeded all my expectations!!!",Amazon Review,water bottle,positive,2024-07-25,"Absolutely love this water bottle, it exceeded all my expectations!!!",0.7483,0.9766,0.6,0.8396,positive,1,0,0,0,0,0,joy,1
REV102855,"Absolutely love this wireless headphones, it exceeded all my expectations! Love it!",News Headline,wireless headphones,positive,2024-11-09,"Absolutely love this wireless headphones, it exceeded all my expectations! Love it!",0.8828,0.625,0.6,0.7797,positive,2,0,0,0,0,0,joy,2
REV102859,"This coffee maker is a game changer, I use it every single day. :)",Facebook Comment,coffee maker,positive,2024-01-23,"This coffee maker is a game changer, I use it every single day. :)",0.4588,0.0095,0.5381,0.2791,positive,0,0,0,0,0,0,none,0
REV102867,"Excellent restaurant chain, exactly as described and super reliable.",Facebook Comment,restaurant chain,positive,2024-02-05,"Excellent restaurant chain, exactly as described and super reliable.",0.8225,0.5278,0.6389,0.7046,positive,1,0,0,0,1,0,joy,2
REV102870,"Terrible software update, broke after just two days of use. Never again.",Amazon Review,software update,negative,2024-11-13,"Terrible software update, broke after just two days of use. Never again.",-0.7096,-1.0,1.0,-0.8258,negative,0,0,0,0,0,0,none,0
REV102874,Great gaming mouse! My whole family loves it.,Amazon Review,gaming mouse,positive,2024-08-21,Great gaming mouse! My whole family loves it.,0.8439,0.6,0.575,0.7463,positive,1,0,0,0,0,0,joy,1
REV102891,"Disappointing restaurant chain, definitely returning it.",Facebook Comment,restaurant chain,negative,2024-01-21,"Disappointing restaurant chain, definitely returning it.",-0.128,-0.3,0.6,-0.1968,negative,0,0,1,0,0,0,sadness,1
REV102893,"Excellent kitchen blender, exactly as described and super reliable.",Twitter/X Post,kitchen blender,positive,2024-09-30,"Excellent kitchen blender, exactly as described and super reliable.",0.8225,0.5278,0.6389,0.7046,positive,1,0,0,0,1,0,joy,2
REV102895,"This fitness tracker is a game changer, I use it every single day. Love it!",Twitter/X Post,fitness tracker,positive,2024-02-08,"This fitness tracker is a game changer, I use it every single day. Love it!",0.7644,0.0512,0.4048,0.4791,positive,1,0,0,0,0,0,joy,1
REV102900,The coffee maker arrived quickly and the build quality is amazing.,Product Forum,coffee maker,positive,2024-09-27,The coffee maker arrived quickly and the build quality is amazing.,0.5859,0.4667,0.7,0.5382,positive,1,0,0,0,0,0,joy,1
REV102913,This gaming mouse is poorly made and feels cheap.!!,Product Forum,gaming mouse,negative,2024-06-13,This gaming mouse is poorly made and feels cheap.!!,0.0,0.1125,0.65,0.045,neutral,0,0,0,0,0,0,none,0
REV102918,"Excellent desk lamp, exactly as described and super reliable.",Facebook Comment,desk lamp,positive,2024-04-03,"Excellent desk lamp, exactly as described and super reliable.",0.8225,0.5278,0.6389,0.7046,positive,1,0,0,0,1,0,joy,2
REV102921,"Very frustrated with the electric toothbrush, it never worked as advertised.",News Headline,electric toothbrush,negative,2024-09-19,"Very frustrated with the electric toothbrush, it never worked as advertised.",-0.5709,-0.91,0.26,-0.7065,negative,0,1,0,0,0,0,anger,1
REV102923,This mobile app is poorly made and feels cheap. :(,Facebook Comment,mobile app,negative,2024-12-02,This mobile app is poorly made and feels cheap. :(,-0.4404,-0.25,0.7667,-0.3642,negative,0,0,0,0,0,0,none,0
REV102926,"Worst backpack I have ever bought, total regret. Never again.",News Headline,backpack,negative,2024-09-24,"Worst backpack I have ever bought, total regret. Never again.",-0.8016,-0.5,0.875,-0.681,negative,0,0,1,0,0,0,sadness,1
REV102928,The restaurant chain arrived damaged and customer service ignored me.,News Headline,restaurant chain,negative,2024-09-25,The restaurant chain arrived damaged and customer service ignored me.,-0.6369,0.0,0.0,-0.3821,negative,0,0,0,0,0,0,none,0
REV102936,"This kitchen blender is a game changer, I use it every single day. :)",Product Forum,kitchen blender,positive,2024-02-20,"This kitchen blender is a game changer, I use it every single day. :)",0.4588,0.0095,0.5381,0.2791,positive,0,0,0,0,0,0,none,0
REV102958,"Absolutely love this office chair, it exceeded all my expectations! Love it!",Product Forum,office chair,positive,2024-07-21,"Absolutely love this office chair, it exceeded all my expectations! Love it!",0.8828,0.625,0.6,0.7797,positive,2,0,0,0,0,0,joy,2
REV102962,"I'm so happy with the software update, works perfectly and looks great.",Amazon Review,software update,positive,2024-04-24,"I'm so happy with the software update, works perfectly and looks great.",0.923,0.8667,0.9167,0.9005,positive,2,0,0,0,0,0,joy,2
REV102966,What a wonderful streaming service! Great value for the price.,Product Forum,streaming service,positive,2024-03-27,What a wonderful streaming service! Great value for the price.,0.8883,0.9,0.875,0.893,positive,2,0,0,0,0,0,joy,2
REV102999,The customer service team was super helpful with my kitchen blender order. Love it!,News Headline,kitchen blender,positive,2024-09-12,The customer service team was super helpful with my kitchen blender order. Love it!,0.9041,0.4792,0.6333,0.7341,positive,1,0,0,0,0,0,joy,1
REV103007,"This smartphone case is a game changer, I use it every single day. :)",Facebook Comment,smartphone case,positive,2024-03-31,"This smartphone case is a game changer, I use it every single day. :)",0.4588,0.0095,0.5381,0.2791,positive,0,0,0,0,0,0,none,0
